SEQN,LBXSATSI,LBXSASSI,LBXSGTSI,LBXSAL,LBXSCR,LBXSBU,LBDSATLC,LBDSGTLC,RIDAGEYR,RIAGENDR,WTMEC2YR,SDMVSTRA,SDMVPSU,SexLabel,AgeBand
93705,16.0,20.0,21.0,4.4,0.92,11.0,0,0,66,2,8338.419786183256,145,2,Female,60-79
93708,19.0,21.0,22.0,3.9,0.58,16.0,0,0,66,2,14372.488764622429,138,2,Female,60-79
93709,15.0,17.0,31.0,3.7,1.32,20.0,0,0,75,2,12277.55666175854,136,1,Female,60-79
93711,20.0,23.0,19.0,4.0,1.13,14.0,0,0,56,1,12390.919724445339,134,2,Male,40-59
93713,18.0,18.0,26.0,4.3,1.13,22.0,0,0,67,1,166841.66068113202,140,1,Male,60-79
93714,22.0,16.0,85.0,3.4,0.45,11.0,0,0,54,2,15479.581198025919,147,1,Female,40-59
93715,12.0,15.0,14.0,4.2,0.94,16.0,0,0,71,1,9250.904672245675,139,2,Male,60-79
93716,27.0,20.0,27.0,4.1,1.13,18.0,0,0,61,1,11581.233540009765,143,1,Male,60-79
93717,13.0,17.0,16.0,4.3,0.81,14.0,0,0,22,1,60117.93606927737,145,1,Male,20-39
93718,13.0,17.0,18.0,4.2,0.86,14.0,0,0,45,1,19647.25054249482,144,1,Male,40-59
93721,53.0,36.0,38.0,4.1,0.67,16.0,0,0,60,2,8589.051334950927,136,2,Female,60-79
93722,19.0,28.0,16.0,4.1,0.84,17.0,0,0,60,2,126309.82327561924,139,1,Female,60-79
93723,17.0,20.0,12.0,4.2,1.03,21.0,0,0,64,1,229129.236930365,140,1,Male,60-79
93726,41.0,42.0,22.0,3.8,0.58,20.0,0,0,67,2,5435.070517630158,148,2,Female,60-79
93727,,,,,,,,,70,1,22181.212857530514,138,2,Male,60-79
93728,12.0,16.0,261.0,3.5,1.09,16.0,0,0,53,1,31532.90450868017,148,1,Male,40-59
93729,14.0,16.0,12.0,3.8,0.93,14.0,0,0,42,1,12103.883353651736,137,1,Male,40-59
93730,29.0,24.0,35.0,4.4,0.65,19.0,0,0,57,1,28532.938080278447,138,1,Male,40-59
93731,22.0,14.0,19.0,4.5,0.88,12.0,0,0,20,1,28081.133872204224,141,2,Male,20-39
93732,,,,,,,,,72,1,12439.30105377186,141,2,Male,60-79
93735,9.0,11.0,13.0,3.8,11.46,76.0,0,0,52,1,10706.381559611453,148,1,Male,40-59
93738,23.0,26.0,29.0,4.3,1.03,19.0,0,0,26,1,59094.099399497674,134,1,Male,20-39
93740,,,,,,,,,72,1,7721.816727164309,144,2,Male,60-79
93742,14.0,15.0,26.0,3.4,1.35,14.0,0,0,72,1,14084.026311368785,146,2,Male,60-79
93743,23.0,25.0,32.0,4.3,1.05,16.0,0,0,61,1,110345.67814209893,141,2,Male,60-79
93746,13.0,16.0,12.0,3.9,0.68,12.0,0,0,25,2,28801.635899811212,144,1,Female,20-39
93752,9.0,14.0,10.0,4.4,0.69,8.0,0,0,73,2,54611.198635327826,147,1,Female,60-79
93754,25.0,25.0,35.0,3.9,1.03,16.0,0,0,72,1,36811.17653474189,138,2,Male,60-79
93755,14.0,14.0,16.0,4.1,0.81,12.0,0,0,26,2,33269.927368906916,139,1,Female,20-39
93756,13.0,21.0,12.0,3.6,0.95,19.0,0,0,64,2,6735.524014646291,148,2,Female,60-79
93757,68.0,46.0,60.0,4.2,0.99,14.0,0,0,63,1,99269.95780053953,142,1,Male,60-79
93758,14.0,23.0,21.0,3.9,0.93,16.0,0,0,55,2,23938.5088723769,139,2,Female,40-59
93759,14.0,16.0,15.0,3.6,0.77,14.0,0,0,60,1,212848.25129073783,134,2,Male,60-79
93760,20.0,21.0,24.0,4.1,0.56,14.0,0,0,54,2,23665.855430563726,147,2,Female,40-59
93761,41.0,16.0,42.0,4.2,0.77,19.0,0,0,44,1,19910.093202470365,145,2,Male,40-59
93762,21.0,22.0,22.0,4.3,0.87,12.0,0,0,74,2,26249.5863550351,137,1,Female,60-79
93763,13.0,22.0,18.0,4.4,1.09,16.0,0,0,40,1,100887.85935104142,141,1,Male,40-59
93766,10.0,12.0,16.0,3.7,0.66,10.0,0,0,36,2,18420.189905726824,142,2,Female,20-39
93767,24.0,17.0,21.0,4.0,0.77,11.0,0,0,61,1,25687.533474461143,137,1,Male,60-79
93768,14.0,19.0,16.0,4.1,1.34,26.0,0,0,80,1,20661.281949264157,139,2,Male,80+
93770,17.0,20.0,38.0,4.5,0.91,13.0,0,0,55,1,16779.084072005575,138,1,Male,40-59
93772,25.0,41.0,61.0,3.4,1.31,60.0,0,0,55,2,20200.60932648113,141,1,Female,40-59
93773,22.0,21.0,35.0,4.2,0.96,6.0,0,0,69,1,22749.071545318686,141,2,Male,60-79
93774,14.0,19.0,14.0,4.1,0.6,12.0,0,0,41,2,230877.99548945326,136,1,Female,40-59
93775,14.0,14.0,21.0,3.6,0.8,18.0,0,0,47,2,13332.11835409252,137,1,Female,40-59
93776,20.0,20.0,69.0,4.1,0.81,12.0,0,0,32,2,21739.54543635427,144,1,Female,20-39
93777,,,,,,,,,72,2,13874.872260507538,144,1,Female,60-79
93780,26.0,22.0,22.0,4.2,0.75,13.0,0,0,46,2,43102.56240770637,141,1,Female,40-59
93781,30.0,29.0,32.0,4.6,0.8,13.0,0,0,32,1,28591.32996641948,141,2,Male,20-39
93782,17.0,16.0,30.0,4.4,0.63,7.0,0,0,25,2,36032.552468097325,143,1,Female,20-39
93783,10.0,13.0,11.0,4.0,0.72,6.0,0,0,21,2,59166.3008903357,141,2,Female,20-39
93785,16.0,20.0,17.0,3.7,0.75,19.0,0,0,80,2,55860.33703054365,135,2,Female,80+
93788,17.0,14.0,25.0,4.0,0.99,38.0,0,0,66,2,149491.3775883858,140,1,Female,60-79
93789,15.0,21.0,22.0,4.1,1.01,19.0,0,0,34,2,269609.43379549,145,2,Female,20-39
93791,52.0,28.0,46.0,4.3,0.76,11.0,0,0,20,1,23976.310876639396,137,1,Male,20-39
93792,,,,,,,,,31,2,34146.69449427869,137,1,Female,20-39
93794,21.0,24.0,53.0,4.0,0.82,17.0,0,0,62,2,13092.270804527063,148,2,Female,60-79
93795,54.0,49.0,122.0,3.9,0.91,14.0,0,0,64,1,4579.581001766944,147,1,Male,60-79
93796,14.0,24.0,26.0,4.6,1.12,18.0,0,0,71,1,17184.24513861364,146,1,Male,60-79
93797,23.0,25.0,14.0,4.4,0.73,12.0,0,0,52,2,122796.67510682909,142,1,Female,40-59
93798,17.0,19.0,28.0,4.2,0.67,13.0,0,0,61,2,26414.918121659925,145,1,Female,60-79
93799,,,,,,,,,41,1,46502.33454381539,143,1,Male,40-59
93800,21.0,26.0,23.0,3.6,0.66,13.0,0,0,80,2,30055.19866166218,134,1,Female,80+
93801,19.0,22.0,22.0,3.7,1.0,19.0,0,0,59,1,41266.91877164101,134,1,Male,40-59
93805,22.0,21.0,14.0,4.2,0.7,22.0,0,0,64,2,47363.432538843816,145,1,Female,60-79
93806,36.0,26.0,62.0,4.3,0.72,19.0,0,0,44,1,13210.561280767768,143,1,Male,40-59
93811,9.0,21.0,26.0,4.1,0.84,11.0,0,0,24,1,24977.787807565906,136,1,Male,20-39
93812,31.0,23.0,29.0,4.0,0.96,23.0,0,0,67,1,276495.95535397617,147,2,Male,60-79
93813,10.0,13.0,15.0,3.6,0.61,7.0,0,0,42,2,23420.867711321574,136,2,Female,40-59
93814,8.0,14.0,10.0,3.9,0.75,10.0,0,0,41,2,27756.33097152111,134,2,Female,40-59
93815,15.0,15.0,21.0,4.2,0.8,12.0,0,0,32,2,10948.205344066033,145,2,Female,20-39
93816,,,,,,,,,80,2,15983.149491272174,134,1,Female,80+
93817,24.0,22.0,19.0,4.5,0.82,11.0,0,0,55,1,12353.303243292441,137,1,Male,40-59
93819,17.0,24.0,23.0,3.9,0.75,10.0,0,0,63,2,21208.65336876004,141,1,Female,60-79
93823,40.0,31.0,28.0,4.7,0.71,13.0,0,0,58,2,20436.01784534262,140,1,Female,40-59
93824,13.0,16.0,9.0,4.3,0.66,20.0,0,0,52,2,44809.69613850223,146,2,Female,40-59
93825,14.0,16.0,10.0,4.0,1.0,20.0,0,0,74,1,7992.562065739216,139,2,Male,60-79
93827,20.0,20.0,28.0,4.1,0.51,12.0,0,0,68,2,15873.316395764889,148,1,Female,60-79
93829,10.0,14.0,23.0,3.4,0.81,9.0,0,0,38,2,52561.2638436962,142,2,Female,20-39
93830,16.0,16.0,278.0,3.5,6.34,24.0,0,0,67,1,5139.678133868443,147,1,Male,60-79
93831,21.0,19.0,35.0,4.2,0.88,17.0,0,0,61,1,10839.564505780398,138,2,Male,60-79
93832,18.0,20.0,26.0,4.6,1.01,22.0,0,0,63,1,11321.423799668553,135,2,Male,60-79
93834,18.0,13.0,92.0,3.8,0.64,19.0,0,0,48,2,24586.088995994236,145,1,Female,40-59
93837,14.0,16.0,21.0,3.7,0.78,15.0,0,0,35,2,37121.36641048605,145,1,Female,20-39
93839,20.0,17.0,17.0,4.2,0.66,14.0,0,0,50,2,190727.34226767844,146,1,Female,40-59
93840,23.0,18.0,32.0,4.3,0.85,19.0,0,0,47,1,13482.692358708946,137,1,Male,40-59
93841,19.0,21.0,17.0,4.7,1.0,16.0,0,0,48,2,137651.3269181443,139,2,Female,40-59
93843,22.0,24.0,17.0,3.9,0.91,22.0,0,0,42,2,72835.93956573354,134,1,Female,40-59
93845,27.0,27.0,36.0,4.1,0.51,14.0,0,0,28,2,137884.50947412258,142,2,Female,20-39
93846,8.0,17.0,6.0,4.2,0.98,22.0,0,0,29,2,22754.130489590603,137,2,Female,20-39
93847,15.0,15.0,12.0,3.6,0.78,13.0,0,0,43,2,25280.006987988916,148,1,Female,40-59
93848,24.0,22.0,25.0,4.1,1.12,12.0,0,0,62,1,12359.194999499068,139,1,Male,60-79
93849,10.0,16.0,14.0,3.9,0.76,12.0,0,0,40,2,253429.47157504904,134,2,Female,40-59
93850,10.0,16.0,29.0,4.5,0.8,11.0,0,0,74,2,23543.448223647516,134,1,Female,60-79
93851,13.0,16.0,19.0,3.9,1.07,11.0,0,0,74,2,95014.14106211285,135,1,Female,60-79
93852,9.0,13.0,13.0,3.6,0.74,14.0,0,0,45,2,15767.031055261103,144,1,Female,40-59
93853,14.0,17.0,16.0,3.1,0.98,16.0,0,0,50,1,24293.02107548219,137,2,Male,40-59
93855,43.0,28.0,34.0,4.2,0.91,12.0,0,0,71,1,34530.36549760157,139,2,Male,60-79
93856,12.0,15.0,43.0,3.7,0.96,9.0,0,0,66,1,19643.96429462344,145,2,Male,60-79
93859,,,,,,,,,73,1,9692.695100940218,134,2,Male,60-79
93861,30.0,24.0,21.0,4.4,0.99,13.0,0,0,76,1,61180.74078171323,143,2,Male,60-79
93863,38.0,25.0,178.0,3.9,0.82,14.0,0,0,50,1,19227.684468796484,138,1,Male,40-59
93866,24.0,17.0,16.0,4.5,0.88,10.0,0,0,26,1,125047.3918396982,137,2,Male,20-39
93868,14.0,17.0,33.0,4.4,1.11,17.0,0,0,68,1,11104.764437259157,136,1,Male,60-79
93869,12.0,19.0,57.0,3.9,1.09,41.0,0,0,80,1,20486.528768083484,134,1,Male,80+
93870,13.0,15.0,10.0,4.4,0.62,11.0,0,0,20,2,70964.05968618375,138,1,Female,20-39
93871,32.0,31.0,13.0,4.4,0.84,19.0,0,0,55,2,14304.85577554037,142,2,Female,40-59
93875,26.0,20.0,25.0,3.8,0.94,13.0,0,0,37,1,22498.805660112997,135,2,Male,20-39
93877,16.0,15.0,27.0,3.9,1.28,10.0,0,0,64,1,35944.55957298816,135,1,Male,60-79
93878,13.0,19.0,21.0,3.8,0.91,17.0,0,0,59,2,10142.933813631189,145,2,Female,40-59
93883,9.0,9.0,15.0,3.6,0.6,11.0,0,0,30,2,22161.144053418448,142,2,Female,20-39
93887,24.0,20.0,32.0,4.0,0.99,13.0,0,0,63,1,17784.046658190433,146,2,Male,60-79
93888,11.0,15.0,10.0,4.3,0.93,8.0,0,0,37,2,11574.409053691768,140,2,Female,20-39
93890,19.0,21.0,23.0,4.3,0.97,11.0,0,0,27,1,14834.210836116961,135,2,Male,20-39
93891,28.0,25.0,22.0,3.9,0.64,16.0,0,0,56,2,29846.70736555324,136,2,Female,40-59
93892,12.0,21.0,15.0,3.8,0.8,19.0,0,0,80,2,36342.57429502136,143,2,Female,80+
93893,17.0,25.0,17.0,3.7,2.4,29.0,0,0,55,1,9117.478052037515,147,1,Male,40-59
93894,12.0,13.0,14.0,4.2,0.7,12.0,0,0,66,2,23658.07893243066,144,2,Female,60-79
93895,30.0,19.0,32.0,4.3,0.84,13.0,0,0,40,1,124293.63305411083,144,1,Male,40-59
93899,41.0,24.0,29.0,4.1,1.1,19.0,0,0,67,1,26353.923954343012,141,2,Male,60-79
93900,,,,,,,,,48,1,57805.8975526477,144,2,Male,40-59
93902,56.0,32.0,24.0,4.2,0.5,16.0,0,0,24,2,27768.677268200743,136,2,Female,20-39
93903,57.0,54.0,275.0,4.2,0.89,18.0,0,0,62,1,29226.86889940363,136,2,Male,60-79
93906,32.0,23.0,24.0,4.3,0.98,20.0,0,0,39,1,38126.03337497553,136,2,Male,20-39
93907,9.0,10.0,18.0,4.2,0.67,9.0,0,0,41,2,50307.151539356615,139,1,Female,40-59
93908,27.0,12.0,23.0,4.2,0.57,12.0,0,0,20,2,34390.09910155198,136,1,Female,20-39
93909,67.0,36.0,31.0,4.0,0.92,14.0,0,0,41,1,13051.8885076089,138,2,Male,40-59
93912,8.0,9.0,12.0,3.3,1.11,10.0,0,0,25,2,43609.573685168965,144,2,Female,20-39
93913,14.0,19.0,24.0,4.4,0.62,9.0,0,0,40,2,16056.019876456574,148,2,Female,40-59
93914,18.0,14.0,34.0,4.6,0.96,21.0,0,0,41,1,17311.74767058627,138,1,Male,40-59
93915,18.0,17.0,33.0,3.7,0.87,5.0,0,0,34,1,77545.67699575984,139,2,Male,20-39
93916,18.0,23.0,25.0,4.3,1.32,18.0,0,0,28,1,15955.887156702443,139,1,Male,20-39
93918,24.0,16.0,28.0,4.3,1.06,21.0,0,0,36,1,38143.24437383844,142,1,Male,20-39
93920,25.0,29.0,29.0,3.9,0.49,8.0,0,0,61,2,12572.643265318242,148,1,Female,60-79
93923,65.0,33.0,27.0,4.3,0.99,11.0,0,0,52,1,155035.5824522106,146,2,Male,40-59
93924,11.0,15.0,13.0,4.2,0.85,8.0,0,0,70,2,29350.969108149337,139,1,Female,60-79
93926,11.0,8.0,18.0,4.2,0.73,14.0,0,0,31,1,125800.8880136289,145,1,Male,20-39
93927,13.0,18.0,16.0,4.3,0.51,13.0,0,0,54,2,29781.403720736875,139,2,Female,40-59
93929,14.0,17.0,8.0,2.7,0.69,10.0,0,0,35,2,124429.45537541833,140,2,Female,20-39
93930,18.0,20.0,18.0,4.0,1.86,22.0,0,0,80,1,13745.249277484274,141,2,Male,80+
93931,22.0,19.0,14.0,4.4,0.87,11.0,0,0,24,1,24815.112238724374,137,1,Male,20-39
93932,43.0,30.0,51.0,4.1,0.62,19.0,0,0,54,2,14389.583122953729,137,1,Female,40-59
93935,19.0,22.0,24.0,4.0,0.97,16.0,0,0,39,1,38849.71483085136,144,2,Male,20-39
93937,58.0,30.0,53.0,4.1,0.92,10.0,0,0,30,1,65454.83195110323,145,1,Male,20-39
93939,8.0,15.0,12.0,3.9,1.14,15.0,0,0,40,2,14689.14255381783,144,2,Female,40-59
93940,45.0,23.0,102.0,4.3,1.02,11.0,0,0,50,1,248583.35827546456,138,1,Male,40-59
93941,24.0,30.0,20.0,4.6,1.27,23.0,0,0,42,1,11409.428894486287,140,2,Male,40-59
93942,12.0,14.0,7.0,3.6,0.86,7.0,0,0,52,2,259474.75559005165,134,2,Female,40-59
93945,14.0,18.0,36.0,3.8,1.31,8.0,0,0,66,1,8024.126843565168,146,2,Male,60-79
93946,22.0,18.0,20.0,4.5,0.95,19.0,0,0,22,1,42210.23605757011,141,2,Male,20-39
93947,7.0,20.0,25.0,4.1,0.63,16.0,0,0,53,2,26195.870816128547,138,1,Female,40-59
93949,41.0,25.0,159.0,4.2,0.49,15.0,0,0,49,2,6925.6720425384465,147,1,Female,40-59
93950,33.0,17.0,24.0,3.8,0.75,14.0,0,0,30,1,64177.63866662837,148,2,Male,20-39
93952,58.0,35.0,26.0,3.7,0.8,15.0,0,0,34,2,73404.08388199791,142,1,Female,20-39
93953,175.0,124.0,113.0,4.2,0.49,9.0,0,0,26,1,14156.877532617043,140,2,Male,20-39
93954,,,,,,,,,24,1,258942.63091277436,141,1,Male,20-39
93955,11.0,23.0,13.0,3.4,0.95,20.0,0,0,66,2,13884.289171384642,136,2,Female,60-79
93957,32.0,22.0,21.0,4.0,0.74,16.0,0,0,41,2,35987.69596624479,139,2,Female,40-59
93959,17.0,23.0,27.0,3.9,0.95,13.0,0,0,61,2,17949.596361280837,139,1,Female,60-79
93960,23.0,21.0,38.0,4.3,1.13,13.0,0,0,60,1,8607.920303756411,145,2,Male,60-79
93963,16.0,24.0,38.0,4.2,0.93,20.0,0,0,80,1,8485.36911871169,139,2,Male,80+
93964,25.0,19.0,89.0,4.4,0.87,16.0,0,0,52,1,12746.197434562873,138,2,Male,40-59
93965,11.0,21.0,10.0,4.4,0.79,20.0,0,0,30,2,66978.91404893594,148,2,Female,20-39
93968,12.0,18.0,38.0,3.8,0.94,15.0,0,0,57,1,14397.502834523224,145,1,Male,40-59
93969,20.0,23.0,12.0,4.2,0.67,11.0,0,0,33,2,62292.55770136157,141,2,Female,20-39
93970,29.0,16.0,16.0,4.4,0.84,14.0,0,0,33,1,14962.076271593547,148,1,Male,20-39
93971,19.0,21.0,25.0,3.9,0.98,9.0,0,0,40,1,25729.266257348623,143,1,Male,40-59
93972,17.0,18.0,22.0,4.0,0.91,17.0,0,0,35,1,154316.65472809435,143,1,Male,20-39
93974,23.0,21.0,31.0,4.0,1.08,21.0,0,0,59,1,63655.33828908138,148,1,Male,40-59
93975,14.0,17.0,13.0,4.0,0.66,12.0,0,0,54,2,77479.09474630903,148,2,Female,40-59
93977,,,,,,,,,66,2,18813.1243970424,134,2,Female,60-79
93978,21.0,18.0,15.0,4.3,0.65,16.0,0,0,57,1,16370.018782483316,148,2,Male,40-59
93980,14.0,16.0,19.0,4.2,0.68,9.0,0,0,29,2,159563.70433897868,139,1,Female,20-39
93981,14.0,13.0,14.0,4.0,0.68,9.0,0,0,52,2,14853.580208838364,141,1,Female,40-59
93982,13.0,20.0,16.0,4.0,0.71,15.0,0,0,57,2,95031.56174419704,136,2,Female,40-59
93983,27.0,29.0,127.0,4.3,0.75,20.0,0,0,75,2,19678.449087988753,136,1,Female,60-79
93984,16.0,13.0,13.0,4.4,0.79,17.0,0,0,32,2,39999.59674404214,135,2,Female,20-39
93985,,,,,,,,,61,2,9578.694600122413,135,1,Female,60-79
93987,52.0,21.0,28.0,3.9,0.8,14.0,0,0,35,1,22831.78569786757,141,2,Male,20-39
93988,10.0,19.0,7.0,3.8,0.71,9.0,0,0,32,2,104437.39760931925,135,2,Female,20-39
93989,13.0,17.0,10.0,4.5,0.58,14.0,0,0,39,2,19629.854558584502,145,2,Female,20-39
93990,21.0,14.0,10.0,3.8,0.89,17.0,0,0,64,2,123408.3085386087,142,1,Female,60-79
93998,9.0,17.0,10.0,4.3,0.81,12.0,0,0,24,2,88807.91786533735,142,1,Female,20-39
93999,9.0,15.0,19.0,4.2,0.77,12.0,0,0,23,2,34528.91843933032,144,2,Female,20-39
94002,,,,,,,,,27,2,25742.43167852552,144,2,Female,20-39
94003,7.0,11.0,14.0,3.6,0.75,13.0,0,0,75,2,17609.222086193073,136,1,Female,60-79
94004,18.0,21.0,11.0,3.9,0.82,14.0,0,0,25,2,33140.03385962184,137,1,Female,20-39
94007,12.0,15.0,14.0,4.2,1.08,22.0,0,0,79,1,11904.866227818577,134,1,Male,60-79
94008,30.0,30.0,32.0,4.0,0.61,9.0,0,0,46,2,13626.209945852348,136,2,Female,40-59
94010,14.0,18.0,18.0,4.1,1.28,18.0,0,0,71,1,62831.094853959214,138,2,Male,60-79
94012,22.0,16.0,37.0,4.5,0.71,14.0,0,0,25,2,125331.60362396877,135,1,Female,20-39
94013,13.0,16.0,16.0,4.0,0.94,20.0,0,0,56,1,32116.926123173194,140,2,Male,40-59
94015,10.0,11.0,8.0,3.8,0.86,11.0,0,0,30,2,51552.707848337406,135,1,Female,20-39
94016,25.0,24.0,26.0,3.9,0.79,14.0,0,0,70,1,11882.035401982788,140,1,Male,60-79
94017,20.0,19.0,17.0,4.0,3.01,41.0,0,0,54,1,133063.97831612657,148,2,Male,40-59
94019,28.0,20.0,74.0,4.3,0.71,11.0,0,0,64,2,36240.17520057706,144,2,Female,60-79
94021,11.0,15.0,13.0,3.4,0.64,12.0,0,0,38,2,38278.90807697879,147,2,Female,20-39
94026,11.0,21.0,11.0,3.6,0.88,24.0,0,0,80,2,66432.1829552821,137,2,Female,80+
94027,29.0,25.0,25.0,4.6,0.78,15.0,0,0,20,1,40566.78449088237,147,2,Male,20-39
94028,13.0,18.0,25.0,4.4,0.79,10.0,0,0,39,2,55761.57728124232,136,2,Female,20-39
94029,14.0,18.0,13.0,4.2,0.7,18.0,0,0,46,2,84105.09587142657,147,1,Female,40-59
94030,30.0,23.0,30.0,4.3,0.92,21.0,0,0,45,1,122602.43067307273,136,2,Male,40-59
94031,51.0,38.0,71.0,4.0,0.82,10.0,0,0,67,1,9989.999067925197,145,2,Male,60-79
94033,32.0,27.0,42.0,4.3,0.62,15.0,0,0,55,2,95567.15987427448,139,1,Female,40-59
94034,22.0,18.0,54.0,3.8,0.88,10.0,0,0,54,2,20485.924453331663,141,2,Female,40-59
94037,29.0,24.0,12.0,4.3,0.72,17.0,0,0,59,1,9807.453006389398,141,1,Male,40-59
94038,13.0,13.0,15.0,3.8,0.66,20.0,0,0,59,2,47926.352356157404,140,2,Female,40-59
94039,34.0,28.0,35.0,4.4,1.2,22.0,0,0,60,1,12271.359639861503,138,1,Male,60-79
94040,23.0,14.0,15.0,4.0,1.13,9.0,0,0,28,1,12260.438650272035,147,2,Male,20-39
94041,20.0,23.0,10.0,4.5,0.73,14.0,0,0,60,2,25217.42334109203,134,2,Female,60-79
94042,20.0,21.0,22.0,4.2,1.25,18.0,0,0,26,1,81986.06857925707,144,2,Male,20-39
94043,17.0,21.0,19.0,3.9,0.83,9.0,0,0,64,1,10837.036147850413,138,2,Male,60-79
94044,11.0,14.0,12.0,4.1,0.82,15.0,0,0,34,2,49610.520610933425,134,1,Female,20-39
94045,36.0,31.0,56.0,4.1,0.95,15.0,0,0,62,1,10327.615087886838,148,1,Male,60-79
94046,18.0,18.0,16.0,4.2,1.1,22.0,0,0,46,1,27451.50854710718,136,2,Male,40-59
94047,55.0,36.0,20.0,3.6,0.54,12.0,0,0,45,2,39119.09736561773,138,2,Female,40-59
94048,10.0,20.0,8.0,4.0,0.99,18.0,0,0,80,1,19219.7971621062,139,2,Male,80+
94049,9.0,13.0,24.0,3.8,0.92,14.0,0,0,66,2,9984.41213147759,139,1,Female,60-79
94050,13.0,16.0,36.0,3.9,0.93,18.0,0,0,55,2,86525.95021538611,146,2,Female,40-59
94051,10.0,15.0,15.0,4.1,0.93,15.0,0,0,80,2,45657.67421882169,142,1,Female,80+
94053,,,,,,,,,62,2,15591.139776376987,143,1,Female,60-79
94054,138.0,174.0,338.0,3.7,1.35,17.0,0,0,50,1,45961.95094088312,137,2,Male,40-59
94055,,,,,,,,,80,1,9325.146658471362,135,2,Male,80+
94057,10.0,12.0,17.0,3.2,0.8,16.0,0,0,62,2,35077.37231340944,135,1,Female,60-79
94058,23.0,19.0,14.0,3.8,1.01,21.0,0,0,61,2,80632.74306650227,140,1,Female,60-79
94059,,,,,,,,,54,2,8754.640414573358,135,2,Female,40-59
94060,42.0,26.0,35.0,4.2,0.88,17.0,0,0,59,1,27901.400193027945,140,1,Male,40-59
94061,10.0,13.0,26.0,4.0,0.6,10.0,0,0,36,2,30310.960581591673,144,1,Female,20-39
94065,19.0,19.0,17.0,4.1,0.93,18.0,0,0,69,2,14084.812146170301,139,1,Female,60-79
94067,17.0,16.0,18.0,3.8,0.69,18.0,0,0,44,1,20480.46630748794,140,2,Male,40-59
94068,10.0,15.0,12.0,4.2,1.37,22.0,0,0,69,1,159061.4890637449,143,1,Male,60-79
94069,14.0,17.0,24.0,4.0,0.84,19.0,0,0,61,1,217036.35478767156,147,2,Male,60-79
94071,,,,,,,,,33,1,22740.018470369247,141,1,Male,20-39
94073,24.0,23.0,21.0,3.9,1.46,29.0,0,0,69,1,7488.16689312654,145,1,Male,60-79
94074,13.0,16.0,13.0,4.1,0.9,13.0,0,0,29,1,169951.02174059837,142,2,Male,20-39
94080,17.0,31.0,10.0,4.2,0.79,22.0,0,0,79,2,88459.79671816471,142,1,Female,60-79
94081,22.0,26.0,28.0,4.0,1.03,26.0,0,0,80,1,13779.958483361215,148,1,Male,80+
94082,15.0,13.0,15.0,4.0,0.75,18.0,0,0,69,2,195848.96009473526,148,1,Female,60-79
94084,14.0,16.0,23.0,3.9,0.8,10.0,0,0,61,2,20397.574524097523,141,1,Female,60-79
94086,,,,,,,,,80,2,35415.21282305925,139,2,Female,80+
94092,14.0,19.0,20.0,4.0,1.67,19.0,0,0,52,1,28682.529798506974,136,2,Male,40-59
94093,56.0,24.0,42.0,4.3,0.79,16.0,0,0,36,1,167220.69884342013,140,2,Male,20-39
94095,7.0,20.0,25.0,3.8,2.21,25.0,0,0,78,2,14322.900524700643,147,2,Female,60-79
94096,,,,,,,,,80,1,53456.32413718052,144,2,Male,80+
94097,16.0,18.0,19.0,3.8,0.42,18.0,0,0,62,2,45319.56318296897,135,1,Female,60-79
94098,13.0,14.0,28.0,4.1,0.73,8.0,0,0,23,2,26241.837093658272,144,1,Female,20-39
94099,,,,,,,,,20,2,15874.085896253644,135,2,Female,20-39
94101,49.0,27.0,89.0,4.3,0.81,18.0,0,0,64,2,23294.268895387326,138,2,Female,60-79
94105,11.0,13.0,32.0,3.3,0.75,9.0,0,0,46,2,27389.617342977126,141,2,Female,40-59
94108,,,,,,,,,64,1,10327.615087886838,148,1,Male,60-79
94112,17.0,23.0,11.0,4.4,1.08,16.0,0,0,28,1,54130.73476740682,136,2,Male,20-39
94113,16.0,12.0,52.0,4.0,0.52,17.0,0,0,60,2,72777.30499198157,141,1,Female,60-79
94114,,,,,,,,,20,1,22836.775055869435,147,1,Male,20-39
94116,15.0,26.0,24.0,4.2,0.75,19.0,0,0,60,2,177352.78296625937,137,2,Female,60-79
94117,22.0,18.0,28.0,3.7,0.9,19.0,0,0,57,2,26320.959445026365,135,1,Female,40-59
94118,15.0,19.0,19.0,3.9,0.73,14.0,0,0,50,2,19878.633581759386,148,1,Female,40-59
94119,26.0,21.0,47.0,4.4,1.24,14.0,0,0,57,1,16695.105564900885,144,1,Male,40-59
94122,18.0,17.0,37.0,4.2,0.74,16.0,0,0,33,1,28142.540387319583,144,1,Male,20-39
94124,36.0,24.0,37.0,4.1,1.14,17.0,0,0,55,1,26719.36637154455,148,1,Male,40-59
94126,16.0,15.0,24.0,3.7,0.58,13.0,0,0,62,2,8264.971565020256,147,1,Female,60-79
94127,19.0,20.0,19.0,3.7,0.7,10.0,0,0,34,2,38208.153975355664,138,1,Female,20-39
94128,31.0,23.0,43.0,4.2,1.14,14.0,0,0,35,1,26210.78613257339,144,2,Male,20-39
94130,10.0,18.0,11.0,3.9,0.87,15.0,0,0,27,2,18933.52492764724,144,1,Female,20-39
94131,11.0,13.0,18.0,3.4,0.85,11.0,0,0,39,2,50216.95449352429,146,1,Female,20-39
94133,42.0,34.0,171.0,4.3,1.1,20.0,0,0,28,1,25580.561615087125,148,1,Male,20-39
94134,34.0,24.0,17.0,3.9,0.7,13.0,0,0,61,2,26019.640694680278,138,2,Female,60-79
94135,11.0,14.0,8.0,4.2,0.63,12.0,0,0,37,2,38116.90464850013,140,2,Female,20-39
94137,11.0,17.0,31.0,3.9,1.05,16.0,0,0,49,2,46448.72896887225,134,1,Female,40-59
94138,17.0,18.0,27.0,3.9,0.72,30.0,0,0,72,2,10839.071394855093,145,1,Female,60-79
94139,10.0,13.0,10.0,3.7,0.94,18.0,0,0,49,2,20256.92206174911,138,2,Female,40-59
94141,14.0,20.0,12.0,4.3,0.94,9.0,0,0,71,1,18649.272201511398,141,1,Male,60-79
94150,22.0,31.0,110.0,4.0,1.42,21.0,0,0,68,1,17154.297793627025,146,2,Male,60-79
94151,9.0,16.0,11.0,4.5,0.82,11.0,0,0,23,1,98092.69832889165,139,1,Male,20-39
94152,29.0,28.0,32.0,4.1,0.69,20.0,0,0,64,2,39623.45608461478,136,1,Female,60-79
94154,15.0,20.0,33.0,3.9,0.96,18.0,0,0,80,2,53868.285362999915,143,2,Female,80+
94155,22.0,14.0,38.0,4.6,0.98,13.0,0,0,56,1,7880.070963878521,148,1,Male,40-59
94156,18.0,21.0,18.0,4.0,0.82,15.0,0,0,63,2,19867.28359111357,141,2,Female,60-79
94157,13.0,18.0,14.0,4.2,0.57,12.0,0,0,60,2,15137.159036273146,140,2,Female,60-79
94158,22.0,21.0,22.0,4.2,0.93,19.0,0,0,66,1,10007.623587450222,136,1,Male,60-79
94160,20.0,21.0,8.0,4.2,0.76,11.0,0,0,22,2,95674.89807631091,134,1,Female,20-39
94161,,,,,,,,,53,1,6400.573833968003,137,1,Male,40-59
94162,16.0,16.0,21.0,3.8,0.77,19.0,0,0,64,1,8447.180947181972,141,2,Male,60-79
94163,17.0,17.0,11.0,4.0,0.97,17.0,0,0,35,1,21026.81373569372,139,2,Male,20-39
94166,11.0,18.0,25.0,4.4,1.12,15.0,0,0,28,1,126438.51069201196,136,2,Male,20-39
94168,11.0,21.0,11.0,4.4,0.66,21.0,0,0,66,2,11360.184347758064,139,1,Female,60-79
94169,11.0,10.0,24.0,4.7,0.94,13.0,0,0,26,1,30712.543120244856,148,1,Male,20-39
94173,19.0,15.0,88.0,3.7,0.6,17.0,0,0,68,2,12621.34812645429,145,1,Female,60-79
94174,16.0,13.0,18.0,4.0,0.62,16.0,0,0,45,2,22151.152954968264,136,2,Female,40-59
94175,16.0,17.0,30.0,3.4,0.93,23.0,0,0,77,1,9942.677907773827,139,2,Male,60-79
94176,12.0,14.0,13.0,3.9,0.78,11.0,0,0,24,2,145674.53828034006,135,1,Female,20-39
94177,21.0,18.0,30.0,3.9,0.48,16.0,0,0,59,2,22323.32879967749,140,2,Female,40-59
94178,,,,,,,,,34,1,171391.1703980737,142,2,Male,20-39
94179,10.0,22.0,40.0,3.9,1.9,34.0,0,0,72,1,9478.713540326507,139,2,Male,60-79
94181,31.0,22.0,28.0,3.6,0.56,8.0,0,0,36,2,38208.153975355664,138,1,Female,20-39
94182,14.0,26.0,8.0,3.7,1.0,18.0,0,0,59,2,125655.74497039375,141,2,Female,40-59
94183,35.0,21.0,33.0,4.1,1.38,17.0,0,0,49,1,113714.75220995197,142,1,Male,40-59
94187,32.0,24.0,74.0,4.2,0.58,15.0,0,0,54,2,26451.365294919287,138,2,Female,40-59
94189,13.0,13.0,12.0,3.1,0.61,9.0,0,0,21,2,47206.96498490212,136,2,Female,20-39
94190,33.0,19.0,12.0,4.6,0.99,14.0,0,0,43,1,28042.84973471198,148,1,Male,40-59
94192,25.0,23.0,58.0,3.8,0.51,12.0,0,0,54,2,252445.41171123483,142,2,Female,40-59
94193,20.0,16.0,37.0,3.7,0.65,10.0,0,0,58,2,26440.852630056965,137,2,Female,40-59
94198,12.0,20.0,8.0,4.1,0.88,16.0,0,0,63,2,11353.069314453971,136,2,Female,60-79
94199,14.0,21.0,19.0,4.2,1.07,25.0,0,0,69,1,25928.13724212708,134,2,Male,60-79
94200,33.0,24.0,10.0,4.2,0.56,8.0,0,0,26,2,26817.68986627753,144,2,Female,20-39
94201,25.0,30.0,23.0,4.2,0.67,12.0,0,0,77,1,29003.14014525986,148,1,Male,60-79
94202,12.0,15.0,17.0,3.9,0.93,18.0,0,0,70,1,11111.121679951155,148,2,Male,60-79
94205,25.0,20.0,18.0,4.1,1.21,21.0,0,0,73,2,135133.05493715417,143,2,Female,60-79
94206,21.0,25.0,25.0,4.3,0.85,22.0,0,0,56,1,13539.706196665971,134,2,Male,40-59
94207,14.0,13.0,91.0,4.0,1.04,12.0,0,0,62,1,14385.593794407248,137,2,Male,60-79
94208,18.0,19.0,21.0,4.0,0.88,8.0,0,0,45,2,12386.156692358427,147,1,Female,40-59
94210,13.0,15.0,20.0,4.1,1.12,21.0,0,0,80,1,10298.487718187049,145,2,Male,80+
94211,10.0,14.0,10.0,4.5,0.72,13.0,0,0,23,2,104368.1218467227,137,2,Female,20-39
94212,20.0,18.0,25.0,3.7,0.83,10.0,0,0,67,2,11393.962022189857,135,2,Female,60-79
94216,18.0,19.0,19.0,4.0,1.29,23.0,0,0,67,2,16603.0330808325,138,2,Female,60-79
94219,20.0,15.0,7.0,3.3,0.89,16.0,0,0,23,2,53256.07515013636,137,2,Female,20-39
94221,9.0,16.0,15.0,4.1,0.71,11.0,0,0,27,2,21533.886803665628,138,1,Female,20-39
94223,10.0,13.0,18.0,4.1,0.74,8.0,0,0,43,2,22680.503814611602,139,2,Female,40-59
94224,69.0,31.0,60.0,4.1,0.92,15.0,0,0,23,1,60437.14711312262,134,1,Male,20-39
94227,20.0,20.0,14.0,4.3,1.2,25.0,0,0,80,1,35107.22232065054,142,2,Male,80+
94229,10.0,12.0,38.0,3.4,0.92,15.0,0,0,69,2,16053.278533949682,139,1,Female,60-79
94232,39.0,35.0,53.0,4.0,0.8,15.0,0,0,70,1,133053.32347906913,143,1,Male,60-79
94233,20.0,22.0,22.0,4.5,0.69,15.0,0,0,62,1,10685.48018643668,148,1,Male,60-79
94237,31.0,24.0,19.0,4.3,1.21,17.0,0,0,63,1,276067.6585886459,145,2,Male,60-79
94241,46.0,23.0,15.0,4.7,0.81,16.0,0,0,30,2,30326.99714992055,136,1,Female,20-39
94242,15.0,19.0,26.0,4.1,0.79,12.0,0,0,60,1,8010.824800908851,139,1,Male,60-79
94243,16.0,20.0,21.0,4.0,1.05,15.0,0,0,80,1,14194.79060173702,135,1,Male,80+
94245,12.0,20.0,13.0,4.2,0.78,18.0,0,0,31,2,50783.90006072839,136,2,Female,20-39
94246,,,,,,,,,48,1,18386.371974694037,138,2,Male,40-59
94247,23.0,22.0,22.0,3.6,0.96,14.0,0,0,27,1,60519.93534792554,143,2,Male,20-39
94248,14.0,18.0,9.0,3.4,0.7,9.0,0,0,38,2,20839.821783490992,148,2,Female,20-39
94249,38.0,20.0,61.0,3.9,0.83,13.0,0,0,66,2,14735.928684554072,136,1,Female,60-79
94250,16.0,15.0,25.0,4.0,0.62,14.0,0,0,23,2,42533.003449827185,139,2,Female,20-39
94251,13.0,15.0,14.0,3.8,0.95,11.0,0,0,22,2,86111.37980778937,145,1,Female,20-39
94253,36.0,31.0,19.0,3.8,0.78,7.0,0,0,70,2,15942.046320702897,148,2,Female,60-79
94255,43.0,23.0,126.0,4.9,0.84,17.0,0,0,43,1,65890.62186432772,136,2,Male,40-59
94258,47.0,27.0,49.0,4.5,1.09,19.0,0,0,51,1,17075.401815230143,139,2,Male,40-59
94259,14.0,19.0,18.0,4.3,0.73,13.0,0,0,50,2,22192.805843718772,138,1,Female,40-59
94260,13.0,16.0,11.0,3.8,0.64,9.0,0,0,48,2,13364.742918862914,146,2,Female,40-59
94261,14.0,16.0,17.0,4.8,0.64,13.0,0,0,63,2,19910.367954991292,136,1,Female,60-79
94262,16.0,17.0,16.0,4.6,0.84,19.0,0,0,22,1,80781.56437394333,135,1,Male,20-39
94265,21.0,15.0,24.0,3.7,0.78,14.0,0,0,75,1,14826.498261377408,146,2,Male,60-79
94266,20.0,18.0,24.0,4.3,0.85,12.0,0,0,43,1,30934.57248709164,148,1,Male,40-59
94267,15.0,21.0,23.0,4.2,0.56,18.0,0,0,80,2,13067.885206915476,136,2,Female,80+
94270,33.0,25.0,44.0,4.6,0.8,20.0,0,0,33,1,46352.65022464461,138,2,Male,20-39
94273,29.0,21.0,30.0,4.5,0.65,12.0,0,0,63,1,7695.910646599714,136,2,Male,60-79
94274,16.0,17.0,13.0,4.0,0.83,13.0,0,0,58,2,70663.79397776892,137,1,Female,40-59
94275,54.0,34.0,50.0,4.2,0.66,16.0,0,0,54,1,19153.854240240013,140,2,Male,40-59
94276,57.0,43.0,109.0,4.2,1.28,23.0,0,0,80,1,14120.032467807607,135,1,Male,80+
94277,14.0,15.0,24.0,4.2,0.5,8.0,0,0,41,2,9688.185081131092,148,2,Female,40-59
94278,23.0,27.0,23.0,4.1,0.96,17.0,0,0,62,1,13989.135566754801,143,2,Male,60-79
94279,14.0,23.0,13.0,4.2,1.04,15.0,0,0,39,1,19895.521177008373,138,2,Male,20-39
94281,6.0,8.0,9.0,3.3,0.7,10.0,0,0,31,2,34453.50771482928,146,2,Female,20-39
94283,22.0,12.0,30.0,4.0,0.57,15.0,0,0,60,2,23801.97352245687,143,1,Female,60-79
94284,35.0,29.0,137.0,3.6,0.64,9.0,0,0,58,2,37875.207633508646,144,2,Female,40-59
94285,28.0,25.0,130.0,3.7,0.87,12.0,0,0,43,1,48102.951851852915,143,2,Male,40-59
94286,14.0,19.0,32.0,4.0,0.6,11.0,0,0,75,2,22635.88747412362,143,1,Female,60-79
94287,33.0,39.0,7.0,4.2,0.96,10.0,0,0,20,1,231078.4288494223,142,2,Male,20-39
94290,28.0,24.0,23.0,4.1,0.72,12.0,0,0,35,2,20399.71486636103,144,1,Female,20-39
94291,15.0,19.0,10.0,4.0,0.76,23.0,0,0,27,2,43600.51084888297,135,1,Female,20-39
94293,26.0,15.0,46.0,3.9,0.92,14.0,0,0,64,1,147281.12369317314,135,2,Male,60-79
94295,25.0,19.0,12.0,3.8,0.6,10.0,0,0,48,2,23019.246785070063,137,1,Female,40-59
94298,14.0,14.0,58.0,3.5,1.12,19.0,0,0,80,1,17832.28695262975,136,1,Male,80+
94300,23.0,17.0,34.0,3.6,0.56,17.0,0,0,69,2,144636.784292643,142,2,Female,60-79
94301,13.0,20.0,6.0,3.9,1.0,17.0,0,0,64,2,5573.205152032362,135,2,Female,60-79
94302,9.0,15.0,13.0,2.7,0.58,11.0,0,0,24,2,49547.27917138624,138,1,Female,20-39
94303,13.0,10.0,16.0,4.0,1.05,23.0,0,0,65,1,5666.772376106171,138,2,Male,60-79
94304,16.0,20.0,13.0,4.6,0.88,15.0,0,0,40,1,11824.967075577153,141,1,Male,40-59
94306,19.0,22.0,16.0,4.0,0.92,15.0,0,0,22,2,118245.91165841748,145,2,Female,20-39
94309,,,,,,,,,54,2,17156.51650667644,135,2,Female,40-59
94311,7.0,11.0,19.0,3.5,0.71,14.0,0,0,41,2,13608.081191337085,134,2,Female,40-59
94313,,,,,,,,,41,1,32009.87698122236,148,2,Male,40-59
94314,21.0,18.0,21.0,4.1,0.9,13.0,0,0,48,1,27483.774804625045,137,1,Male,40-59
94319,24.0,22.0,24.0,4.3,1.05,15.0,0,0,44,1,225034.52706025194,148,1,Male,40-59
94320,25.0,35.0,13.0,4.1,1.22,16.0,0,0,33,1,31203.926229917706,146,2,Male,20-39
94321,8.0,14.0,40.0,3.8,1.14,11.0,0,0,60,1,11928.799307951369,136,2,Male,60-79
94322,70.0,45.0,31.0,4.0,1.07,14.0,0,0,20,1,19407.65306538428,144,1,Male,20-39
94323,70.0,44.0,23.0,4.2,0.9,20.0,0,0,60,1,9850.780795236498,137,1,Male,60-79
94324,35.0,19.0,55.0,4.2,0.8,16.0,0,0,50,2,124622.59493585475,141,1,Female,40-59
94325,13.0,24.0,28.0,3.4,0.68,15.0,0,0,62,2,23407.11354091445,140,2,Female,60-79
94326,14.0,15.0,18.0,4.3,0.84,10.0,0,0,55,1,213910.43371845502,140,1,Male,40-59
94327,,,,,,,,,61,1,14179.486637670681,143,1,Male,60-79
94328,10.0,15.0,10.0,4.2,0.58,9.0,0,0,29,2,22025.58996269033,148,2,Female,20-39
94330,20.0,18.0,16.0,4.2,0.66,16.0,0,0,57,2,337044.2469498807,147,2,Female,40-59
94335,23.0,20.0,17.0,4.1,1.02,20.0,0,0,69,1,14737.606444482573,138,1,Male,60-79
94336,100.0,55.0,55.0,4.2,0.93,18.0,0,0,74,1,21373.27816374807,138,2,Male,60-79
94337,70.0,44.0,42.0,3.7,0.87,12.0,0,0,44,1,31603.60905468617,147,2,Male,40-59
94339,25.0,18.0,48.0,4.4,0.95,13.0,0,0,37,1,74861.29281533619,146,2,Male,20-39
94340,58.0,32.0,80.0,5.1,1.02,18.0,0,0,25,1,147426.70600429937,141,2,Male,20-39
94341,47.0,28.0,57.0,4.5,0.82,15.0,0,0,24,1,41674.3863529778,136,2,Male,20-39
94342,20.0,21.0,16.0,4.2,0.88,12.0,0,0,57,2,29006.3760687888,135,2,Female,40-59
94343,25.0,18.0,22.0,4.1,1.17,15.0,0,0,71,1,24720.77567003207,141,2,Male,60-79
94345,20.0,12.0,27.0,3.6,1.88,33.0,0,0,65,1,30636.433579302302,145,1,Male,60-79
94348,21.0,37.0,52.0,4.2,1.62,23.0,0,0,80,1,43600.74470467868,137,1,Male,80+
94350,27.0,20.0,31.0,4.5,1.13,13.0,0,0,54,1,29894.096350902095,136,1,Male,40-59
94352,15.0,20.0,17.0,4.5,0.68,9.0,0,0,70,2,29468.961172652784,138,2,Female,60-79
94356,15.0,23.0,36.0,4.6,1.01,13.0,0,0,58,1,18794.242986510835,144,1,Male,40-59
94359,34.0,26.0,70.0,4.2,0.74,12.0,0,0,36,1,41777.73592046655,144,1,Male,20-39
94360,31.0,19.0,36.0,4.3,1.26,15.0,0,0,44,1,109985.38579505285,143,2,Male,40-59
94361,13.0,14.0,25.0,3.6,0.62,10.0,0,0,38,2,46743.09673821052,136,2,Female,20-39
94362,60.0,47.0,113.0,4.3,1.11,18.0,0,0,79,1,28317.26324990008,141,1,Male,60-79
94365,19.0,22.0,25.0,4.2,1.06,11.0,0,0,22,1,23489.464300353236,145,1,Male,20-39
94366,19.0,16.0,11.0,4.8,0.85,17.0,0,0,25,1,19557.056260772006,138,2,Male,20-39
94368,7.0,15.0,10.0,4.0,0.52,12.0,0,0,33,2,249636.771221841,147,2,Female,20-39
94372,27.0,21.0,22.0,3.7,1.17,20.0,0,0,68,1,5168.129019122317,147,1,Male,60-79
94373,13.0,23.0,29.0,3.8,0.73,16.0,0,0,80,2,24954.314506057373,142,1,Female,80+
94374,30.0,26.0,14.0,3.8,0.89,26.0,0,0,52,2,34763.90256842662,136,2,Female,40-59
94375,12.0,18.0,15.0,4.4,0.78,18.0,0,0,30,2,23621.932414276154,137,1,Female,20-39
94376,18.0,17.0,14.0,3.9,0.99,14.0,0,0,66,1,7003.434507764876,140,1,Male,60-79
94377,22.0,26.0,42.0,4.4,0.68,16.0,0,0,33,1,38734.496005696805,138,1,Male,20-39
94379,12.0,14.0,13.0,3.9,0.67,14.0,0,0,24,2,11966.432857917105,139,2,Female,20-39
94380,15.0,16.0,14.0,3.7,1.18,15.0,0,0,63,1,8615.303614948913,148,2,Male,60-79
94381,,,,,,,,,80,2,21435.514119991167,148,2,Female,80+
94382,9.0,15.0,13.0,4.3,0.99,12.0,0,0,32,2,92610.22624338043,136,1,Female,20-39
94385,13.0,14.0,10.0,3.6,0.77,22.0,0,0,48,2,15906.631610292165,148,1,Female,40-59
94386,22.0,18.0,32.0,4.2,0.69,15.0,0,0,71,2,30665.651737994674,141,2,Female,60-79
94387,13.0,16.0,26.0,4.0,0.84,12.0,0,0,39,2,39705.73003247534,145,2,Female,20-39
94388,14.0,17.0,19.0,3.8,0.8,13.0,0,0,33,2,15974.637620859541,139,1,Female,20-39
94390,20.0,24.0,22.0,3.4,0.75,11.0,0,0,72,2,9055.290159520535,138,2,Female,60-79
94392,19.0,20.0,18.0,4.2,0.87,7.0,0,0,25,1,39919.895467754824,143,1,Male,20-39
94393,25.0,24.0,8.0,3.5,0.94,14.0,0,0,36,1,61496.31782126533,146,2,Male,20-39
94398,14.0,18.0,14.0,3.5,0.74,14.0,0,0,39,2,29472.800102010813,134,1,Female,20-39
94399,43.0,34.0,47.0,4.1,0.67,12.0,0,0,62,2,16101.416696979562,136,1,Female,60-79
94401,27.0,24.0,48.0,3.9,1.0,17.0,0,0,57,1,237630.1395836143,145,1,Male,40-59
94404,16.0,20.0,13.0,3.9,1.03,18.0,0,0,80,2,43280.63094565726,142,1,Female,80+
94405,65.0,41.0,24.0,3.8,0.85,7.0,0,0,39,2,54715.96480403169,146,2,Female,20-39
94406,11.0,14.0,5.0,2.9,0.55,6.0,0,0,34,2,30697.826408030953,139,1,Female,20-39
94407,10.0,19.0,15.0,3.7,0.59,14.0,0,0,76,2,146291.16321264257,146,2,Female,60-79
94408,15.0,19.0,14.0,4.2,1.39,15.0,0,0,72,1,38126.21908239892,146,1,Male,60-79
94409,8.0,13.0,13.0,4.5,0.9,10.0,0,0,23,1,18017.17511788184,139,1,Male,20-39
94410,8.0,14.0,8.0,3.5,1.0,25.0,0,0,80,2,13735.40173111069,138,1,Female,80+
94412,7.0,12.0,14.0,3.6,1.03,19.0,0,0,80,1,16330.127187971542,143,2,Male,80+
94414,31.0,21.0,17.0,4.1,1.03,8.0,0,0,32,1,21115.138362597416,144,1,Male,20-39
94415,16.0,21.0,11.0,4.6,0.82,9.0,0,0,37,1,55655.807071254516,139,1,Male,20-39
94416,58.0,60.0,164.0,4.3,0.74,12.0,0,0,28,2,88807.91786533735,142,1,Female,20-39
94418,36.0,25.0,35.0,4.3,1.2,37.0,0,0,76,2,203108.1144237912,134,1,Female,60-79
94420,13.0,17.0,19.0,3.9,0.94,21.0,0,0,80,2,25457.67117506868,139,2,Female,80+
94421,15.0,19.0,32.0,4.2,0.66,13.0,0,0,75,2,13865.18801644222,140,2,Female,60-79
94424,18.0,21.0,12.0,4.2,0.86,10.0,0,0,75,2,13916.742732076342,144,1,Female,60-79
94425,23.0,22.0,81.0,3.7,1.09,30.0,0,0,75,2,72984.86077673147,134,1,Female,60-79
94427,37.0,26.0,129.0,3.9,0.62,12.0,0,0,49,2,16379.839442531453,134,2,Female,40-59
94428,32.0,23.0,92.0,4.0,1.02,21.0,0,0,60,1,12551.818614437694,146,2,Male,60-79
94429,19.0,13.0,37.0,3.9,1.38,19.0,0,0,61,1,18607.51323693704,141,1,Male,60-79
94430,20.0,22.0,26.0,3.9,0.73,9.0,0,0,25,2,25892.354565957186,146,1,Female,20-39
94431,25.0,18.0,25.0,4.1,0.74,23.0,0,0,47,1,13185.56463704523,135,2,Male,40-59
94432,19.0,20.0,17.0,4.2,0.61,22.0,0,0,71,2,19083.872990110867,136,1,Female,60-79
94433,18.0,14.0,35.0,4.5,0.63,12.0,0,0,46,1,37751.53514871866,139,1,Male,40-59
94434,38.0,29.0,33.0,4.0,0.63,10.0,0,0,26,2,17837.89497919239,144,2,Female,20-39
94436,9.0,11.0,15.0,4.0,0.83,16.0,0,0,31,2,25807.40354946034,140,2,Female,20-39
94438,33.0,30.0,23.0,3.7,1.19,22.0,0,0,80,1,38606.007127046185,134,2,Male,80+
94443,22.0,22.0,20.0,4.1,1.09,15.0,0,0,32,1,46684.268032572916,141,2,Male,20-39
94444,15.0,17.0,17.0,3.8,0.73,21.0,0,0,78,2,27701.064435585766,137,2,Female,60-79
94445,19.0,18.0,54.0,4.0,1.15,28.0,0,0,53,1,15800.290640716205,142,1,Male,40-59
94446,21.0,14.0,20.0,3.9,0.63,9.0,0,0,28,2,26412.251203359163,137,1,Female,20-39
94448,31.0,16.0,23.0,4.2,0.87,14.0,0,0,41,1,140448.62397849342,139,2,Male,40-59
94450,39.0,26.0,20.0,4.3,1.02,16.0,0,0,30,1,71155.45174563355,135,2,Male,20-39
94453,12.0,12.0,12.0,3.7,0.64,10.0,0,0,20,2,76619.6945714018,141,2,Female,20-39
94457,47.0,38.0,12.0,4.2,0.57,10.0,0,0,46,2,306375.58107606374,136,2,Female,40-59
94458,12.0,15.0,28.0,3.8,0.75,15.0,0,0,56,1,11218.068792109292,141,1,Male,40-59
94459,24.0,25.0,21.0,3.8,0.75,13.0,0,0,52,2,32638.660812609658,145,2,Female,40-59
94460,13.0,22.0,37.0,3.8,0.81,15.0,0,0,61,2,7350.023851784536,147,1,Female,60-79
94463,10.0,13.0,14.0,4.1,0.8,12.0,0,0,26,2,41051.875682039754,146,2,Female,20-39
94464,123.0,122.0,85.0,4.0,1.92,25.0,0,0,77,1,85415.04172775317,136,2,Male,60-79
94465,18.0,16.0,20.0,3.9,1.06,18.0,0,0,31,1,26821.111573199592,146,1,Male,20-39
94469,13.0,15.0,12.0,3.8,0.85,15.0,0,0,37,2,73794.54171269099,134,2,Female,20-39
94470,24.0,20.0,25.0,3.9,1.07,10.0,0,0,64,1,138200.69609643973,143,2,Male,60-79
94471,13.0,20.0,20.0,3.9,0.68,12.0,0,0,42,2,47197.73167262185,144,2,Female,40-59
94473,16.0,20.0,8.0,4.0,1.08,21.0,0,0,73,2,132837.61888518292,143,2,Female,60-79
94474,19.0,17.0,14.0,3.8,0.57,22.0,0,0,55,1,174829.54411919316,139,2,Male,40-59
94475,21.0,25.0,12.0,3.9,0.64,29.0,0,0,26,2,47325.278180353016,136,2,Female,20-39
94476,,,,,,,,,55,2,364958.37877025484,139,1,Female,40-59
94477,23.0,28.0,27.0,4.6,0.71,11.0,0,0,58,2,27705.373595984758,141,1,Female,40-59
94478,11.0,14.0,10.0,3.9,0.78,14.0,0,0,37,2,28634.198777705533,144,2,Female,20-39
94479,11.0,16.0,20.0,3.7,0.82,9.0,0,0,64,2,31060.856876873833,146,1,Female,60-79
94481,15.0,19.0,34.0,3.8,0.81,7.0,0,0,31,2,24190.80295462165,142,1,Female,20-39
94483,11.0,16.0,30.0,3.7,0.74,12.0,0,0,74,2,20766.13711248341,148,1,Female,60-79
94486,18.0,21.0,23.0,3.8,0.99,6.0,0,0,44,2,30162.356493165826,146,2,Female,40-59
94487,39.0,23.0,17.0,4.2,1.11,13.0,0,0,29,1,18146.876490736395,144,1,Male,20-39
94488,10.0,11.0,13.0,3.7,0.49,13.0,0,0,38,2,50323.407227611504,144,2,Female,20-39
94490,14.0,17.0,17.0,4.3,0.82,8.0,0,0,64,2,33260.22225157572,147,2,Female,60-79
94493,29.0,23.0,16.0,4.0,0.88,19.0,0,0,63,1,8121.621077838749,140,2,Male,60-79
94497,15.0,15.0,128.0,3.7,0.73,7.0,0,0,45,1,30299.20395745343,139,2,Male,40-59
94499,18.0,25.0,92.0,4.1,0.64,14.0,0,0,62,1,14247.102428583037,138,1,Male,60-79
94500,13.0,16.0,10.0,3.6,1.25,18.0,0,0,60,2,8377.400767637453,147,2,Female,60-79
94501,15.0,15.0,25.0,3.9,0.8,12.0,0,0,41,2,32278.83157853139,138,2,Female,40-59
94503,16.0,20.0,20.0,4.0,0.52,8.0,0,0,52,2,52130.98491971875,139,1,Female,40-59
94504,18.0,23.0,2.0,4.4,1.0,18.0,0,1,28,1,74893.19857219695,144,1,Male,20-39
94506,15.0,19.0,20.0,4.1,0.63,17.0,0,0,69,2,20432.32459419535,144,2,Female,60-79
94507,39.0,28.0,26.0,4.2,0.89,13.0,0,0,34,1,23515.115085872392,148,2,Male,20-39
94508,9.0,17.0,18.0,3.9,0.73,11.0,0,0,34,2,49290.786105694955,134,1,Female,20-39
94509,24.0,21.0,17.0,3.8,1.09,17.0,0,0,53,2,15734.370394050527,145,2,Female,40-59
94510,13.0,15.0,24.0,3.9,1.06,14.0,0,0,49,2,203543.19684614762,136,2,Female,40-59
94512,40.0,20.0,54.0,3.7,0.42,11.0,0,0,43,2,13073.889569119257,140,2,Female,40-59
94515,26.0,17.0,26.0,3.8,0.59,15.0,0,0,58,2,10558.137997417714,141,2,Female,40-59
94519,31.0,23.0,24.0,4.2,0.71,11.0,0,0,59,1,379744.4476947296,136,1,Male,40-59
94522,24.0,24.0,119.0,4.1,0.94,10.0,0,0,60,1,14073.419204964732,142,2,Male,60-79
94523,17.0,22.0,19.0,4.2,0.77,11.0,0,0,65,2,22778.675505287043,144,1,Female,60-79
94525,8.0,12.0,13.0,3.9,0.82,18.0,0,0,66,2,36194.68824820603,139,2,Female,60-79
94526,101.0,88.0,240.0,4.1,0.81,10.0,0,0,37,1,19525.131984900763,148,2,Male,20-39
94527,49.0,24.0,49.0,4.5,0.73,19.0,0,0,36,1,27265.684860508103,135,1,Male,20-39
94528,38.0,26.0,31.0,4.0,0.78,12.0,0,0,34,1,26323.963876379414,137,1,Male,20-39
94529,,,,,,,,,58,1,22333.46129917954,148,2,Male,40-59
94530,10.0,15.0,21.0,4.4,0.94,7.0,0,0,22,1,45088.085327991656,137,2,Male,20-39
94531,19.0,17.0,20.0,4.1,0.65,10.0,0,0,34,2,41142.42607352024,144,1,Female,20-39
94532,9.0,10.0,11.0,4.5,0.4,13.0,0,0,36,2,25523.866737776298,135,2,Female,20-39
94534,12.0,24.0,15.0,3.9,1.09,20.0,0,0,80,1,25571.019993805712,135,1,Male,80+
94538,,,,,,,,,42,1,13762.672003486543,148,1,Male,40-59
94539,20.0,25.0,21.0,4.0,0.88,13.0,0,0,55,2,157436.21830196437,136,1,Female,40-59
94541,16.0,27.0,23.0,4.3,0.9,18.0,0,0,79,2,18428.281896215893,139,2,Female,60-79
94542,10.0,18.0,13.0,4.1,0.68,10.0,0,0,30,1,37261.11515748162,144,2,Male,20-39
94547,12.0,20.0,61.0,3.6,0.59,12.0,0,0,67,2,18811.722154446696,137,2,Female,60-79
94549,11.0,20.0,11.0,3.8,1.82,32.0,0,0,80,1,11172.45408280139,136,1,Male,80+
94552,21.0,23.0,14.0,4.1,0.4,9.0,0,0,56,2,13544.572396237716,144,1,Female,40-59
94553,12.0,16.0,14.0,3.5,0.78,18.0,0,0,72,2,55771.34818275676,145,1,Female,60-79
94554,39.0,25.0,81.0,4.0,0.92,17.0,0,0,69,1,5298.306547842243,137,1,Male,60-79
94557,19.0,19.0,15.0,3.7,0.8,9.0,0,0,35,2,15877.808534202626,145,1,Female,20-39
94558,24.0,18.0,24.0,4.2,0.51,16.0,0,0,62,2,9216.920157170034,141,2,Female,60-79
94559,23.0,21.0,42.0,4.3,0.92,14.0,0,0,41,1,65859.40107724674,144,2,Male,40-59
94560,39.0,28.0,36.0,3.8,0.6,11.0,0,0,24,2,65182.08115966714,143,2,Female,20-39
94564,16.0,15.0,18.0,4.0,1.06,30.0,0,0,80,2,13588.431071623903,148,2,Female,80+
94565,21.0,19.0,17.0,3.8,0.66,12.0,0,0,45,2,52634.062441457805,145,2,Female,40-59
94568,25.0,25.0,28.0,4.3,0.64,12.0,0,0,60,2,8372.367776050272,142,2,Female,60-79
94569,18.0,21.0,13.0,4.5,0.88,14.0,0,0,27,2,63027.55105438827,142,1,Female,20-39
94570,17.0,23.0,32.0,3.9,0.99,7.0,0,0,48,1,19229.686477372023,139,2,Male,40-59
94571,16.0,16.0,21.0,3.8,0.75,18.0,0,0,80,2,27115.086359971683,141,2,Female,80+
94573,18.0,18.0,8.0,3.7,0.54,18.0,0,0,62,2,9078.80902615503,148,2,Female,60-79
94575,16.0,19.0,9.0,4.2,0.62,17.0,0,0,80,2,37541.804109391065,142,1,Female,80+
94576,27.0,22.0,22.0,3.9,0.59,16.0,0,0,33,2,33257.79518250213,144,2,Female,20-39
94577,13.0,16.0,10.0,4.5,0.69,15.0,0,0,30,2,112979.11357406822,138,1,Female,20-39
94578,21.0,18.0,11.0,4.0,0.92,21.0,0,0,71,1,11716.842740383134,142,2,Male,60-79
94579,21.0,16.0,19.0,3.9,1.08,12.0,0,0,52,1,29885.437941733984,139,1,Male,40-59
94583,9.0,18.0,21.0,3.6,1.21,13.0,0,0,80,1,15135.033418525212,145,1,Male,80+
94586,12.0,16.0,20.0,4.1,0.6,10.0,0,0,74,2,128916.29724974095,144,2,Female,60-79
94589,35.0,21.0,43.0,4.4,0.84,12.0,0,0,33,1,94067.06012990419,135,1,Male,20-39
94590,16.0,18.0,28.0,4.2,0.72,15.0,0,0,65,2,20280.08470409473,143,1,Female,60-79
94591,,,,,,,,,42,1,27358.364055382226,140,1,Male,40-59
94594,,,,,,,,,42,2,23306.77335906435,136,1,Female,40-59
94595,9.0,18.0,7.0,4.5,0.74,12.0,0,0,28,1,15685.03762162133,138,2,Male,20-39
94596,16.0,19.0,17.0,4.6,1.29,18.0,0,0,45,1,58858.01540905257,146,1,Male,40-59
94600,,,,,,,,,77,2,78281.8750170408,141,2,Female,60-79
94605,25.0,25.0,23.0,3.4,1.4,15.0,0,0,42,1,24724.826431746922,146,1,Male,40-59
94606,28.0,28.0,26.0,3.6,0.69,18.0,0,0,57,2,12720.943917442877,139,2,Female,40-59
94607,20.0,17.0,17.0,4.6,0.9,10.0,0,0,38,1,95111.43105726373,141,2,Male,20-39
94608,12.0,18.0,14.0,4.6,0.89,11.0,0,0,24,1,35642.01692062388,148,1,Male,20-39
94609,38.0,31.0,45.0,4.0,0.99,22.0,0,0,70,2,14218.046980700507,134,2,Female,60-79
94615,26.0,21.0,45.0,3.9,0.84,13.0,0,0,47,2,52103.45605185761,136,1,Female,40-59
94616,16.0,14.0,21.0,3.8,1.01,13.0,0,0,62,1,9199.676750054703,135,2,Male,60-79
94618,28.0,17.0,24.0,3.9,1.13,13.0,0,0,49,1,197704.92841778623,136,2,Male,40-59
94619,19.0,23.0,59.0,4.8,1.1,15.0,0,0,61,1,6238.510987897685,144,1,Male,60-79
94623,18.0,20.0,18.0,4.2,0.74,19.0,0,0,48,2,180878.01805128658,145,2,Female,40-59
94624,68.0,29.0,78.0,4.3,0.96,15.0,0,0,38,1,18559.12365455731,140,2,Male,20-39
94625,16.0,16.0,21.0,3.9,1.06,14.0,0,0,22,1,32362.46579130165,146,1,Male,20-39
94627,29.0,20.0,72.0,4.1,0.89,20.0,0,0,59,1,51137.33798897342,134,2,Male,40-59
94631,10.0,18.0,9.0,4.0,0.68,10.0,0,0,21,2,66671.89869363021,142,2,Female,20-39
94632,11.0,13.0,17.0,4.0,1.06,27.0,0,0,70,2,56442.25440337611,141,2,Female,60-79
94633,49.0,35.0,34.0,3.9,0.65,18.0,0,0,68,2,100348.65382642974,140,2,Female,60-79
94634,13.0,29.0,15.0,4.1,1.19,13.0,0,0,80,2,27437.332264615052,141,2,Female,80+
94638,,,,,,,,,35,1,36387.463641275404,146,1,Male,20-39
94640,12.0,15.0,14.0,3.5,0.63,8.0,0,0,55,2,12571.055462938484,141,1,Female,40-59
94641,24.0,28.0,34.0,4.3,1.7,20.0,0,0,70,1,27097.923925382853,143,1,Male,60-79
94642,13.0,12.0,36.0,3.7,0.64,15.0,0,0,62,2,33804.84496001585,143,2,Female,60-79
94644,18.0,19.0,15.0,4.7,0.86,18.0,0,0,24,1,57498.65618399874,140,1,Male,20-39
94647,8.0,12.0,10.0,4.3,0.56,11.0,0,0,38,2,18357.907881786963,141,1,Female,20-39
94648,15.0,14.0,15.0,4.4,0.39,8.0,0,0,45,2,26775.84523247507,135,2,Female,40-59
94649,15.0,17.0,14.0,4.1,0.91,21.0,0,0,67,1,90351.31396361878,140,1,Male,60-79
94650,15.0,18.0,32.0,4.4,0.69,15.0,0,0,65,2,14084.812146170301,139,1,Female,60-79
94651,17.0,18.0,14.0,3.8,0.94,13.0,0,0,57,2,47931.74741415846,145,1,Female,40-59
94652,24.0,22.0,15.0,3.9,0.9,21.0,0,0,74,2,63486.73681247059,138,2,Female,60-79
94654,21.0,24.0,35.0,4.0,0.97,18.0,0,0,61,2,181104.40858644477,143,1,Female,60-79
94660,10.0,13.0,8.0,3.9,0.85,13.0,0,0,40,2,29733.4460988385,144,2,Female,40-59
94663,13.0,14.0,10.0,3.9,0.7,12.0,0,0,30,2,32913.68798391762,140,2,Female,20-39
94664,21.0,23.0,35.0,3.7,1.01,16.0,0,0,41,1,9814.572175138013,148,1,Male,40-59
94666,16.0,16.0,18.0,4.2,0.87,9.0,0,0,38,2,17868.53548114413,145,1,Female,20-39
94669,21.0,19.0,12.0,4.6,0.95,14.0,0,0,38,1,322377.07968472847,136,1,Male,20-39
94670,9.0,13.0,24.0,4.3,1.62,19.0,0,0,60,1,7847.451396767999,145,1,Male,60-79
94672,31.0,26.0,29.0,4.1,0.57,11.0,0,0,29,2,144629.71393818563,139,1,Female,20-39
94673,19.0,28.0,21.0,4.0,0.61,12.0,0,0,23,2,30837.768137405765,142,2,Female,20-39
94676,14.0,16.0,23.0,3.8,0.94,14.0,0,0,67,1,5168.129019122317,147,1,Male,60-79
94677,18.0,16.0,17.0,4.0,0.77,12.0,0,0,25,2,97289.06720707983,147,1,Female,20-39
94678,25.0,30.0,14.0,4.0,0.67,15.0,0,0,58,2,227337.6812928,134,1,Female,40-59
94679,25.0,23.0,19.0,4.6,0.86,13.0,0,0,63,1,16971.205332058995,136,1,Male,60-79
94681,16.0,14.0,21.0,4.2,0.51,11.0,0,0,60,1,42686.77980946129,145,1,Male,60-79
94684,21.0,23.0,15.0,4.3,0.64,9.0,0,0,38,2,43703.17766005538,139,2,Female,20-39
94685,9.0,15.0,12.0,3.8,0.7,14.0,0,0,47,2,15307.72808701908,146,2,Female,40-59
94686,53.0,77.0,14.0,3.8,0.6,10.0,0,0,33,2,151447.5516961899,137,1,Female,20-39
94687,14.0,25.0,12.0,4.4,0.68,12.0,0,0,35,2,20365.160538144224,138,2,Female,20-39
94688,13.0,14.0,11.0,3.8,1.02,18.0,0,0,61,1,220143.51149914527,143,2,Male,60-79
94689,20.0,15.0,33.0,4.3,0.82,11.0,0,0,22,1,25723.86438875693,139,1,Male,20-39
94693,16.0,23.0,43.0,4.3,1.02,16.0,0,0,59,1,24993.092898927884,143,2,Male,40-59
94695,16.0,19.0,17.0,4.0,0.75,17.0,0,0,56,2,213676.0416043046,142,2,Female,40-59
94696,12.0,14.0,10.0,3.9,0.93,14.0,0,0,43,2,33201.976389499054,142,2,Female,40-59
94697,14.0,15.0,10.0,4.7,0.67,12.0,0,0,23,2,104368.1218467227,137,2,Female,20-39
94698,15.0,20.0,50.0,4.2,0.63,9.0,0,0,59,2,26663.39144010257,146,2,Female,40-59
94704,9.0,17.0,15.0,3.8,1.34,19.0,0,0,80,2,21226.987871902373,144,1,Female,80+
94705,16.0,18.0,14.0,3.9,0.8,18.0,0,0,62,2,23972.780745761105,141,1,Female,60-79
94706,14.0,26.0,9.0,4.0,0.65,9.0,0,0,43,2,20413.50790756158,138,2,Female,40-59
94707,,,,,,,,,80,1,20258.14725516324,145,1,Male,80+
94708,9.0,13.0,28.0,4.1,1.16,18.0,0,0,41,1,91845.59624997697,142,2,Male,40-59
94710,18.0,14.0,30.0,3.6,1.24,7.0,0,0,35,1,21008.130901723114,143,2,Male,20-39
94711,23.0,25.0,18.0,4.0,0.9,20.0,0,0,64,2,34694.108236062384,142,1,Female,60-79
94713,10.0,18.0,14.0,4.1,0.81,11.0,0,0,56,2,19275.539326671515,145,1,Female,40-59
94716,14.0,20.0,14.0,4.3,0.84,19.0,0,0,76,2,53591.5220911925,147,2,Female,60-79
94719,27.0,19.0,24.0,3.6,0.74,14.0,0,0,56,2,18431.56321369246,141,2,Female,40-59
94720,25.0,18.0,25.0,4.0,0.72,11.0,0,0,22,1,19024.25796500163,145,1,Male,20-39
94721,49.0,29.0,28.0,3.9,0.84,14.0,0,0,30,1,69056.72523981654,148,2,Male,20-39
94724,9.0,16.0,16.0,3.7,1.22,27.0,0,0,80,2,72154.65070712932,137,2,Female,80+
94725,27.0,17.0,24.0,4.4,1.18,21.0,0,0,56,1,339593.35132358084,140,2,Male,40-59
94726,15.0,15.0,38.0,3.9,0.73,12.0,0,0,46,2,121762.76609411885,141,2,Female,40-59
94729,20.0,23.0,68.0,4.0,1.87,18.0,0,0,37,1,22266.99421448657,145,2,Male,20-39
94730,11.0,13.0,19.0,4.0,0.55,9.0,0,0,62,2,7723.434969669536,142,2,Female,60-79
94731,11.0,17.0,22.0,3.9,0.77,7.0,0,0,44,2,24654.882561184582,141,1,Female,40-59
94732,,,,,,,,,45,2,16582.44656803708,138,1,Female,40-59
94735,20.0,22.0,51.0,3.9,1.04,18.0,0,0,45,2,52989.638101772114,143,2,Female,40-59
94736,15.0,13.0,20.0,4.2,1.04,16.0,0,0,51,1,13595.943930200396,138,2,Male,40-59
94739,,,,,,,,,57,1,30663.61874821586,140,1,Male,40-59
94740,13.0,13.0,24.0,4.3,0.61,14.0,0,0,46,2,9216.900653609457,144,1,Female,40-59
94744,37.0,25.0,35.0,4.2,1.03,17.0,0,0,43,1,46536.400985290624,143,1,Male,40-59
94747,28.0,27.0,34.0,4.5,0.78,10.0,0,0,59,2,134179.8962121209,140,1,Female,40-59
94748,12.0,20.0,31.0,2.5,2.12,15.0,0,0,51,2,12829.505355157815,145,2,Female,40-59
94750,15.0,21.0,29.0,3.7,1.34,46.0,0,0,80,1,12238.205967231213,147,2,Male,80+
94752,19.0,15.0,24.0,3.9,0.74,29.0,0,0,73,1,70988.50132075677,134,1,Male,60-79
94753,11.0,17.0,18.0,4.1,0.86,15.0,0,0,74,2,11805.007161875028,148,1,Female,60-79
94754,17.0,16.0,32.0,3.8,0.7,20.0,0,0,65,2,72178.64325701728,139,2,Female,60-79
94755,13.0,21.0,46.0,4.1,0.87,23.0,0,0,74,2,14987.454782155079,145,1,Female,60-79
94760,11.0,20.0,15.0,4.1,1.15,24.0,0,0,74,2,12914.220262542316,145,2,Female,60-79
94761,33.0,22.0,36.0,4.4,0.89,17.0,0,0,24,1,12368.799829349216,135,2,Male,20-39
94763,12.0,17.0,25.0,4.3,0.91,10.0,0,0,43,1,53958.086136776816,136,1,Male,40-59
94764,14.0,16.0,16.0,3.2,0.8,8.0,0,0,43,2,20744.367397026184,147,2,Female,40-59
94765,189.0,82.0,215.0,4.1,1.0,20.0,0,0,55,1,37869.66567738116,135,1,Male,40-59
94766,17.0,20.0,23.0,3.8,1.04,13.0,0,0,42,1,21248.5013246952,134,2,Male,40-59
94767,19.0,24.0,18.0,4.5,1.34,28.0,0,0,69,1,8015.421646571205,138,1,Male,60-79
94768,21.0,28.0,20.0,4.1,1.07,22.0,0,0,80,1,64933.15386849376,145,2,Male,80+
94771,13.0,14.0,12.0,4.4,0.65,10.0,0,0,42,2,45632.187946109625,140,1,Female,40-59
94773,16.0,17.0,33.0,4.4,0.97,14.0,0,0,32,1,90562.99782960028,147,1,Male,20-39
94775,10.0,13.0,12.0,4.0,0.84,9.0,0,0,26,2,32046.95781866735,136,1,Female,20-39
94776,15.0,15.0,17.0,4.1,0.9,21.0,0,0,72,1,14536.25662616123,140,1,Male,60-79
94777,14.0,21.0,16.0,4.0,0.84,18.0,0,0,80,2,23923.696288613228,144,1,Female,80+
94779,47.0,35.0,61.0,4.1,1.1,28.0,0,0,80,1,22968.744834556226,145,2,Male,80+
94780,24.0,22.0,19.0,3.6,1.2,20.0,0,0,74,1,31849.733455753903,148,1,Male,60-79
94783,13.0,17.0,10.0,4.1,0.62,10.0,0,0,28,2,14431.368191739275,138,1,Female,20-39
94785,24.0,24.0,16.0,4.0,0.97,17.0,0,0,55,1,9494.206985111368,141,1,Male,40-59
94786,17.0,15.0,18.0,4.1,0.64,11.0,0,0,24,2,78004.62289737903,143,2,Female,20-39
94788,11.0,16.0,13.0,4.0,0.58,10.0,0,0,53,2,21032.52436435445,146,2,Female,40-59
94792,6.0,12.0,7.0,4.2,7.43,28.0,0,0,66,1,17676.152256736663,141,1,Male,60-79
94793,35.0,20.0,17.0,4.2,0.95,17.0,0,0,40,1,39271.712886605375,137,1,Male,40-59
94795,14.0,19.0,9.0,4.1,0.84,15.0,0,0,27,2,31550.706069675907,135,2,Female,20-39
94797,14.0,15.0,14.0,4.2,0.43,16.0,0,0,66,2,12306.957619842822,137,1,Female,60-79
94801,23.0,18.0,43.0,3.9,1.18,15.0,0,0,45,1,37570.08607231361,144,2,Male,40-59
94802,31.0,23.0,37.0,4.0,0.82,14.0,0,0,22,1,37744.694180486,144,2,Male,20-39
94805,19.0,36.0,42.0,3.0,0.87,14.0,0,0,62,1,27943.949144146718,143,2,Male,60-79
94806,26.0,23.0,41.0,4.1,0.8,17.0,0,0,55,1,18499.76826945307,141,2,Male,40-59
94808,18.0,17.0,36.0,4.0,0.75,10.0,0,0,41,2,13367.899624084726,144,2,Female,40-59
94809,14.0,22.0,11.0,3.7,0.69,20.0,0,0,79,2,14155.892919445065,141,2,Female,60-79
94810,12.0,26.0,19.0,4.1,0.86,8.0,0,0,56,1,14152.017460318948,135,2,Male,40-59
94811,15.0,18.0,22.0,4.3,1.33,14.0,0,0,68,1,9235.46671192966,138,1,Male,60-79
94812,40.0,29.0,22.0,3.7,0.9,12.0,0,0,46,1,14949.226658310676,138,2,Male,40-59
94813,22.0,25.0,25.0,4.8,0.62,7.0,0,0,62,2,8365.86816664375,140,2,Female,60-79
94819,14.0,18.0,9.0,4.1,0.59,17.0,0,0,32,2,15599.154804683252,148,1,Female,20-39
94826,17.0,18.0,13.0,4.0,1.39,32.0,0,0,66,2,5564.549279698351,135,2,Female,60-79
94829,11.0,19.0,15.0,4.2,0.84,12.0,0,0,80,2,59103.09430136407,136,2,Female,80+
94831,10.0,15.0,16.0,4.1,0.84,8.0,0,0,64,2,28959.669084765148,145,1,Female,60-79
94832,31.0,27.0,23.0,4.0,0.94,22.0,0,0,71,2,129915.41965759979,141,1,Female,60-79
94834,16.0,16.0,13.0,4.3,1.18,31.0,0,0,62,2,66507.84106756627,135,1,Female,60-79
94835,14.0,15.0,34.0,3.8,0.88,8.0,0,0,59,2,75340.20662684646,135,2,Female,40-59
94836,21.0,23.0,14.0,4.1,0.73,14.0,0,0,71,2,11417.316144112654,139,2,Female,60-79
94837,11.0,10.0,9.0,4.1,0.53,9.0,0,0,33,2,31212.269525312502,136,2,Female,20-39
94844,32.0,25.0,24.0,4.2,1.06,21.0,0,0,36,1,245217.7521757388,141,1,Male,20-39
94847,13.0,15.0,54.0,3.8,2.16,54.0,0,0,80,2,16667.38853818682,148,2,Female,80+
94848,31.0,18.0,30.0,3.7,0.62,14.0,0,0,32,2,32320.73593403508,141,2,Female,20-39
94850,69.0,82.0,223.0,3.9,0.68,7.0,0,0,46,1,39772.13960065667,143,1,Male,40-59
94852,20.0,18.0,25.0,4.1,0.75,14.0,0,0,33,1,32631.116817989307,137,1,Male,20-39
94854,18.0,18.0,16.0,4.1,0.61,15.0,0,0,52,2,221581.40830849833,136,1,Female,40-59
94855,39.0,42.0,134.0,4.0,1.33,8.0,0,0,54,1,17770.344640434778,147,1,Male,40-59
94856,11.0,15.0,14.0,3.9,0.78,22.0,0,0,77,2,142038.87090281092,137,2,Female,60-79
94857,33.0,31.0,34.0,4.1,0.7,18.0,0,0,35,2,38515.44042225811,135,2,Female,20-39
94858,26.0,24.0,29.0,3.9,0.72,23.0,0,0,44,2,57107.213760739396,142,1,Female,40-59
94860,10.0,15.0,20.0,3.9,0.66,14.0,0,0,33,2,12668.92961850628,148,2,Female,20-39
94861,29.0,16.0,25.0,3.6,0.76,12.0,0,0,56,2,18139.85402371957,140,2,Female,40-59
94862,17.0,20.0,18.0,4.3,0.67,14.0,0,0,53,2,20614.630792830503,136,1,Female,40-59
94863,10.0,15.0,18.0,3.9,1.44,34.0,0,0,51,1,23257.908125500577,138,1,Male,40-59
94867,29.0,22.0,42.0,4.4,1.01,15.0,0,0,55,1,144703.8256641279,147,1,Male,40-59
94868,19.0,25.0,21.0,3.8,0.73,13.0,0,0,59,1,31862.13380162143,148,1,Male,40-59
94872,12.0,18.0,22.0,4.0,1.19,23.0,0,0,80,1,11959.152210541539,137,2,Male,80+
94873,24.0,16.0,32.0,4.2,0.74,17.0,0,0,21,1,38188.30702153896,146,2,Male,20-39
94877,17.0,20.0,30.0,4.1,0.84,15.0,0,0,71,1,15285.04776656646,135,2,Male,60-79
94878,13.0,17.0,16.0,3.9,0.82,10.0,0,0,37,2,37300.04157519461,145,2,Female,20-39
94879,15.0,16.0,10.0,3.9,1.02,12.0,0,0,48,2,8414.717475605308,148,2,Female,40-59
94882,64.0,42.0,59.0,4.7,0.71,18.0,0,0,55,2,22192.805843718772,138,1,Female,40-59
94883,24.0,24.0,13.0,4.1,1.13,14.0,0,0,59,1,11076.824884900409,147,1,Male,40-59
94885,33.0,23.0,32.0,4.1,1.56,21.0,0,0,64,1,10498.76260136408,144,1,Male,60-79
94887,,,,,,,,,80,1,13637.546717683917,140,1,Male,80+
94889,13.0,15.0,13.0,3.9,1.24,19.0,0,0,41,2,25124.33911416733,136,2,Female,40-59
94890,12.0,19.0,119.0,4.3,0.76,14.0,0,0,57,1,242401.01781456848,141,1,Male,40-59
94891,19.0,16.0,22.0,4.2,0.78,15.0,0,0,40,2,30352.061057342562,147,1,Female,40-59
94892,13.0,15.0,22.0,4.6,0.8,14.0,0,0,61,1,44385.273749512024,142,1,Male,60-79
94893,15.0,14.0,14.0,4.3,0.78,20.0,0,0,48,2,13847.706329169228,141,1,Female,40-59
94894,32.0,25.0,40.0,3.6,0.98,14.0,0,0,50,1,268265.4505677305,134,2,Male,40-59
94895,,,,,,,,,23,2,10748.613984425387,135,2,Female,20-39
94896,13.0,15.0,20.0,3.4,0.55,5.0,0,0,50,2,34106.36719265908,144,2,Female,40-59
94898,11.0,11.0,17.0,3.9,0.56,20.0,0,0,74,2,57450.32300562594,142,1,Female,60-79
94899,11.0,14.0,12.0,4.2,0.68,13.0,0,0,32,2,27145.192846449736,147,1,Female,20-39
94902,37.0,35.0,38.0,3.8,0.57,12.0,0,0,67,2,11904.335465293681,137,2,Female,60-79
94903,,,,,,,,,49,1,34671.18695479599,144,2,Male,40-59
94906,121.0,62.0,170.0,4.3,1.06,13.0,0,0,46,1,33297.891412600206,140,1,Male,40-59
94907,11.0,20.0,16.0,3.6,0.98,17.0,0,0,80,2,62568.65821442198,139,1,Female,80+
94908,15.0,14.0,20.0,3.7,1.06,16.0,0,0,56,2,15704.314338136008,145,1,Female,40-59
94909,25.0,23.0,26.0,4.3,1.12,14.0,0,0,59,1,83451.2105173788,142,1,Male,40-59
94916,8.0,17.0,11.0,3.9,0.9,9.0,0,0,26,2,29700.774660392515,145,1,Female,20-39
94918,38.0,32.0,326.0,4.4,0.84,13.0,0,0,71,1,27430.29816481121,139,1,Male,60-79
94920,21.0,20.0,29.0,4.2,1.03,12.0,0,0,58,2,32724.009070647513,136,1,Female,40-59
94921,20.0,19.0,16.0,4.1,0.63,12.0,0,0,61,2,9746.420956373908,138,2,Female,60-79
94922,9.0,15.0,19.0,4.3,0.96,9.0,0,0,66,1,10173.01350519615,139,1,Male,60-79
94924,47.0,33.0,145.0,4.0,0.86,9.0,0,0,29,2,99340.48348134573,146,2,Female,20-39
94926,11.0,15.0,18.0,4.0,0.91,7.0,0,0,37,1,90967.37962587041,142,2,Male,20-39
94927,8.0,16.0,16.0,4.2,0.67,11.0,0,0,28,2,14165.974149756295,148,2,Female,20-39
94929,15.0,19.0,15.0,4.1,0.86,18.0,0,0,78,1,71292.71825665611,144,1,Male,60-79
94930,7.0,14.0,10.0,3.4,1.01,16.0,0,0,50,2,15792.479433175973,143,2,Female,40-59
94931,,,,,,,,,63,2,37316.62602409381,142,1,Female,60-79
94933,30.0,26.0,53.0,3.8,0.71,13.0,0,0,54,2,32580.512250886182,136,1,Female,40-59
94935,30.0,23.0,54.0,4.0,0.79,14.0,0,0,41,2,55436.04617135303,141,2,Female,40-59
94936,13.0,14.0,12.0,3.8,0.6,12.0,0,0,25,2,19517.986980740057,144,1,Female,20-39
94937,,,,,,,,,59,1,8899.930419412645,135,2,Male,40-59
94938,28.0,23.0,26.0,4.2,1.11,11.0,0,0,61,1,12019.538225367256,142,1,Male,60-79
94939,19.0,26.0,59.0,3.8,1.44,12.0,0,0,31,1,25849.133904984858,145,2,Male,20-39
94940,13.0,21.0,15.0,3.7,1.39,35.0,0,0,80,2,27181.359102612,147,2,Female,80+
94941,13.0,17.0,25.0,3.9,1.03,14.0,0,0,28,1,17617.925622667728,144,1,Male,20-39
94945,24.0,21.0,25.0,3.9,0.91,18.0,0,0,29,1,36195.72058056196,143,2,Male,20-39
94946,100.0,38.0,56.0,4.0,0.74,15.0,0,0,23,1,58965.5377711878,141,2,Male,20-39
94950,33.0,33.0,166.0,3.6,0.82,15.0,0,0,80,2,49199.080248961756,137,2,Female,80+
94952,14.0,13.0,16.0,4.1,0.91,21.0,0,0,63,2,58343.68054669584,145,1,Female,60-79
94953,12.0,12.0,26.0,3.3,1.3,17.0,0,0,59,2,26231.813129045375,139,2,Female,40-59
94954,38.0,48.0,23.0,4.5,1.1,20.0,0,0,34,1,41566.85441828147,141,1,Male,20-39
94957,35.0,24.0,38.0,4.6,1.03,13.0,0,0,43,1,198606.01049903754,146,2,Male,40-59
94958,14.0,19.0,14.0,4.4,0.74,15.0,0,0,58,2,17117.282774410338,138,2,Female,40-59
94959,21.0,18.0,59.0,4.8,1.52,20.0,0,0,48,1,38805.30170575049,139,1,Male,40-59
94960,41.0,31.0,17.0,4.8,0.84,10.0,0,0,26,1,82650.29354015067,136,2,Male,20-39
94962,10.0,16.0,8.0,3.9,0.71,18.0,0,0,57,2,23774.77277664668,138,2,Female,40-59
94964,27.0,18.0,18.0,4.1,0.61,13.0,0,0,48,1,49541.43725412124,143,2,Male,40-59
94966,39.0,26.0,28.0,4.8,1.33,26.0,0,0,44,1,25975.562179479264,141,1,Male,40-59
94967,8.0,15.0,11.0,3.8,0.92,18.0,0,0,40,2,22273.110669322716,134,2,Female,40-59
94968,23.0,23.0,21.0,4.3,1.04,10.0,0,0,24,1,22836.775055869435,147,1,Male,20-39
94969,19.0,18.0,38.0,3.9,2.17,32.0,0,0,80,1,10205.607217547973,142,1,Male,80+
94970,34.0,30.0,127.0,3.9,0.71,11.0,0,0,55,1,21315.300443017917,144,2,Male,40-59
94972,14.0,16.0,14.0,3.3,0.65,6.0,0,0,39,2,43991.217650535546,142,2,Female,20-39
94975,27.0,23.0,22.0,4.3,1.09,17.0,0,0,56,1,25077.464689340348,141,1,Male,40-59
94977,25.0,22.0,69.0,4.0,0.89,16.0,0,0,75,2,43324.17069389078,146,2,Female,60-79
94979,50.0,36.0,36.0,4.1,0.7,13.0,0,0,66,1,8683.816645025221,145,2,Male,60-79
94980,,,,,,,,,60,2,14574.939356546416,148,2,Female,60-79
94982,11.0,19.0,17.0,4.0,0.62,14.0,0,0,32,2,26004.164352312746,145,2,Female,20-39
94984,,,,,,,,,62,1,8410.377571605753,141,2,Male,60-79
94986,20.0,19.0,23.0,4.2,1.28,22.0,0,0,62,1,127771.01075197046,142,1,Male,60-79
94987,14.0,13.0,15.0,3.4,1.47,37.0,0,0,63,2,42096.440811125714,134,2,Female,60-79
94989,8.0,16.0,35.0,4.0,0.88,12.0,0,0,35,1,29523.661720890006,146,2,Male,20-39
94990,19.0,17.0,26.0,4.0,1.15,13.0,0,0,56,1,38279.77259108641,142,2,Male,40-59
94991,,,,,,,,,26,1,40309.86350838506,146,2,Male,20-39
94993,26.0,41.0,27.0,4.1,0.77,21.0,0,0,80,2,24998.52304978566,145,1,Female,80+
94995,20.0,20.0,24.0,4.4,1.06,15.0,0,0,58,1,14978.415257699231,136,2,Male,40-59
94997,20.0,26.0,14.0,4.2,0.65,16.0,0,0,44,2,24638.00740446675,140,2,Female,40-59
94998,26.0,20.0,69.0,4.1,0.88,17.0,0,0,45,1,30137.291655497524,139,2,Male,40-59
95000,13.0,18.0,31.0,3.6,1.32,23.0,0,0,76,2,18049.463718108513,134,2,Female,60-79
95001,11.0,16.0,25.0,3.5,1.11,27.0,0,0,80,2,23927.353306257082,141,2,Female,80+
95002,28.0,21.0,54.0,4.4,0.7,11.0,0,0,26,1,18291.266223085728,141,2,Male,20-39
95004,13.0,17.0,29.0,3.8,0.81,9.0,0,0,80,1,38528.019950182854,136,2,Male,80+
95005,,,,,,,,,46,1,18821.316516012528,143,2,Male,40-59
95007,14.0,19.0,21.0,3.9,0.99,17.0,0,0,79,1,15366.73930819021,143,2,Male,60-79
95011,11.0,13.0,18.0,4.0,0.96,13.0,0,0,65,2,19886.784565051552,146,2,Female,60-79
95013,33.0,19.0,29.0,4.2,0.86,13.0,0,0,56,1,146482.39689477024,142,1,Male,40-59
95014,40.0,17.0,23.0,4.3,0.74,10.0,0,0,35,1,56941.48884821805,135,2,Male,20-39
95016,21.0,19.0,25.0,4.1,1.28,15.0,0,0,73,1,16879.447275361526,147,2,Male,60-79
95019,26.0,21.0,26.0,4.7,1.05,13.0,0,0,40,1,25342.689979921277,139,2,Male,40-59
95020,9.0,13.0,15.0,3.9,1.03,16.0,0,0,80,2,20973.07413637755,145,2,Female,80+
95025,38.0,27.0,52.0,3.9,0.77,14.0,0,0,57,1,227609.24286163365,142,2,Male,40-59
95026,22.0,24.0,20.0,4.5,1.05,11.0,0,0,20,1,25940.84846708411,146,1,Male,20-39
95027,15.0,19.0,20.0,4.0,0.77,22.0,0,0,76,2,11049.899910394995,134,1,Female,60-79
95028,29.0,19.0,71.0,4.3,0.83,9.0,0,0,30,1,41053.96420277171,141,2,Male,20-39
95029,11.0,11.0,36.0,3.6,0.69,10.0,0,0,43,2,18373.42864731554,140,2,Female,40-59
95030,8.0,15.0,21.0,4.0,0.91,13.0,0,0,63,1,9488.778521060018,145,1,Male,60-79
95031,25.0,27.0,37.0,3.2,0.66,13.0,0,0,54,2,104165.34070729451,142,1,Female,40-59
95033,20.0,20.0,22.0,4.5,0.51,8.0,0,0,49,2,8982.488660703706,147,1,Female,40-59
95034,14.0,18.0,14.0,4.3,0.83,16.0,0,0,61,2,303381.14736537816,143,1,Female,60-79
95035,61.0,24.0,28.0,4.3,0.8,16.0,0,0,42,1,22188.997515243784,143,2,Male,40-59
95036,17.0,26.0,31.0,3.9,1.13,20.0,0,0,80,1,26752.204591624457,142,1,Male,80+
95037,9.0,15.0,6.0,2.6,0.49,6.0,0,0,20,2,62210.83453316743,141,2,Female,20-39
95039,,,,,,,,,23,2,94148.84895619247,137,2,Female,20-39
95040,14.0,12.0,13.0,2.8,0.55,9.0,0,0,26,2,16801.717789771028,147,2,Female,20-39
95041,23.0,15.0,27.0,3.8,0.57,26.0,0,0,60,2,7590.272297778684,135,2,Female,60-79
95042,59.0,55.0,42.0,4.2,0.63,13.0,0,0,65,2,9382.880566233041,146,2,Female,60-79
95043,23.0,28.0,12.0,4.4,0.66,26.0,0,0,64,1,6761.148811913362,136,2,Male,60-79
95044,12.0,13.0,60.0,4.0,0.71,18.0,0,0,67,2,7390.2729862275,139,2,Female,60-79
95045,20.0,22.0,22.0,4.0,0.76,12.0,0,0,69,2,120778.07377728679,145,1,Female,60-79
95046,11.0,20.0,29.0,4.2,0.83,15.0,0,0,63,2,8062.108464813608,148,2,Female,60-79
95047,23.0,27.0,45.0,4.3,1.95,46.0,0,0,74,1,6983.649044934972,139,2,Male,60-79
95048,7.0,16.0,16.0,4.6,0.99,19.0,0,0,23,1,268835.6461828625,143,1,Male,20-39
95051,47.0,26.0,71.0,4.1,1.01,10.0,0,0,52,1,19430.230283813773,143,2,Male,40-59
95052,9.0,12.0,5.0,3.0,0.42,4.0,0,0,40,2,24855.46492859503,137,1,Female,40-59
95053,,,,,,,,,50,1,30553.217744691345,146,2,Male,40-59
95055,21.0,17.0,23.0,4.2,0.83,14.0,0,0,40,1,48172.00760521521,135,2,Male,40-59
95056,14.0,16.0,21.0,3.7,0.93,14.0,0,0,34,2,26788.20832184867,139,1,Female,20-39
95057,26.0,30.0,28.0,4.6,0.93,13.0,0,0,71,1,54035.303667888744,139,2,Male,60-79
95058,11.0,10.0,23.0,3.4,0.69,14.0,0,0,36,2,99961.08030909588,146,2,Female,20-39
95059,37.0,50.0,153.0,3.8,0.73,7.0,0,0,53,1,25233.26108600871,146,2,Male,40-59
95060,12.0,17.0,14.0,4.2,0.64,13.0,0,0,44,2,21633.3342589134,140,1,Female,40-59
95061,25.0,19.0,27.0,4.7,0.84,11.0,0,0,45,1,52623.53892477433,141,2,Male,40-59
95062,27.0,25.0,30.0,4.3,1.11,16.0,0,0,61,1,7147.76197074884,145,2,Male,60-79
95063,7.0,13.0,13.0,4.2,0.9,14.0,0,0,46,2,40222.97537395921,145,1,Female,40-59
95064,13.0,23.0,23.0,4.0,0.87,9.0,0,0,27,1,15372.122503710627,147,1,Male,20-39
95066,10.0,21.0,19.0,4.3,0.53,10.0,0,0,73,2,19249.13922031262,139,1,Female,60-79
95067,20.0,18.0,22.0,3.5,0.83,13.0,0,0,55,2,22527.34273448437,144,1,Female,40-59
95068,26.0,26.0,16.0,4.3,1.01,22.0,0,0,80,2,32650.30029101572,142,1,Female,80+
95069,24.0,21.0,17.0,4.4,1.04,11.0,0,0,26,1,124334.32274920758,142,1,Male,20-39
95070,15.0,11.0,28.0,3.7,1.11,16.0,0,0,61,1,11649.518831189405,146,2,Male,60-79
95071,19.0,16.0,5.0,3.8,0.54,8.0,0,0,38,2,48210.31432416,143,1,Female,20-39
95073,17.0,20.0,33.0,4.1,1.17,19.0,0,0,71,2,22191.412843483413,135,2,Female,60-79
95074,,,,,,,,,37,2,37488.759483972106,144,1,Female,20-39
95075,,,,,,,,,70,1,12262.173548827617,147,2,Male,60-79
95077,21.0,17.0,21.0,4.5,1.11,16.0,0,0,47,1,28042.84973471198,148,1,Male,40-59
95080,51.0,110.0,26.0,4.5,0.91,14.0,0,0,28,1,54330.801151062165,134,1,Male,20-39
95083,32.0,25.0,24.0,4.2,0.93,16.0,0,0,37,1,80666.8649325279,145,1,Male,20-39
95088,28.0,23.0,32.0,3.9,0.54,18.0,0,0,50,2,21002.990326377527,135,1,Female,40-59
95089,9.0,13.0,30.0,3.8,0.69,10.0,0,0,31,2,33024.96855598543,146,2,Female,20-39
95091,40.0,45.0,341.0,2.8,1.37,17.0,0,0,62,1,12576.052198036361,146,1,Male,60-79
95093,12.0,17.0,9.0,4.0,0.61,17.0,0,0,51,2,14791.655684001798,148,2,Female,40-59
95094,17.0,18.0,12.0,3.7,0.46,10.0,0,0,37,2,30420.029447597422,141,2,Female,20-39
95095,17.0,19.0,20.0,4.0,0.87,19.0,0,0,80,2,34655.141129196956,139,2,Female,80+
95096,27.0,19.0,22.0,4.0,1.01,13.0,0,0,21,1,64142.86375571987,148,2,Male,20-39
95097,13.0,14.0,13.0,3.8,0.77,15.0,0,0,66,2,272498.88866307226,147,2,Female,60-79
95098,17.0,17.0,37.0,4.1,1.05,18.0,0,0,68,1,10067.387675604108,140,1,Male,60-79
95099,18.0,17.0,25.0,4.2,0.72,18.0,0,0,70,2,23014.641684617527,148,1,Female,60-79
95101,,,,,,,,,80,2,17265.082932863417,139,2,Female,80+
95102,13.0,17.0,20.0,4.2,0.7,8.0,0,0,61,2,17354.471239967217,138,1,Female,60-79
95103,24.0,18.0,20.0,4.4,1.19,16.0,0,0,39,1,91837.28681255238,137,2,Male,20-39
95105,30.0,26.0,20.0,4.2,1.16,21.0,0,0,67,1,84299.95492392457,139,2,Male,60-79
95110,41.0,37.0,54.0,3.6,0.81,16.0,0,0,67,2,14819.666926824937,148,1,Female,60-79
95113,19.0,17.0,12.0,4.1,0.59,10.0,0,0,20,2,74951.39885671798,135,1,Female,20-39
95114,64.0,33.0,40.0,4.1,0.81,16.0,0,0,34,1,43145.5905135033,148,2,Male,20-39
95115,12.0,17.0,10.0,4.5,0.46,8.0,0,0,33,2,26218.10193377446,144,1,Female,20-39
95116,,,,,,,,,62,1,175736.55094650472,137,2,Male,60-79
95118,20.0,20.0,33.0,4.8,0.88,17.0,0,0,57,1,10809.396355114128,138,2,Male,40-59
95121,17.0,19.0,16.0,4.3,0.7,16.0,0,0,66,2,9601.390872226239,142,2,Female,60-79
95123,25.0,25.0,16.0,3.9,0.9,19.0,0,0,50,2,29730.406761139508,143,1,Female,40-59
95124,20.0,,45.0,4.1,0.84,12.0,0,0,58,1,35594.15796462809,146,2,Male,40-59
95126,14.0,15.0,25.0,3.3,0.8,15.0,0,0,59,2,26352.203416465978,138,1,Female,40-59
95128,9.0,13.0,20.0,3.9,0.79,12.0,0,0,33,2,26004.164352312746,145,2,Female,20-39
95129,22.0,18.0,18.0,4.0,0.87,24.0,0,0,60,1,6964.950346832928,137,2,Male,60-79
95131,15.0,22.0,17.0,4.3,0.96,17.0,0,0,60,1,26440.8522078181,139,2,Male,60-79
95134,13.0,14.0,30.0,4.3,0.93,17.0,0,0,37,1,58268.56579748185,137,2,Male,20-39
95135,9.0,12.0,41.0,3.6,1.43,28.0,0,0,78,1,8137.145905730223,137,2,Male,60-79
95137,24.0,20.0,18.0,4.4,1.15,17.0,0,0,53,2,114410.98965908763,139,2,Female,40-59
95138,9.0,14.0,17.0,3.9,0.6,15.0,0,0,71,2,169435.34266015035,141,1,Female,60-79
95140,14.0,18.0,20.0,4.2,0.64,12.0,0,0,42,2,34102.39216497976,136,2,Female,40-59
95143,13.0,17.0,10.0,4.5,0.58,11.0,0,0,51,2,31974.41524202826,142,2,Female,40-59
95148,22.0,19.0,29.0,3.7,0.45,10.0,0,0,56,2,39035.52165060789,142,2,Female,40-59
95149,9.0,12.0,16.0,3.3,0.67,10.0,0,0,48,2,221220.8279413378,146,1,Female,40-59
95151,19.0,22.0,14.0,3.5,1.06,25.0,0,0,80,2,24756.21442969308,140,1,Female,80+
95152,24.0,28.0,45.0,3.9,1.05,15.0,0,0,59,1,20336.37913355701,147,2,Male,40-59
95153,15.0,13.0,15.0,4.0,0.58,14.0,0,0,23,2,76480.18264151609,139,2,Female,20-39
95155,18.0,17.0,10.0,3.8,4.11,55.0,0,0,62,1,12772.02371665756,140,2,Male,60-79
95157,,,,,,,,,54,1,31434.75587268281,143,1,Male,40-59
95160,25.0,32.0,29.0,3.9,0.84,12.0,0,0,66,2,13653.641472495558,144,1,Female,60-79
95163,18.0,23.0,23.0,3.6,1.36,26.0,0,0,68,1,21756.869760460853,138,1,Male,60-79
95165,,,,,,,,,39,2,43358.74578247661,144,2,Female,20-39
95168,14.0,16.0,38.0,3.7,0.86,17.0,0,0,59,2,13694.806153344316,144,1,Female,40-59
95169,19.0,25.0,17.0,3.9,0.5,14.0,0,0,61,2,7612.506267059802,136,2,Female,60-79
95170,25.0,33.0,42.0,3.9,0.87,17.0,0,0,67,2,21447.12823769287,138,2,Female,60-79
95171,18.0,18.0,21.0,4.1,1.04,15.0,0,0,41,2,41313.03301907458,141,2,Female,40-59
95172,17.0,11.0,28.0,3.9,1.31,28.0,0,0,71,2,36636.67535737191,136,2,Female,60-79
95173,11.0,19.0,14.0,4.0,1.26,20.0,0,0,80,1,9139.886578489686,142,2,Male,80+
95174,28.0,19.0,23.0,4.3,0.63,7.0,0,0,25,2,76619.6945714018,141,2,Female,20-39
95177,,,,,,,,,57,2,7504.285015975035,140,2,Female,40-59
95179,11.0,13.0,16.0,4.1,0.82,15.0,0,0,31,2,47635.6532100871,138,1,Female,20-39
95181,15.0,26.0,19.0,3.8,1.14,19.0,0,0,39,1,25109.44466055254,145,2,Male,20-39
95182,17.0,18.0,30.0,3.5,1.19,11.0,0,0,56,1,41396.89265774038,134,2,Male,40-59
95184,9.0,14.0,36.0,3.6,0.73,9.0,0,0,21,2,67035.08943007753,134,2,Female,20-39
95186,28.0,30.0,26.0,4.1,0.59,10.0,0,0,28,2,20179.897665401117,138,2,Female,20-39
95189,7.0,15.0,11.0,3.5,1.2,17.0,0,0,66,1,6561.03057299,143,2,Male,60-79
95190,12.0,19.0,18.0,4.5,0.69,10.0,0,0,28,2,46807.061564515956,144,1,Female,20-39
95191,26.0,24.0,13.0,3.8,0.58,15.0,0,0,54,2,29349.132949251394,144,2,Female,40-59
95197,24.0,21.0,41.0,4.5,0.73,13.0,0,0,34,1,48681.175369432225,136,1,Male,20-39
95199,13.0,17.0,34.0,3.8,1.76,32.0,0,0,61,2,10996.145755127594,147,1,Female,60-79
95200,13.0,16.0,16.0,4.3,0.6,18.0,0,0,23,2,24357.020496101704,147,1,Female,20-39
95202,15.0,25.0,11.0,4.6,0.77,8.0,0,0,23,2,78396.56015769759,135,1,Female,20-39
95203,19.0,24.0,24.0,3.8,1.2,10.0,0,0,54,1,15166.597085332942,144,1,Male,40-59
95206,10.0,18.0,15.0,3.6,0.87,16.0,0,0,47,1,21248.5013246952,134,2,Male,40-59
95207,,,,,,,,,71,2,20021.09935573211,138,1,Female,60-79
95208,14.0,22.0,9.0,3.7,0.92,12.0,0,0,78,1,20822.98732595015,140,2,Male,60-79
95209,23.0,31.0,9.0,3.5,1.16,30.0,0,0,73,2,28930.575624715137,134,1,Female,60-79
95210,11.0,12.0,8.0,3.9,0.76,15.0,0,0,44,2,113858.31303271321,135,1,Female,40-59
95211,8.0,15.0,9.0,3.8,0.77,10.0,0,0,22,2,53810.533274723326,142,2,Female,20-39
95213,13.0,20.0,14.0,4.5,0.76,10.0,0,0,25,1,45185.57403097385,148,1,Male,20-39
95214,50.0,44.0,218.0,3.9,1.04,14.0,0,0,70,1,8893.301593054883,143,1,Male,60-79
95215,27.0,23.0,31.0,4.2,0.75,14.0,0,0,52,2,63253.289632633925,145,2,Female,40-59
95216,16.0,15.0,22.0,4.4,1.14,16.0,0,0,50,1,20924.05365315533,134,2,Male,40-59
95220,14.0,20.0,22.0,4.3,0.73,21.0,0,0,61,2,8415.597701687035,142,2,Female,60-79
95221,14.0,17.0,9.0,3.9,0.59,8.0,0,0,35,2,37536.914431376536,146,2,Female,20-39
95222,,,,,,,,,72,2,54484.58893432138,145,2,Female,60-79
95224,20.0,23.0,31.0,4.1,0.81,17.0,0,0,73,1,14834.114345798767,136,2,Male,60-79
95227,17.0,19.0,16.0,4.4,0.9,12.0,0,0,22,1,35816.92118668393,134,2,Male,20-39
95228,48.0,28.0,52.0,4.6,1.03,15.0,0,0,46,1,250520.34289287488,146,2,Male,40-59
95231,16.0,17.0,15.0,4.4,1.03,15.0,0,0,32,1,31589.30869484049,142,1,Male,20-39
95232,7.0,13.0,12.0,3.4,0.48,12.0,0,0,23,2,23047.058254656986,144,1,Female,20-39
95233,29.0,16.0,27.0,3.8,0.57,16.0,0,0,21,2,24515.76997096758,140,2,Female,20-39
95236,12.0,17.0,18.0,4.0,0.84,19.0,0,0,76,2,19940.111047513506,148,1,Female,60-79
95237,13.0,22.0,27.0,4.3,1.07,16.0,0,0,29,1,116873.9878932861,147,2,Male,20-39
95238,19.0,22.0,33.0,4.0,1.13,19.0,0,0,78,1,10105.216455892938,134,1,Male,60-79
95239,87.0,29.0,66.0,3.8,0.4,7.0,0,0,23,2,44042.215116210944,136,2,Female,20-39
95242,9.0,17.0,18.0,4.1,0.81,11.0,0,0,58,2,60147.437060783115,136,1,Female,40-59
95243,,,,,,,,,68,2,9097.832697076123,144,1,Female,60-79
95244,30.0,20.0,19.0,3.7,0.86,11.0,0,0,48,2,10707.855852098555,146,2,Female,40-59
95247,79.0,42.0,28.0,4.3,1.01,24.0,0,0,64,2,24007.34565337438,136,2,Female,60-79
95249,9.0,15.0,14.0,3.8,1.15,25.0,0,0,70,2,39350.67949937557,138,2,Female,60-79
95250,,,,,,,,,44,1,18386.371974694037,138,2,Male,40-59
95251,,,,,,,,,38,2,81601.14608957531,135,1,Female,20-39
95252,16.0,17.0,12.0,4.4,0.96,26.0,0,0,70,1,19696.934175390426,143,1,Male,60-79
95255,37.0,27.0,20.0,3.8,0.82,12.0,0,0,24,2,102200.27010956121,136,2,Female,20-39
95256,10.0,15.0,9.0,3.7,0.82,16.0,0,0,66,2,30882.04281017148,139,2,Female,60-79
95257,9.0,14.0,13.0,3.6,0.86,12.0,0,0,39,2,21482.091852977377,141,1,Female,20-39
95258,34.0,18.0,54.0,4.7,1.05,16.0,0,0,62,1,9228.076311487906,140,1,Male,60-79
95259,12.0,17.0,22.0,3.9,0.79,15.0,0,0,80,1,36792.17048544074,141,2,Male,80+
95260,22.0,24.0,13.0,4.6,1.18,22.0,0,0,26,1,145376.50064836614,144,1,Male,20-39
95261,16.0,15.0,16.0,3.7,0.7,12.0,0,0,24,2,47110.467601359465,148,1,Female,20-39
95262,10.0,11.0,14.0,3.5,0.6,8.0,0,0,24,2,46895.65465848457,137,1,Female,20-39
95265,18.0,14.0,30.0,3.8,0.43,10.0,0,0,46,2,40358.857363023395,135,1,Female,40-59
95266,87.0,40.0,60.0,3.7,0.76,20.0,0,0,58,2,142475.97004235472,139,2,Female,40-59
95268,14.0,19.0,19.0,4.1,0.92,13.0,0,0,70,1,47352.31282812457,138,2,Male,60-79
95272,11.0,20.0,10.0,4.2,0.71,17.0,0,0,80,2,24296.736205435413,139,2,Female,80+
95273,15.0,17.0,33.0,4.2,0.98,15.0,0,0,62,1,23568.294163249346,136,1,Male,60-79
95274,7.0,14.0,10.0,3.6,0.58,4.0,0,0,48,2,189007.85930350987,142,2,Female,40-59
95275,9.0,16.0,10.0,3.2,0.95,12.0,0,0,41,2,27772.219146152645,147,2,Female,40-59
95276,20.0,17.0,11.0,4.3,0.92,11.0,0,0,33,1,217665.4682725732,147,2,Male,20-39
95278,14.0,16.0,16.0,3.4,0.63,14.0,0,0,43,2,19525.912178622573,146,2,Female,40-59
95279,19.0,15.0,22.0,4.4,0.77,13.0,0,0,36,1,27649.193763474523,137,1,Male,20-39
95280,12.0,17.0,15.0,3.8,0.59,8.0,0,0,42,2,74577.20697540173,146,2,Female,40-59
95281,10.0,13.0,16.0,3.8,2.59,50.0,0,0,61,2,9717.62938395216,147,1,Female,60-79
95284,17.0,18.0,30.0,3.7,0.58,24.0,0,0,41,2,7793.255840673924,144,2,Female,40-59
95287,15.0,16.0,13.0,4.1,0.85,15.0,0,0,56,2,32044.146534291274,141,1,Female,40-59
95288,14.0,16.0,29.0,4.6,0.75,11.0,0,0,34,1,69316.32719412161,140,2,Male,20-39
95289,11.0,15.0,22.0,3.9,0.7,12.0,0,0,56,2,35094.21970856047,143,2,Female,40-59
95296,28.0,20.0,22.0,4.7,0.82,17.0,0,0,40,1,23902.014116112627,136,1,Male,40-59
95298,18.0,28.0,23.0,4.5,1.33,19.0,0,0,60,1,8746.924103100386,145,1,Male,60-79
95302,13.0,14.0,21.0,3.7,0.69,14.0,0,0,45,2,16859.3225532476,136,2,Female,40-59
95308,8.0,13.0,8.0,4.3,0.64,8.0,0,0,64,2,9430.03970862812,143,2,Female,60-79
95310,24.0,17.0,40.0,4.0,0.78,17.0,0,0,52,1,16187.12492287572,136,1,Male,40-59
95312,29.0,20.0,16.0,3.9,0.82,17.0,0,0,25,1,29149.023326021448,137,2,Male,20-39
95313,17.0,18.0,17.0,3.8,0.82,15.0,0,0,54,2,300980.75719794474,134,1,Female,40-59
95315,12.0,18.0,7.0,3.6,0.87,9.0,0,0,63,2,60414.046815524904,142,2,Female,60-79
95316,51.0,33.0,34.0,4.0,1.17,17.0,0,0,43,1,16182.254033331063,143,2,Male,40-59
95318,21.0,,17.0,4.0,0.57,20.0,0,0,60,2,239893.12382842024,134,1,Female,60-79
95319,8.0,13.0,11.0,4.3,0.61,17.0,0,0,55,2,12916.799727356522,136,2,Female,40-59
95321,33.0,21.0,47.0,4.0,0.8,11.0,0,0,65,1,9545.0964977354,143,2,Male,60-79
95323,11.0,18.0,8.0,4.8,0.93,9.0,0,0,21,1,36967.8108819838,137,1,Male,20-39
95324,,,,,,,,,70,1,33763.301267344126,146,1,Male,60-79
95325,16.0,14.0,19.0,4.2,0.79,30.0,0,0,68,1,12538.906376499233,134,1,Male,60-79
95326,33.0,27.0,78.0,4.2,0.82,15.0,0,0,72,1,96526.61158103723,135,1,Male,60-79
95329,15.0,17.0,22.0,4.4,0.78,18.0,0,0,47,1,12551.05975654854,134,2,Male,40-59
95330,11.0,12.0,45.0,3.8,1.47,19.0,0,0,77,2,20781.46503844929,145,2,Female,60-79
95332,,,,,,,,,75,2,20984.181048410457,138,1,Female,60-79
95333,18.0,18.0,26.0,4.1,0.92,18.0,0,0,39,1,40294.89107767913,134,2,Male,20-39
95334,5.0,17.0,21.0,3.9,0.74,16.0,0,0,60,2,10338.607726007333,148,2,Female,60-79
95338,36.0,22.0,51.0,4.3,1.0,19.0,0,0,72,1,9181.346235892675,141,2,Male,60-79
95342,18.0,30.0,12.0,4.3,0.57,13.0,0,0,31,2,50783.90006072839,136,2,Female,20-39
95346,14.0,23.0,11.0,4.0,1.1,13.0,0,0,61,2,20467.400975893943,140,2,Female,60-79
95348,56.0,43.0,24.0,4.2,0.62,7.0,0,0,39,2,54064.360850796795,138,2,Female,20-39
95351,56.0,31.0,36.0,4.1,0.88,14.0,0,0,25,2,22948.268319710893,140,2,Female,20-39
95352,30.0,26.0,104.0,4.2,0.72,12.0,0,0,50,2,23938.5088723769,139,2,Female,40-59
95353,12.0,13.0,19.0,3.7,0.63,14.0,0,0,39,2,28570.607461953736,137,2,Female,20-39
95356,14.0,20.0,14.0,3.9,1.04,22.0,0,0,61,1,11260.357872375822,138,2,Male,60-79
95357,31.0,56.0,16.0,4.4,1.37,17.0,0,0,56,2,41356.02727738206,146,2,Female,40-59
95358,18.0,18.0,264.0,3.8,1.08,31.0,0,0,70,2,15017.153294908434,136,1,Female,60-79
95360,13.0,18.0,15.0,3.9,1.1,20.0,0,0,69,1,265875.4336674994,135,1,Male,60-79
95361,,,,,,,,,72,1,90877.73058145057,137,1,Male,60-79
95362,11.0,15.0,13.0,4.3,0.65,14.0,0,0,42,2,27806.42408809305,141,2,Female,40-59
95364,,,,,,,,,41,1,24425.163940039118,138,2,Male,40-59
95366,12.0,13.0,11.0,3.6,0.55,7.0,0,0,44,2,8715.790653814121,136,2,Female,40-59
95367,23.0,22.0,22.0,4.0,0.74,13.0,0,0,55,2,42065.957072598474,135,1,Female,40-59
95372,16.0,15.0,25.0,4.2,1.07,30.0,0,0,80,1,21646.96493939944,141,2,Male,80+
95374,54.0,40.0,21.0,4.2,0.74,11.0,0,0,27,1,33867.63036212483,142,2,Male,20-39
95375,25.0,30.0,54.0,4.3,1.02,21.0,0,0,56,1,19822.959867443435,144,2,Male,40-59
95377,32.0,28.0,25.0,3.4,1.01,12.0,0,0,63,1,36499.192737426645,141,2,Male,60-79
95378,,,,,,,,,80,2,14028.430065417248,134,2,Female,80+
95379,,,,,,,,,59,1,26045.962542991267,138,2,Male,40-59
95380,34.0,27.0,26.0,3.8,1.59,32.0,0,0,62,1,16970.815822591434,146,1,Male,60-79
95382,37.0,31.0,45.0,3.6,1.53,19.0,0,0,60,1,15334.667452372767,136,1,Male,60-79
95385,11.0,17.0,13.0,4.0,0.75,12.0,0,0,28,2,33140.03385962184,137,1,Female,20-39
95389,16.0,18.0,10.0,4.5,0.99,15.0,0,0,20,1,51743.92472339771,142,1,Male,20-39
95391,40.0,22.0,57.0,3.9,0.61,13.0,0,0,44,2,13626.209945852348,136,2,Female,40-59
95392,15.0,18.0,16.0,4.4,0.89,8.0,0,0,21,1,70245.50052937641,146,2,Male,20-39
95393,13.0,12.0,17.0,3.8,0.67,11.0,0,0,28,2,25437.66362205054,134,2,Female,20-39
95394,21.0,15.0,26.0,4.1,0.93,13.0,0,0,47,1,42100.742697942835,137,1,Male,40-59
95397,10.0,16.0,20.0,4.3,2.24,27.0,0,0,68,1,27776.073994517283,146,1,Male,60-79
95401,12.0,20.0,9.0,3.5,0.87,22.0,0,0,80,2,25310.419638141568,140,1,Female,80+
95402,28.0,31.0,17.0,4.4,1.08,12.0,0,0,28,1,41520.10458620278,146,2,Male,20-39
95403,21.0,24.0,11.0,4.5,0.7,21.0,0,0,49,2,33341.17642023432,136,2,Female,40-59
95405,14.0,16.0,32.0,4.5,1.16,16.0,0,0,53,1,14703.210725071844,145,2,Male,40-59
95406,15.0,24.0,44.0,4.3,0.79,12.0,0,0,80,1,34730.59204275586,144,1,Male,80+
95410,16.0,19.0,14.0,3.9,1.03,16.0,0,0,76,1,9841.094537490933,138,1,Male,60-79
95411,10.0,11.0,31.0,3.3,2.5,79.0,0,0,71,1,11968.579672726464,138,2,Male,60-79
95412,16.0,18.0,30.0,3.8,0.94,12.0,0,0,60,1,11548.258906951265,134,1,Male,60-79
95413,33.0,44.0,99.0,4.2,0.42,17.0,0,0,51,2,30497.283077756514,139,2,Female,40-59
95414,26.0,22.0,26.0,4.7,1.05,11.0,0,0,27,1,18318.616410487248,136,2,Male,20-39
95415,17.0,18.0,13.0,4.6,0.74,17.0,0,0,36,2,271806.5667266507,137,2,Female,20-39
95416,6.0,19.0,27.0,4.0,0.73,13.0,0,0,36,2,20562.141099343684,148,1,Female,20-39
95417,18.0,13.0,26.0,4.2,0.74,13.0,0,0,63,1,14932.750754646995,135,2,Male,60-79
95418,27.0,22.0,28.0,3.6,1.43,22.0,0,0,59,1,38960.83097757653,142,2,Male,40-59
95419,25.0,20.0,26.0,4.2,0.79,15.0,0,0,68,1,11855.67286860757,138,1,Male,60-79
95421,14.0,17.0,27.0,3.8,0.92,12.0,0,0,78,1,14747.986843933286,134,1,Male,60-79
95422,16.0,19.0,11.0,3.8,0.73,13.0,0,0,39,2,113649.28671129246,141,1,Female,20-39
95423,12.0,16.0,14.0,4.0,0.63,11.0,0,0,33,2,11579.983425442815,137,1,Female,20-39
95424,14.0,17.0,20.0,4.3,1.2,16.0,0,0,40,1,373049.1014399557,147,2,Male,40-59
95425,51.0,38.0,23.0,4.7,1.11,14.0,0,0,22,1,15717.713418069727,144,1,Male,20-39
95427,31.0,29.0,33.0,4.0,1.86,22.0,0,0,62,1,8328.953949461555,145,2,Male,60-79
95429,,,,,,,,,60,2,9835.59186481074,143,2,Female,60-79
95431,21.0,15.0,30.0,3.3,1.15,35.0,0,0,66,2,32304.869767537133,143,2,Female,60-79
95434,18.0,28.0,58.0,4.5,1.25,36.0,0,0,78,2,27937.17528014867,140,1,Female,60-79
95436,10.0,14.0,7.0,3.7,0.82,16.0,0,0,43,2,19837.27328917808,137,1,Female,40-59
95437,23.0,21.0,10.0,4.1,1.14,12.0,0,0,23,1,17655.424447295794,135,2,Male,20-39
95442,12.0,15.0,10.0,4.4,0.73,13.0,0,0,33,2,68219.20883088326,146,1,Female,20-39
95444,11.0,12.0,8.0,4.2,0.74,6.0,0,0,37,2,40615.686155185846,139,2,Female,20-39
95445,40.0,34.0,53.0,3.9,0.66,13.0,0,0,24,2,31059.56251997747,143,2,Female,20-39
95446,37.0,21.0,122.0,4.7,0.95,14.0,0,0,42,1,42497.49216488327,144,1,Male,40-59
95447,20.0,20.0,25.0,3.8,0.51,9.0,0,0,70,2,14108.308115811124,142,2,Female,60-79
95448,25.0,24.0,25.0,4.1,1.56,27.0,0,0,80,1,54197.2644935803,140,1,Male,80+
95449,50.0,28.0,24.0,3.9,0.89,14.0,0,0,55,1,33447.76811106086,136,1,Male,40-59
95450,30.0,38.0,103.0,4.3,0.99,10.0,0,0,38,1,33006.733372200724,144,2,Male,20-39
95452,14.0,19.0,28.0,4.3,1.75,25.0,0,0,38,1,16474.493244853424,139,2,Male,20-39
95453,38.0,25.0,117.0,5.0,0.85,15.0,0,0,39,1,11352.4567809409,136,2,Male,20-39
95454,24.0,23.0,41.0,4.6,0.92,9.0,0,0,60,1,16434.459767432225,148,1,Male,60-79
95455,23.0,22.0,33.0,3.6,0.93,19.0,0,0,47,1,27419.046709021593,141,2,Male,40-59
95459,18.0,16.0,17.0,4.2,0.94,18.0,0,0,63,1,13627.950222766642,140,2,Male,60-79
95465,21.0,25.0,26.0,4.2,0.65,12.0,0,0,56,2,21495.362862208,137,1,Female,40-59
95466,37.0,30.0,39.0,4.3,1.0,11.0,0,0,52,1,38663.98536713161,139,2,Male,40-59
95467,10.0,20.0,22.0,3.7,0.77,12.0,0,0,80,2,15043.683512114314,143,2,Female,80+
95468,14.0,19.0,17.0,3.7,1.5,20.0,0,0,63,1,76660.2102879816,142,1,Male,60-79
95469,12.0,16.0,12.0,4.8,0.88,9.0,0,0,28,1,419762.836487576,147,2,Male,20-39
95471,14.0,35.0,11.0,4.0,1.16,21.0,0,0,80,1,96300.88509613687,136,1,Male,80+
95472,32.0,24.0,13.0,4.8,1.03,27.0,0,0,34,1,192201.58506658598,144,1,Male,20-39
95473,19.0,18.0,13.0,4.1,1.02,13.0,0,0,36,1,121002.21868963106,141,2,Male,20-39
95474,7.0,11.0,23.0,4.0,0.69,8.0,0,0,34,2,13334.36689511311,147,1,Female,20-39
95479,11.0,15.0,9.0,3.8,0.7,20.0,0,0,57,2,110610.03149050703,140,1,Female,40-59
95480,14.0,17.0,13.0,4.2,0.9,23.0,0,0,71,1,128366.14412592843,148,1,Male,60-79
95484,3.0,15.0,25.0,4.2,1.46,17.0,0,0,80,1,13064.30458034532,137,2,Male,80+
95486,12.0,13.0,15.0,4.1,0.88,15.0,0,0,36,2,52626.09179226726,145,2,Female,20-39
95488,10.0,11.0,15.0,3.3,0.41,7.0,0,0,21,2,93137.87592147235,146,1,Female,20-39
95492,13.0,18.0,33.0,3.8,0.74,13.0,0,0,80,2,99298.38351633641,145,2,Female,80+
95493,22.0,24.0,14.0,4.2,0.89,14.0,0,0,25,1,116802.70835233714,147,2,Male,20-39
95494,,,,,,,,,22,2,36964.57003284479,141,2,Female,20-39
95495,16.0,18.0,31.0,4.1,1.18,12.0,0,0,75,1,8342.517820495154,146,1,Male,60-79
95499,23.0,16.0,33.0,4.2,1.36,13.0,0,0,52,1,22162.486480056923,134,1,Male,40-59
95500,7.0,11.0,11.0,3.3,0.89,14.0,0,0,61,2,32474.290171233293,143,2,Female,60-79
95501,13.0,19.0,19.0,3.9,0.8,16.0,0,0,25,2,78101.4844425178,146,1,Female,20-39
95503,19.0,15.0,63.0,4.1,1.01,17.0,0,0,52,1,35564.77971105394,135,2,Male,40-59
95504,42.0,41.0,34.0,3.8,0.68,6.0,0,0,61,2,68318.59948740952,142,2,Female,60-79
95505,12.0,17.0,17.0,4.8,1.05,11.0,0,0,29,1,192081.54725124943,143,1,Male,20-39
95506,40.0,23.0,79.0,3.9,0.83,12.0,0,0,48,1,11857.662837076447,141,1,Male,40-59
95508,19.0,16.0,66.0,4.4,1.25,13.0,0,0,63,1,6854.802383229946,147,1,Male,60-79
95509,15.0,18.0,19.0,4.4,0.73,11.0,0,0,51,2,77738.73935251741,135,2,Female,40-59
95510,53.0,54.0,219.0,4.2,0.73,13.0,0,0,51,2,12748.954658108169,147,2,Female,40-59
95514,27.0,15.0,29.0,4.1,0.86,13.0,0,0,35,1,66932.82545959155,143,2,Male,20-39
95515,18.0,24.0,100.0,3.9,1.09,20.0,0,0,69,1,18798.44275539253,141,1,Male,60-79
95519,109.0,60.0,118.0,3.7,1.24,16.0,0,0,53,2,50454.830885006304,145,2,Female,40-59
95522,9.0,15.0,11.0,4.7,0.64,11.0,0,0,22,2,145674.53828034006,135,1,Female,20-39
95524,15.0,18.0,14.0,4.0,0.51,15.0,0,0,62,2,10101.539178072075,136,2,Female,60-79
95525,15.0,24.0,37.0,4.0,0.7,12.0,0,0,51,2,41195.17133963818,136,1,Female,40-59
95526,22.0,18.0,27.0,3.3,1.47,18.0,0,0,80,2,22700.387121450916,139,2,Female,80+
95527,,,,,,,,,58,1,35813.71195543551,140,1,Male,40-59
95528,11.0,14.0,14.0,3.9,0.67,17.0,0,0,75,2,75823.29532750865,148,2,Female,60-79
95531,30.0,26.0,22.0,4.0,0.92,19.0,0,0,58,1,266075.6725273547,134,1,Male,40-59
95533,27.0,21.0,41.0,4.4,1.5,28.0,0,0,68,1,30983.03050683859,140,1,Male,60-79
95534,13.0,13.0,11.0,3.9,1.0,25.0,0,0,67,2,9262.114604022552,141,2,Female,60-79
95535,42.0,26.0,35.0,4.0,0.86,18.0,0,0,46,1,13778.41418607196,141,2,Male,40-59
95537,26.0,25.0,69.0,4.3,0.81,13.0,0,0,48,1,12421.709597794888,136,1,Male,40-59
95539,14.0,21.0,13.0,3.7,1.58,18.0,0,0,69,1,10429.577259506184,136,1,Male,60-79
95540,20.0,19.0,19.0,4.3,0.81,14.0,0,0,68,1,6404.965553592774,136,2,Male,60-79
95541,31.0,42.0,25.0,4.1,0.83,11.0,0,0,65,2,8183.077114963996,148,2,Female,60-79
95542,24.0,70.0,23.0,4.1,0.86,6.0,0,0,56,2,15912.516816806992,144,1,Female,40-59
95543,10.0,13.0,11.0,4.2,0.53,11.0,0,0,28,2,30303.45706495714,148,1,Female,20-39
95544,45.0,28.0,41.0,4.8,1.05,19.0,0,0,29,1,183981.37691214276,139,1,Male,20-39
95547,91.0,96.0,124.0,3.5,0.9,18.0,0,0,57,1,16456.34879760823,137,1,Male,40-59
95548,12.0,17.0,25.0,4.4,1.14,17.0,0,0,28,1,168445.70869441202,142,2,Male,20-39
95549,32.0,29.0,97.0,4.4,0.57,9.0,0,0,53,2,21531.655438896993,148,2,Female,40-59
95550,25.0,14.0,31.0,4.0,0.95,19.0,0,0,62,1,57787.53616047033,143,2,Male,60-79
95551,31.0,30.0,32.0,4.0,0.52,9.0,0,0,57,2,11523.491101225005,141,2,Female,40-59
95553,13.0,17.0,21.0,4.5,0.93,19.0,0,0,79,1,12504.942837094213,138,2,Male,60-79
95556,27.0,18.0,37.0,4.2,1.14,9.0,0,0,41,1,60911.383231171996,138,2,Male,40-59
95557,22.0,22.0,44.0,3.8,0.86,24.0,0,0,79,2,34916.844039495496,141,1,Female,60-79
95559,12.0,14.0,14.0,3.6,0.7,13.0,0,0,42,2,43683.896006021685,140,1,Female,40-59
95561,28.0,21.0,41.0,4.0,1.04,16.0,0,0,63,1,10934.91045239265,144,1,Male,60-79
95563,46.0,138.0,9.0,4.2,1.18,23.0,0,0,46,2,88092.722321012,144,1,Female,40-59
95565,17.0,16.0,15.0,4.0,1.11,17.0,0,0,29,1,63053.83588712999,137,1,Male,20-39
95566,10.0,17.0,17.0,3.4,0.86,13.0,0,0,78,2,31072.007974546403,139,1,Female,60-79
95568,9.0,16.0,16.0,4.6,0.65,14.0,0,0,34,2,19305.10948728351,142,2,Female,20-39
95569,26.0,18.0,35.0,4.4,0.78,13.0,0,0,23,2,23502.91296532664,147,1,Female,20-39
95571,8.0,11.0,25.0,3.4,0.57,7.0,0,0,54,2,65525.80342833827,142,1,Female,40-59
95572,15.0,17.0,11.0,4.1,0.87,15.0,0,0,75,1,44391.27305537013,142,1,Male,60-79
95573,25.0,17.0,28.0,4.3,0.85,15.0,0,0,23,1,115955.17526177457,139,2,Male,20-39
95574,11.0,15.0,12.0,4.3,0.77,11.0,0,0,36,2,74480.8150764318,143,1,Female,20-39
95575,33.0,26.0,38.0,3.5,1.53,16.0,0,0,64,1,16873.402708062527,144,2,Male,60-79
95576,13.0,19.0,25.0,3.8,0.85,17.0,0,0,73,2,60065.88486300882,142,1,Female,60-79
95577,23.0,18.0,13.0,3.9,0.73,14.0,0,0,63,2,70721.94834996805,146,2,Female,60-79
95578,27.0,25.0,25.0,4.5,0.79,18.0,0,0,62,2,6861.163860142071,135,1,Female,60-79
95579,7.0,12.0,12.0,4.3,0.75,10.0,0,0,54,1,25924.8018150434,148,1,Male,40-59
95581,13.0,17.0,22.0,4.3,0.62,12.0,0,0,44,2,11833.57897082315,138,1,Female,40-59
95582,,,,,,,,,32,2,14234.79923780779,137,2,Female,20-39
95583,23.0,22.0,29.0,3.9,0.85,10.0,0,0,69,2,20798.292451212987,135,1,Female,60-79
95586,6.0,17.0,16.0,4.1,0.65,10.0,0,0,26,2,15415.679849949673,147,1,Female,20-39
95587,13.0,14.0,28.0,3.8,0.84,9.0,0,0,29,2,50295.76137920601,140,1,Female,20-39
95588,18.0,21.0,164.0,3.8,0.96,13.0,0,0,72,1,10908.258719512227,145,1,Male,60-79
95589,19.0,21.0,22.0,4.2,1.08,16.0,0,0,63,2,15300.54897508715,134,1,Female,60-79
95590,19.0,22.0,32.0,4.4,1.0,12.0,0,0,61,1,28055.756595207302,134,1,Male,60-79
95591,15.0,17.0,10.0,3.7,0.61,11.0,0,0,36,2,17696.450422521946,140,2,Female,20-39
95593,18.0,21.0,21.0,4.3,0.9,14.0,0,0,70,1,75961.96967904376,137,1,Male,60-79
95594,17.0,20.0,12.0,3.9,0.88,14.0,0,0,50,1,20924.05365315533,134,2,Male,40-59
95595,13.0,16.0,22.0,3.8,0.76,12.0,0,0,43,2,35699.13343852814,139,2,Female,40-59
95597,19.0,19.0,23.0,4.5,0.84,15.0,0,0,71,1,172750.29118516186,145,2,Male,60-79
95598,23.0,21.0,33.0,4.0,0.84,13.0,0,0,22,1,54640.57132622968,146,2,Male,20-39
95599,21.0,27.0,13.0,4.2,0.99,12.0,0,0,47,1,176836.54407164198,142,2,Male,40-59
95600,16.0,23.0,18.0,3.5,1.05,25.0,0,0,74,1,8413.046065389033,137,2,Male,60-79
95601,15.0,13.0,19.0,4.2,0.86,15.0,0,0,69,1,40905.80534865206,145,1,Male,60-79
95602,26.0,23.0,48.0,4.1,0.78,15.0,0,0,21,1,43826.99038900061,136,2,Male,20-39
95606,,,,,,,,,25,1,34925.576459942175,136,1,Male,20-39
95607,12.0,19.0,15.0,4.3,0.96,18.0,0,0,42,1,59211.744706031655,138,1,Male,40-59
95608,,,,,,,,,67,1,11103.335627923901,134,2,Male,60-79
95609,19.0,23.0,14.0,4.0,0.76,11.0,0,0,22,2,143802.03814149063,141,2,Female,20-39
95610,14.0,17.0,11.0,3.7,0.81,15.0,0,0,41,2,33330.66796577269,136,1,Female,40-59
95611,27.0,30.0,40.0,4.6,1.0,11.0,0,0,53,1,59997.4180165448,135,1,Male,40-59
95612,,,,,,,,,24,1,13373.675644170584,135,2,Male,20-39
95615,10.0,11.0,26.0,3.9,1.45,26.0,0,0,78,1,12477.398972403927,146,2,Male,60-79
95617,,,,,,,,,60,1,10796.22421300819,138,1,Male,60-79
95621,29.0,34.0,73.0,4.6,0.7,11.0,0,0,73,1,10359.045792993733,138,1,Male,60-79
95622,13.0,17.0,13.0,4.4,0.75,6.0,0,0,42,2,122298.04609262338,138,1,Female,40-59
95623,39.0,23.0,82.0,4.4,0.77,13.0,0,0,60,2,15023.662836253689,143,2,Female,60-79
95625,36.0,26.0,16.0,4.5,0.8,16.0,0,0,43,1,11486.257744450088,148,2,Male,40-59
95626,17.0,17.0,22.0,3.8,4.46,49.0,0,0,76,1,8760.33282669276,136,2,Male,60-79
95629,9.0,20.0,18.0,3.9,0.71,20.0,0,0,80,2,19681.633002489147,139,1,Female,80+
95630,6.0,11.0,7.0,3.2,1.5,27.0,0,0,80,2,14568.011855875373,145,2,Female,80+
95633,43.0,30.0,45.0,3.9,0.48,14.0,0,0,64,2,11302.130962039078,135,2,Female,60-79
95636,12.0,16.0,17.0,4.2,0.8,12.0,0,0,51,2,56210.72628813297,138,2,Female,40-59
95637,39.0,31.0,37.0,3.9,1.14,23.0,0,0,74,1,67267.62521760925,145,1,Male,60-79
95639,23.0,28.0,14.0,4.2,0.82,14.0,0,0,31,1,37340.87482911224,135,2,Male,20-39
95641,11.0,13.0,17.0,3.0,1.95,44.0,0,0,50,2,41319.92203890593,146,2,Female,40-59
95643,77.0,122.0,19.0,4.5,0.9,20.0,0,0,20,1,199593.06961970517,145,1,Male,20-39
95644,16.0,18.0,31.0,4.0,0.62,11.0,0,0,62,2,10338.607726007333,148,2,Female,60-79
95645,22.0,18.0,18.0,4.4,0.63,15.0,0,0,67,2,13944.026038022159,136,2,Female,60-79
95648,17.0,15.0,14.0,4.3,1.14,17.0,0,0,72,1,17973.043610379118,141,2,Male,60-79
95649,20.0,14.0,26.0,4.2,1.21,16.0,0,0,48,1,23013.33201855144,134,1,Male,40-59
95651,17.0,17.0,19.0,3.9,1.09,16.0,0,0,80,1,39902.997797804346,148,1,Male,80+
95652,10.0,15.0,10.0,4.1,0.63,7.0,0,0,44,2,58553.49418283297,135,1,Female,40-59
95654,21.0,18.0,65.0,3.6,1.45,25.0,0,0,72,1,58477.13032588189,145,1,Male,60-79
95655,48.0,28.0,65.0,4.5,0.86,14.0,0,0,22,1,125725.30211943055,135,2,Male,20-39
95656,23.0,38.0,27.0,3.5,1.56,27.0,0,0,78,1,9471.826041117247,135,2,Male,60-79
95657,19.0,21.0,17.0,4.7,0.79,18.0,0,0,31,1,110792.56025481748,144,1,Male,20-39
95658,51.0,52.0,14.0,3.4,1.15,10.0,0,0,29,1,82600.77939101467,142,2,Male,20-39
95659,,,,,,,,,46,1,6526.540573951338,135,2,Male,40-59
95662,15.0,19.0,4.0,4.3,0.55,13.0,0,0,44,2,180858.24697363342,145,2,Female,40-59
95663,18.0,21.0,49.0,4.2,1.23,16.0,0,0,43,1,53201.096594946,141,2,Male,40-59
95664,63.0,60.0,69.0,4.0,0.96,21.0,0,0,47,1,30245.051215572337,140,1,Male,40-59
95665,59.0,23.0,52.0,4.4,0.93,11.0,0,0,23,1,103584.8633494798,146,1,Male,20-39
95666,19.0,20.0,16.0,4.3,0.8,12.0,0,0,33,1,85517.16052632767,142,2,Male,20-39
95668,12.0,15.0,27.0,3.5,0.57,19.0,0,0,68,2,21575.32892378058,137,2,Female,60-79
95669,11.0,16.0,11.0,4.0,0.67,9.0,0,0,56,2,125233.37245534577,140,2,Female,40-59
95671,26.0,27.0,15.0,4.1,0.91,22.0,0,0,66,2,18461.88201166713,136,1,Female,60-79
95672,21.0,23.0,17.0,4.0,1.17,29.0,0,0,75,1,12842.946508580017,136,1,Male,60-79
95673,9.0,22.0,19.0,3.8,0.98,12.0,0,0,80,1,6437.0145942386425,147,1,Male,80+
95674,26.0,20.0,41.0,4.7,1.31,14.0,0,0,49,1,28958.128821869785,141,1,Male,40-59
95675,15.0,19.0,17.0,3.9,1.45,24.0,0,0,66,1,10634.040455716877,134,2,Male,60-79
95676,31.0,18.0,17.0,4.2,0.99,13.0,0,0,53,1,35505.3655204779,141,2,Male,40-59
95678,21.0,25.0,24.0,4.8,1.55,16.0,0,0,34,1,51340.136434945394,141,1,Male,20-39
95680,21.0,23.0,14.0,3.7,0.73,23.0,0,0,45,2,38232.098796146216,136,2,Female,40-59
95681,7.0,14.0,10.0,3.8,1.02,31.0,0,0,80,2,56539.61292543864,142,2,Female,80+
95684,19.0,26.0,30.0,4.8,1.05,18.0,0,0,30,1,226816.64246876023,144,2,Male,20-39
95685,35.0,19.0,18.0,3.7,0.8,18.0,0,0,30,1,52714.80770317261,135,1,Male,20-39
95687,12.0,19.0,39.0,3.3,2.16,39.0,0,0,80,1,7368.483056682557,145,2,Male,80+
95689,31.0,34.0,29.0,4.2,0.72,11.0,0,0,60,2,9885.632706191287,147,1,Female,60-79
95690,37.0,18.0,75.0,4.0,1.01,17.0,0,0,54,1,8577.651454091912,144,1,Male,40-59
95692,,,,,,,,,69,2,41427.99078796817,142,1,Female,60-79
95694,45.0,27.0,82.0,4.5,0.82,16.0,0,0,50,2,32596.856866962054,136,1,Female,40-59
95696,,,,,,,,,26,1,28815.95187897088,145,1,Male,20-39
95698,11.0,17.0,13.0,3.9,0.86,19.0,0,0,55,2,17318.366587014407,144,1,Female,40-59
95699,11.0,17.0,10.0,4.1,0.72,8.0,0,0,22,2,5144.141750912702,140,2,Female,20-39
95700,88.0,88.0,32.0,4.4,0.47,10.0,0,0,59,2,20894.10508438888,134,1,Female,40-59
95703,15.0,17.0,15.0,4.0,0.69,6.0,0,0,24,2,8974.035642719376,144,1,Female,20-39
95704,19.0,16.0,31.0,4.3,0.71,10.0,0,0,50,1,11821.731839403907,136,1,Male,40-59
95708,19.0,28.0,21.0,3.8,1.09,21.0,0,0,52,1,29968.23406986746,134,1,Male,40-59
95710,27.0,24.0,38.0,3.8,0.9,17.0,0,0,61,1,13357.075520108463,138,2,Male,60-79
95711,18.0,16.0,23.0,3.8,0.89,17.0,0,0,54,1,22853.226175129308,140,2,Male,40-59
95713,27.0,21.0,18.0,3.9,1.23,13.0,0,0,64,1,7125.984548608515,147,2,Male,60-79
95714,22.0,19.0,24.0,3.6,0.66,9.0,0,0,63,2,8837.788203169,144,1,Female,60-79
95716,14.0,15.0,16.0,4.0,0.48,8.0,0,0,38,2,34247.90889056614,147,2,Female,20-39
95717,17.0,19.0,24.0,4.3,0.88,18.0,0,0,76,1,86808.8263083968,141,2,Male,60-79
95718,16.0,18.0,25.0,4.1,0.82,11.0,0,0,63,1,16881.752012855926,139,2,Male,60-79
95719,16.0,17.0,10.0,4.7,1.14,14.0,0,0,22,1,43563.920584432904,141,2,Male,20-39
95720,14.0,18.0,9.0,4.3,0.83,16.0,0,0,59,2,6604.85182419198,135,2,Female,40-59
95722,46.0,35.0,29.0,4.3,0.63,12.0,0,0,38,1,24081.1911520528,136,2,Male,20-39
95723,14.0,22.0,29.0,3.5,0.71,16.0,0,0,80,2,22335.225126330046,136,1,Female,80+
95725,12.0,13.0,22.0,3.8,1.39,21.0,0,0,70,1,32415.832548262497,145,1,Male,60-79
95726,21.0,19.0,23.0,4.5,0.65,13.0,0,0,32,2,49340.30427984254,143,1,Female,20-39
95727,17.0,13.0,15.0,4.1,0.99,20.0,0,0,52,1,24403.127705449493,142,1,Male,40-59
95729,,,,,,,,,71,2,11916.092633476399,142,2,Female,60-79
95731,8.0,15.0,12.0,3.8,0.69,8.0,0,0,47,2,14254.991809438909,141,1,Female,40-59
95733,,,,,,,,,22,1,63549.20724454512,148,1,Male,20-39
95734,13.0,17.0,29.0,4.3,0.73,12.0,0,0,71,2,93318.15391259707,142,1,Female,60-79
95736,14.0,18.0,17.0,3.7,0.95,12.0,0,0,58,1,27332.969269461617,137,2,Male,40-59
95738,17.0,18.0,37.0,4.2,0.88,11.0,0,0,49,2,19943.510688277343,136,2,Female,40-59
95743,20.0,23.0,11.0,4.3,0.61,18.0,0,0,58,2,13730.482965334762,148,2,Female,40-59
95744,15.0,23.0,9.0,3.7,0.73,12.0,0,0,57,2,16406.524456133244,134,2,Female,40-59
95745,15.0,20.0,24.0,4.1,1.05,16.0,0,0,60,2,6949.84020341219,137,1,Female,60-79
95748,19.0,21.0,33.0,4.2,0.94,9.0,0,0,43,1,30379.823961685117,136,1,Male,40-59
95752,13.0,19.0,60.0,4.4,1.08,14.0,0,0,80,1,17437.5959530695,140,1,Male,80+
95754,48.0,25.0,22.0,4.0,1.1,16.0,0,0,33,1,100289.03736218196,142,2,Male,20-39
95756,12.0,18.0,14.0,4.6,0.87,8.0,0,0,26,1,84609.98173964862,143,2,Male,20-39
95759,11.0,16.0,11.0,3.8,0.56,13.0,0,0,63,2,10221.694744985987,145,2,Female,60-79
95761,20.0,25.0,15.0,3.8,0.95,13.0,0,0,51,1,25642.991530857817,141,2,Male,40-59
95762,32.0,26.0,33.0,4.0,0.9,9.0,0,0,32,1,58269.35437524451,143,1,Male,20-39
95763,6.0,24.0,23.0,3.2,2.02,55.0,0,0,75,1,9007.535159128169,147,2,Male,60-79
95765,43.0,34.0,136.0,4.3,0.94,19.0,0,0,51,1,34860.17432666249,138,2,Male,40-59
95767,16.0,14.0,27.0,3.9,0.98,18.0,0,0,60,1,23053.35915559146,139,2,Male,60-79
95768,18.0,21.0,21.0,4.2,0.86,11.0,0,0,23,1,78643.37573464014,138,2,Male,20-39
95769,,,,,,,,,61,1,12990.965812050074,143,2,Male,60-79
95770,27.0,18.0,39.0,4.0,0.99,11.0,0,0,50,1,15166.597085332942,144,1,Male,40-59
95771,22.0,19.0,23.0,3.7,0.92,14.0,0,0,63,2,19300.87030623738,141,1,Female,60-79
95772,20.0,19.0,55.0,3.9,0.65,16.0,0,0,64,2,11683.561702186676,142,2,Female,60-79
95773,19.0,17.0,24.0,3.6,0.99,21.0,0,0,66,2,12822.793268393982,136,1,Female,60-79
95775,16.0,20.0,14.0,4.0,0.61,13.0,0,0,37,2,30326.99714992055,136,1,Female,20-39
95777,14.0,19.0,22.0,4.2,0.96,20.0,0,0,78,2,35452.47034872297,140,1,Female,60-79
95778,13.0,15.0,16.0,4.6,0.61,6.0,0,0,35,2,26808.608418677595,136,2,Female,20-39
95780,25.0,42.0,127.0,4.0,0.78,12.0,0,0,78,2,26406.51658621987,136,1,Female,60-79
95785,27.0,23.0,74.0,4.3,0.7,8.0,0,0,51,1,23047.309265011707,145,1,Male,40-59
95787,33.0,25.0,20.0,4.0,0.8,14.0,0,0,27,1,21714.084026457604,136,2,Male,20-39
95788,13.0,19.0,13.0,4.6,0.67,10.0,0,0,28,2,163797.60582984754,145,2,Female,20-39
95789,10.0,15.0,12.0,4.5,0.78,7.0,0,0,48,2,126483.30953353953,141,2,Female,40-59
95791,27.0,24.0,31.0,4.0,1.01,13.0,0,0,33,1,25708.06186190378,140,2,Male,20-39
95792,18.0,17.0,17.0,4.6,0.85,12.0,0,0,23,1,156608.47396064605,139,1,Male,20-39
95793,47.0,33.0,40.0,3.8,0.54,15.0,0,0,26,2,34409.04458978264,142,2,Female,20-39
95794,32.0,24.0,235.0,4.4,0.85,12.0,0,0,63,1,13601.728678679683,136,1,Male,60-79
95798,15.0,22.0,16.0,4.0,0.64,22.0,0,0,76,2,79701.21053834999,145,2,Female,60-79
95799,20.0,19.0,12.0,4.1,0.97,15.0,0,0,25,2,66217.27664497911,142,1,Female,20-39
95802,12.0,12.0,7.0,3.9,1.36,21.0,0,0,68,1,197224.65719967734,145,2,Male,60-79
95803,19.0,20.0,36.0,3.8,1.32,13.0,0,0,38,1,102299.0647518483,141,2,Male,20-39
95807,21.0,13.0,14.0,4.0,0.73,11.0,0,0,34,2,73633.63355458234,144,1,Female,20-39
95809,36.0,53.0,321.0,3.9,0.57,8.0,0,0,59,2,23572.017806434833,134,1,Female,40-59
95811,18.0,20.0,19.0,3.8,0.64,15.0,0,0,24,2,27987.458182669714,140,1,Female,20-39
95812,19.0,28.0,19.0,3.7,0.9,16.0,0,0,63,2,14462.46154697088,144,1,Female,60-79
95813,37.0,35.0,81.0,3.5,0.91,21.0,0,0,80,1,8353.718302547297,140,1,Male,80+
95814,23.0,36.0,13.0,3.6,0.99,10.0,0,0,45,1,24594.14731746208,141,1,Male,40-59
95819,,,,,,,,,80,1,53456.32413718052,144,2,Male,80+
95820,,,,,,,,,37,1,33718.07193928072,146,1,Male,20-39
95822,11.0,18.0,25.0,4.4,0.83,13.0,0,0,66,1,16231.312631113062,148,1,Male,60-79
95824,21.0,22.0,25.0,4.2,1.01,11.0,0,0,66,1,5666.772376106171,138,2,Male,60-79
95825,17.0,16.0,15.0,3.7,0.56,13.0,0,0,45,2,31095.587915230186,143,2,Female,40-59
95828,11.0,15.0,13.0,4.1,1.3,14.0,0,0,80,1,20079.8866842221,143,1,Male,80+
95829,28.0,27.0,27.0,4.1,0.71,16.0,0,0,70,1,151305.12496989348,143,1,Male,60-79
95831,24.0,19.0,20.0,4.0,0.71,20.0,0,0,63,2,17962.95834959919,138,1,Female,60-79
95833,43.0,31.0,329.0,4.6,0.77,12.0,0,0,61,1,28271.174255330647,148,1,Male,60-79
95835,17.0,17.0,23.0,3.9,0.62,15.0,0,0,48,2,32982.27354369695,138,2,Female,40-59
95836,14.0,19.0,11.0,4.4,0.99,20.0,0,0,55,2,35234.088201371465,139,2,Female,40-59
95838,11.0,14.0,27.0,4.1,1.96,40.0,0,0,80,1,21498.07670099355,136,1,Male,80+
95839,27.0,19.0,15.0,4.2,1.22,14.0,0,0,44,1,35796.87323574217,143,1,Male,40-59
95841,27.0,20.0,27.0,4.5,0.86,18.0,0,0,27,1,24245.638192952305,135,2,Male,20-39
95843,9.0,17.0,14.0,3.3,0.79,14.0,0,0,73,1,8760.343713063281,135,1,Male,60-79
95844,23.0,19.0,22.0,3.6,1.01,17.0,0,0,70,2,24284.283647000026,146,1,Female,60-79
95846,10.0,15.0,16.0,4.2,0.94,13.0,0,0,80,1,6957.18890695026,147,1,Male,80+
95848,13.0,15.0,13.0,4.1,0.63,19.0,0,0,52,2,20088.710583850665,148,2,Female,40-59
95849,10.0,16.0,19.0,4.2,0.54,15.0,0,0,40,2,26503.396227400022,146,2,Female,40-59
95850,15.0,19.0,22.0,3.6,0.77,9.0,0,0,27,2,42696.38375557478,144,1,Female,20-39
95851,25.0,23.0,31.0,4.2,0.89,18.0,0,0,28,1,41407.684461412835,147,2,Male,20-39
95853,13.0,17.0,12.0,3.9,0.84,14.0,0,0,24,2,34698.35846842047,139,1,Female,20-39
95854,49.0,25.0,63.0,4.6,1.21,16.0,0,0,28,1,145376.50064836614,144,1,Male,20-39
95855,,,,,,,,,40,2,32454.345320503504,136,2,Female,40-59
95858,35.0,29.0,12.0,4.3,0.88,14.0,0,0,32,1,17986.582020519545,138,2,Male,20-39
95860,8.0,17.0,43.0,3.8,0.68,7.0,0,0,51,2,30510.552582871333,137,1,Female,40-59
95862,47.0,40.0,87.0,3.5,0.68,23.0,0,0,80,1,20006.066141676638,142,2,Male,80+
95863,14.0,20.0,17.0,3.5,1.41,34.0,0,0,80,2,35026.538234843385,143,1,Female,80+
95864,,,,,,,,,73,1,13606.232597164177,139,1,Male,60-79
95865,12.0,13.0,17.0,3.8,0.76,11.0,0,0,47,2,29197.67089853128,144,1,Female,40-59
95866,12.0,16.0,16.0,4.0,0.72,17.0,0,0,80,2,26653.426145112568,137,1,Female,80+
95867,16.0,15.0,21.0,4.1,0.93,16.0,0,0,34,2,21176.81661386828,139,2,Female,20-39
95868,,,,,,,,,80,1,11665.509074416614,140,1,Male,80+
95869,31.0,30.0,59.0,4.0,1.18,14.0,0,0,66,1,15741.725427478843,137,2,Male,60-79
95870,32.0,74.0,22.0,3.6,0.69,17.0,0,0,20,2,81073.33934953874,143,1,Female,20-39
95873,24.0,26.0,82.0,4.3,0.65,12.0,0,0,76,1,9707.454830328743,147,2,Male,60-79
95875,18.0,17.0,13.0,3.7,0.54,9.0,0,0,67,2,18608.17459084001,142,1,Female,60-79
95877,26.0,35.0,24.0,4.2,0.92,16.0,0,0,62,1,115815.10712496979,146,1,Male,60-79
95880,18.0,22.0,23.0,4.3,1.2,20.0,0,0,69,2,17572.44267956789,135,2,Female,60-79
95881,19.0,24.0,19.0,4.4,0.82,9.0,0,0,64,2,24381.33841545104,137,2,Female,60-79
95882,18.0,35.0,35.0,4.6,1.08,14.0,0,0,26,1,18547.492305918127,144,1,Male,20-39
95883,17.0,18.0,22.0,3.5,0.76,10.0,0,0,31,2,77577.61423340895,135,1,Female,20-39
95886,,,,,,,,,57,2,15533.08811345593,136,1,Female,40-59
95891,7.0,16.0,23.0,3.5,0.65,7.0,0,0,56,1,32116.926123173194,140,2,Male,40-59
95896,13.0,24.0,15.0,4.0,0.69,16.0,0,0,32,2,23881.563050788565,144,1,Female,20-39
95899,17.0,16.0,14.0,4.1,1.02,26.0,0,0,62,1,13600.219909200465,148,1,Male,60-79
95900,15.0,17.0,8.0,4.1,1.02,13.0,0,0,31,1,127439.60012414517,147,1,Male,20-39
95902,15.0,18.0,18.0,3.5,0.62,11.0,0,0,61,2,10452.130783256389,134,2,Female,60-79
95903,32.0,22.0,18.0,4.4,1.01,8.0,0,0,21,1,95470.9281968169,144,2,Male,20-39
95904,11.0,16.0,19.0,4.1,0.73,20.0,0,0,53,2,18037.801943726685,136,1,Female,40-59
95908,27.0,18.0,26.0,4.2,1.1,20.0,0,0,69,1,31475.62813770554,145,2,Male,60-79
95910,68.0,37.0,93.0,4.7,0.89,15.0,0,0,50,1,14472.380666257068,135,2,Male,40-59
95911,12.0,14.0,12.0,4.6,0.56,19.0,0,0,38,2,20472.430450590953,136,2,Female,20-39
95912,24.0,24.0,22.0,4.3,1.23,24.0,0,0,50,1,122050.14645468521,139,2,Male,40-59
95913,19.0,22.0,15.0,4.4,0.69,16.0,0,0,80,2,40979.6801545399,144,1,Female,80+
95914,26.0,24.0,24.0,4.4,0.71,12.0,0,0,47,2,36644.7558233763,142,1,Female,40-59
95915,62.0,46.0,55.0,4.0,1.12,14.0,0,0,57,1,76389.86988241112,145,1,Male,40-59
95917,16.0,17.0,16.0,3.3,0.89,15.0,0,0,74,2,15338.272780991487,147,2,Female,60-79
95919,29.0,18.0,29.0,3.9,1.25,18.0,0,0,47,1,20078.02194473303,142,1,Male,40-59
95922,14.0,20.0,12.0,4.2,0.86,23.0,0,0,25,1,336326.88184046507,138,1,Male,20-39
95924,11.0,14.0,13.0,3.8,0.75,13.0,0,0,65,2,10992.119007208328,135,1,Female,60-79
95928,19.0,24.0,22.0,4.3,0.91,26.0,0,0,56,2,26626.169830685652,148,1,Female,40-59
95931,15.0,17.0,33.0,4.7,0.58,14.0,0,0,69,2,35587.70059230749,140,1,Female,60-79
95936,16.0,16.0,24.0,4.0,0.74,11.0,0,0,63,2,10857.032327865561,138,1,Female,60-79
95939,24.0,22.0,18.0,4.0,1.04,17.0,0,0,76,1,26973.46241764497,142,2,Male,60-79
95944,27.0,21.0,33.0,4.1,1.18,25.0,0,0,54,1,14836.267564332667,137,1,Male,40-59
95945,35.0,29.0,20.0,4.0,1.06,22.0,0,0,70,2,29350.969108149337,139,1,Female,60-79
95950,14.0,21.0,10.0,4.1,0.87,6.0,0,0,45,1,111844.24812297664,140,1,Male,40-59
95951,16.0,23.0,15.0,4.5,1.05,13.0,0,0,24,1,52892.236672476996,135,1,Male,20-39
95952,14.0,17.0,16.0,3.9,1.1,17.0,0,0,68,1,145812.6546412685,141,2,Male,60-79
95955,11.0,12.0,10.0,3.5,0.83,12.0,0,0,22,2,87316.18154135044,145,1,Female,20-39
95962,52.0,39.0,293.0,3.7,1.02,14.0,0,0,32,1,68474.0821760585,140,1,Male,20-39
95964,15.0,20.0,16.0,4.4,0.65,17.0,0,0,80,2,31497.480327488538,140,1,Female,80+
95966,34.0,21.0,152.0,4.0,0.86,13.0,0,0,66,1,143154.06945655294,142,2,Male,60-79
95968,10.0,12.0,9.0,4.3,0.82,12.0,0,0,49,2,16590.894116812542,148,1,Female,40-59
95969,71.0,37.0,81.0,4.1,0.97,15.0,0,0,48,1,20910.87966033914,142,1,Male,40-59
95971,13.0,18.0,28.0,3.7,0.87,24.0,0,0,71,2,23636.309849850157,136,2,Female,60-79
95973,16.0,18.0,16.0,4.3,0.6,10.0,0,0,21,2,30335.040757996892,138,1,Female,20-39
95976,11.0,19.0,62.0,4.3,0.9,7.0,0,0,65,2,9092.156269959254,143,2,Female,60-79
95977,45.0,112.0,65.0,3.9,0.62,7.0,0,0,26,2,22006.68005596992,144,1,Female,20-39
95978,14.0,19.0,12.0,4.1,0.94,10.0,0,0,57,1,25446.832691681804,135,2,Male,40-59
95979,8.0,15.0,27.0,4.2,0.71,13.0,0,0,66,1,11250.492283630538,144,1,Male,60-79
95981,25.0,31.0,15.0,4.3,1.32,28.0,0,0,69,1,13544.37011334915,138,1,Male,60-79
95983,18.0,22.0,12.0,3.8,0.71,28.0,0,0,78,2,112251.2396653439,142,2,Female,60-79
95985,15.0,14.0,18.0,3.9,0.77,19.0,0,0,62,1,13251.523237735164,146,2,Male,60-79
95986,83.0,30.0,291.0,3.4,1.07,15.0,0,0,48,1,21154.280079552365,144,2,Male,40-59
95987,21.0,19.0,241.0,3.8,0.68,24.0,0,0,80,1,56301.7826402927,137,2,Male,80+
95988,13.0,16.0,17.0,3.9,1.22,18.0,0,0,80,1,28142.424428214545,142,1,Male,80+
95990,12.0,18.0,9.0,4.0,0.68,9.0,0,0,28,2,63637.82623301378,135,1,Female,20-39
95991,35.0,29.0,63.0,4.2,0.83,18.0,0,0,43,1,20400.434099851795,148,2,Male,40-59
95992,18.0,31.0,147.0,3.4,1.07,25.0,0,0,79,2,25284.73617931157,137,2,Female,60-79
95993,15.0,21.0,14.0,4.3,0.85,13.0,0,0,80,2,21576.525053157948,144,1,Female,80+
95995,,,,,,,,,47,2,7393.261349384395,140,2,Female,40-59
95996,,,,,,,,,42,2,29368.853275679237,147,1,Female,40-59
95997,16.0,18.0,25.0,3.8,0.8,13.0,0,0,61,2,18936.894952286097,134,2,Female,60-79
95998,133.0,59.0,54.0,4.6,0.69,16.0,0,0,29,1,21714.084026457604,136,2,Male,20-39
96000,26.0,27.0,26.0,4.5,0.94,11.0,0,0,29,1,29031.347520531785,140,1,Male,20-39
96001,14.0,17.0,54.0,3.9,0.87,14.0,0,0,64,1,30942.834198698016,144,2,Male,60-79
96002,14.0,12.0,17.0,3.1,0.46,8.0,0,0,34,2,6862.43709668188,148,2,Female,20-39
96003,22.0,20.0,38.0,3.9,0.52,11.0,0,0,49,2,22485.367197258747,144,2,Female,40-59
96004,23.0,23.0,48.0,3.8,0.97,13.0,0,0,55,1,30553.217744691345,146,2,Male,40-59
96006,,,,,,,,,38,2,17218.018585227328,138,2,Female,20-39
96008,25.0,23.0,30.0,4.0,1.2,16.0,0,0,52,1,20344.525529188242,147,1,Male,40-59
96010,,,,,,,,,64,1,9195.74376030777,140,1,Male,60-79
96011,17.0,17.0,15.0,4.3,0.59,12.0,0,0,32,2,32740.625095689054,137,2,Female,20-39
96014,10.0,17.0,54.0,3.7,0.74,7.0,0,0,36,2,19616.1360361015,134,2,Female,20-39
96016,18.0,17.0,49.0,3.8,6.75,38.0,0,0,80,1,30713.156942758098,136,1,Male,80+
96017,14.0,21.0,24.0,4.0,1.03,17.0,0,0,64,1,23544.15020498251,138,2,Male,60-79
96019,10.0,10.0,76.0,4.0,1.4,27.0,0,0,80,2,27643.799827705447,146,1,Female,80+
96020,15.0,16.0,35.0,4.0,0.94,25.0,0,0,80,2,25453.369479399757,139,2,Female,80+
96022,30.0,24.0,74.0,4.2,0.7,14.0,0,0,56,1,57424.92818738232,141,2,Male,40-59
96023,18.0,30.0,11.0,3.9,0.61,23.0,0,0,73,2,15146.723540600779,135,2,Female,60-79
96025,69.0,28.0,269.0,3.8,3.85,42.0,0,0,40,1,11868.301907480467,148,2,Male,40-59
96027,13.0,19.0,7.0,3.6,0.83,13.0,0,0,80,2,58128.277435177966,137,2,Female,80+
96029,54.0,29.0,54.0,4.3,0.98,13.0,0,0,31,1,11701.054406805466,144,2,Male,20-39
96030,12.0,17.0,19.0,4.6,1.13,13.0,0,0,59,1,14397.502834523224,145,1,Male,40-59
96031,8.0,16.0,5.0,3.8,0.7,17.0,0,0,24,2,35628.33132192637,140,2,Female,20-39
96033,11.0,12.0,20.0,3.7,1.53,20.0,0,0,60,2,11124.195170974228,137,2,Female,60-79
96034,23.0,24.0,26.0,4.2,1.04,18.0,0,0,57,1,44961.60655600071,148,1,Male,40-59
96035,10.0,14.0,12.0,4.0,0.57,10.0,0,0,20,2,11796.882224985733,135,2,Female,20-39
96037,21.0,19.0,35.0,3.9,1.07,12.0,0,0,60,1,23329.823097511293,140,1,Male,60-79
96038,77.0,59.0,39.0,4.7,0.6,20.0,0,0,55,2,18684.630511673604,143,1,Female,40-59
96041,9.0,16.0,11.0,4.1,1.51,20.0,0,0,80,1,11682.832666487344,135,2,Male,80+
96044,36.0,27.0,43.0,3.4,0.91,11.0,0,0,61,2,13090.459161993229,147,1,Female,60-79
96048,16.0,16.0,78.0,4.1,0.93,19.0,0,0,47,1,39342.57708520315,147,2,Male,40-59
96049,12.0,16.0,18.0,4.2,1.06,19.0,0,0,69,1,17359.43150051974,138,2,Male,60-79
96050,16.0,17.0,18.0,4.2,0.63,11.0,0,0,46,2,65131.07913382725,146,1,Female,40-59
96056,26.0,20.0,24.0,4.2,0.85,9.0,0,0,20,1,32264.07601451042,135,2,Male,20-39
96061,18.0,14.0,32.0,4.2,1.11,19.0,0,0,67,1,200294.73519146477,140,2,Male,60-79
96063,16.0,22.0,20.0,4.4,0.59,13.0,0,0,27,2,27221.56032610438,136,2,Female,20-39
96064,13.0,13.0,20.0,3.9,0.98,11.0,0,0,49,1,11640.756376771356,136,2,Male,40-59
96065,17.0,19.0,15.0,3.8,0.87,12.0,0,0,66,1,9155.275428003508,138,1,Male,60-79
96066,49.0,57.0,117.0,4.5,0.74,9.0,0,0,52,1,20635.84673263054,144,2,Male,40-59
96067,17.0,16.0,24.0,4.1,0.57,16.0,0,0,42,2,32305.273255621163,140,1,Female,40-59
96070,21.0,18.0,26.0,4.1,1.19,16.0,0,0,45,1,17926.673236817787,143,2,Male,40-59
96074,16.0,16.0,10.0,4.1,0.57,10.0,0,0,34,2,113673.9942640319,143,2,Female,20-39
96077,7.0,14.0,10.0,3.9,0.86,16.0,0,0,80,1,10416.300410993808,134,1,Male,80+
96079,36.0,30.0,55.0,4.2,0.96,15.0,0,0,52,1,11540.089859386799,148,1,Male,40-59
96082,27.0,24.0,34.0,3.9,0.99,13.0,0,0,37,1,177065.6384491521,142,2,Male,20-39
96084,22.0,22.0,37.0,4.1,0.86,11.0,0,0,34,2,39977.22220363755,145,2,Female,20-39
96085,18.0,22.0,23.0,4.0,1.25,13.0,0,0,25,1,62612.96552285223,146,2,Male,20-39
96086,40.0,34.0,18.0,4.4,1.32,15.0,0,0,65,1,109028.61202501578,138,1,Male,60-79
96087,20.0,25.0,28.0,4.7,0.95,16.0,0,0,68,1,16386.088680744913,148,2,Male,60-79
96088,8.0,17.0,15.0,4.0,1.08,14.0,0,0,20,1,37360.19907003847,147,2,Male,20-39
96089,20.0,19.0,70.0,4.0,1.61,28.0,0,0,76,1,39060.22209591269,139,2,Male,60-79
96090,23.0,19.0,67.0,3.9,0.86,14.0,0,0,63,1,44402.4426581699,143,2,Male,60-79
96091,141.0,114.0,74.0,3.8,0.59,10.0,0,0,54,2,20845.206397658585,141,2,Female,40-59
96092,13.0,20.0,17.0,4.6,0.91,20.0,0,0,22,1,61399.28475725879,138,2,Male,20-39
96093,24.0,27.0,10.0,4.7,0.72,6.0,0,0,20,2,98309.95224395592,140,1,Female,20-39
96094,17.0,20.0,28.0,4.0,0.81,11.0,0,0,52,2,23629.066237128867,142,2,Female,40-59
96096,21.0,22.0,20.0,3.8,0.91,10.0,0,0,52,1,23815.552907178764,145,1,Male,40-59
96097,62.0,60.0,35.0,3.7,0.8,9.0,0,0,58,1,24993.092898927884,143,2,Male,40-59
96098,12.0,18.0,22.0,3.1,6.61,55.0,0,0,42,1,19156.87511363279,136,2,Male,40-59
96099,23.0,25.0,60.0,3.8,0.89,12.0,0,0,63,1,10263.088435795637,135,2,Male,60-79
96100,6.0,12.0,26.0,4.2,1.28,13.0,0,0,65,1,31203.32122357212,143,2,Male,60-79
96101,16.0,17.0,19.0,3.8,0.75,11.0,0,0,52,1,20858.75975264416,137,1,Male,40-59
96103,20.0,17.0,15.0,3.9,0.66,10.0,0,0,23,2,14165.974149756295,148,2,Female,20-39
96105,7.0,13.0,5.0,4.0,0.69,6.0,0,0,24,2,37136.21031148897,141,2,Female,20-39
96108,28.0,22.0,18.0,4.0,0.62,14.0,0,0,47,2,48064.79741269061,135,1,Female,40-59
96111,10.0,17.0,20.0,4.0,0.73,19.0,0,0,31,2,33992.23112403858,134,2,Female,20-39
96112,14.0,17.0,32.0,3.9,0.75,12.0,0,0,73,1,10894.768585671221,145,1,Male,60-79
96114,10.0,15.0,16.0,3.7,0.86,19.0,0,0,68,1,13003.1727781263,144,1,Male,60-79
96115,15.0,14.0,13.0,4.2,0.51,12.0,0,0,71,2,18456.39097929875,139,1,Female,60-79
96116,14.0,15.0,17.0,4.0,0.81,14.0,0,0,54,2,109516.47499083208,141,1,Female,40-59
96117,18.0,14.0,35.0,4.2,1.14,16.0,0,0,68,1,20420.02853020338,148,1,Male,60-79
96120,72.0,92.0,122.0,3.7,0.99,11.0,0,0,60,1,6593.012419659026,147,1,Male,60-79
96121,15.0,17.0,8.0,4.2,0.99,15.0,0,0,65,2,137734.3869566012,136,2,Female,60-79
96122,15.0,20.0,23.0,4.1,0.55,11.0,0,0,54,2,38029.66634478906,136,1,Female,40-59
96123,18.0,18.0,11.0,3.5,0.83,17.0,0,0,35,2,47385.04328797191,140,2,Female,20-39
96124,13.0,22.0,15.0,3.5,0.48,12.0,0,0,52,2,30835.65345377231,138,2,Female,40-59
96125,12.0,19.0,12.0,4.3,0.71,12.0,0,0,28,2,125860.86862217073,146,1,Female,20-39
96130,9.0,18.0,23.0,4.3,0.79,19.0,0,0,61,1,12890.418175892462,137,1,Male,60-79
96133,81.0,37.0,68.0,4.6,1.08,10.0,0,0,32,1,29176.70196256876,144,1,Male,20-39
96134,11.0,14.0,11.0,3.8,0.67,12.0,0,0,65,2,16156.134079053869,141,1,Female,60-79
96135,18.0,31.0,17.0,4.2,1.07,18.0,0,0,73,2,19912.28404148751,134,1,Female,60-79
96136,,,,,,,,,62,1,6885.016832362913,144,2,Male,60-79
96137,11.0,11.0,19.0,4.0,0.85,9.0,0,0,48,2,27482.648315857034,140,1,Female,40-59
96138,29.0,26.0,17.0,4.1,1.06,19.0,0,0,34,1,53061.51738697829,145,1,Male,20-39
96139,14.0,18.0,11.0,4.1,0.9,14.0,0,0,27,1,21888.70550318081,144,1,Male,20-39
96140,23.0,17.0,20.0,3.9,0.69,13.0,0,0,54,1,19758.56371711593,134,2,Male,40-59
96141,32.0,30.0,25.0,4.0,0.98,21.0,0,0,60,1,15142.753448238289,134,1,Male,60-79
96143,16.0,18.0,21.0,3.9,1.13,11.0,0,0,55,1,11030.837971524224,138,2,Male,40-59
96144,27.0,23.0,200.0,4.0,0.73,9.0,0,0,64,2,16711.258301048427,147,1,Female,60-79
96145,14.0,15.0,30.0,4.0,1.29,22.0,0,0,78,2,100348.31898634373,136,2,Female,60-79
96147,20.0,14.0,13.0,4.0,1.35,17.0,0,0,31,1,126523.41872821432,142,2,Male,20-39
96149,18.0,23.0,38.0,4.4,0.46,10.0,0,0,63,2,9746.420956373908,138,2,Female,60-79
96150,77.0,134.0,148.0,4.1,0.76,8.0,0,0,23,1,83585.80246567454,146,1,Male,20-39
96151,34.0,26.0,40.0,4.7,1.05,22.0,0,0,57,1,273249.9384361309,134,1,Male,40-59
96152,30.0,21.0,54.0,3.4,0.74,13.0,0,0,61,1,9212.748160680714,136,2,Male,60-79
96156,24.0,24.0,17.0,4.2,1.12,22.0,0,0,46,1,13762.672003486543,148,1,Male,40-59
96158,,,,,,,,,26,1,34170.14684104325,146,2,Male,20-39
96159,9.0,14.0,14.0,3.8,0.76,12.0,0,0,61,2,14303.535679474835,147,1,Female,60-79
96160,48.0,27.0,42.0,4.3,0.82,15.0,0,0,58,2,23786.27326296791,148,2,Female,40-59
96162,52.0,50.0,60.0,4.4,0.85,13.0,0,0,60,2,8751.871779299476,142,1,Female,60-79
96163,83.0,42.0,37.0,4.3,0.62,7.0,0,0,35,2,11146.331808759212,141,2,Female,20-39
96164,9.0,17.0,26.0,3.9,0.62,17.0,0,0,64,2,20752.556585827293,138,2,Female,60-79
96165,11.0,17.0,33.0,3.9,1.85,29.0,0,0,64,2,12306.957619842822,137,1,Female,60-79
96169,14.0,17.0,25.0,4.1,1.07,17.0,0,0,63,2,17344.996545426926,137,2,Female,60-79
96170,19.0,20.0,88.0,3.7,0.68,13.0,0,0,72,2,11645.0598078243,140,1,Female,60-79
96171,12.0,16.0,20.0,4.3,1.11,20.0,0,0,80,2,39541.43539445901,146,2,Female,80+
96172,24.0,30.0,23.0,4.1,0.68,14.0,0,0,80,2,63984.170306668304,134,1,Female,80+
96175,26.0,18.0,84.0,4.0,1.13,14.0,0,0,39,1,28645.25872594751,138,1,Male,20-39
96178,10.0,14.0,13.0,4.4,1.01,7.0,0,0,63,1,10856.560496404247,139,1,Male,60-79
96179,38.0,29.0,80.0,4.7,0.87,21.0,0,0,64,1,207852.91208151722,135,2,Male,60-79
96181,12.0,18.0,11.0,4.2,1.37,34.0,0,0,74,1,20332.778237336104,135,2,Male,60-79
96184,17.0,25.0,14.0,4.7,1.71,33.0,0,0,80,1,10060.189750266592,142,1,Male,80+
96185,22.0,18.0,19.0,3.8,1.06,18.0,0,0,75,2,87990.8679147109,141,1,Female,60-79
96186,18.0,21.0,21.0,3.9,1.16,11.0,0,0,45,1,34758.92211044669,143,2,Male,40-59
96188,18.0,18.0,16.0,3.9,0.63,11.0,0,0,55,2,13309.0376333469,147,1,Female,40-59
96189,31.0,29.0,21.0,4.4,0.94,14.0,0,0,50,1,183186.21525431398,140,2,Male,40-59
96190,25.0,24.0,11.0,3.9,0.78,20.0,0,0,54,1,16518.882776465573,148,1,Male,40-59
96191,65.0,47.0,42.0,3.6,0.44,13.0,0,0,39,2,55698.237681379986,143,2,Female,20-39
96195,25.0,26.0,103.0,4.1,0.92,13.0,0,0,80,1,23068.38712809218,137,2,Male,80+
96196,17.0,18.0,30.0,3.8,0.92,11.0,0,0,34,2,50265.528356952505,146,2,Female,20-39
96198,11.0,15.0,20.0,3.9,0.76,12.0,0,0,29,2,21212.593757074927,148,2,Female,20-39
96205,25.0,29.0,37.0,4.0,1.03,11.0,0,0,52,1,23999.86078673777,146,1,Male,40-59
96210,11.0,17.0,15.0,3.8,0.97,20.0,0,0,80,1,9155.13899285651,139,2,Male,80+
96211,16.0,18.0,50.0,4.5,0.88,14.0,0,0,32,1,363629.37052594585,147,2,Male,20-39
96216,8.0,17.0,12.0,4.0,0.73,16.0,0,0,56,2,40381.44381734897,141,1,Female,40-59
96217,18.0,17.0,10.0,3.7,1.14,18.0,0,0,71,1,74373.19576725671,145,1,Male,60-79
96219,10.0,11.0,18.0,2.6,0.54,13.0,0,0,41,2,17880.972180705645,145,1,Female,40-59
96220,,,,,,,,,33,1,18967.592399169396,138,2,Male,20-39
96221,22.0,30.0,8.0,4.3,0.81,24.0,0,0,66,1,151442.23570164086,136,2,Male,60-79
96222,13.0,17.0,9.0,4.2,0.74,11.0,0,0,40,2,48499.24546879202,146,1,Female,40-59
96223,11.0,34.0,103.0,3.7,1.35,10.0,0,0,70,1,11860.415895371238,145,2,Male,60-79
96224,12.0,17.0,10.0,4.2,0.81,15.0,0,0,59,2,70180.00988203271,142,1,Female,40-59
96226,15.0,14.0,11.0,4.1,1.0,10.0,0,0,31,1,24690.91709151026,146,2,Male,20-39
96229,9.0,15.0,15.0,3.7,0.63,11.0,0,0,24,2,85001.19634055655,142,2,Female,20-39
96230,32.0,21.0,23.0,4.1,1.08,19.0,0,0,60,1,84377.37244525742,140,1,Male,60-79
96234,23.0,24.0,37.0,4.6,1.14,13.0,0,0,40,1,17963.74963041013,143,2,Male,40-59
96236,17.0,23.0,14.0,4.3,0.83,13.0,0,0,78,2,17639.81843635879,145,2,Female,60-79
96237,21.0,24.0,31.0,4.7,0.6,14.0,0,0,58,2,42480.59150607724,140,1,Female,40-59
96239,16.0,19.0,13.0,4.2,0.79,15.0,0,0,69,2,102225.12013555199,142,1,Female,60-79
96240,50.0,31.0,26.0,4.4,0.74,17.0,0,0,42,2,17875.812043472168,143,1,Female,40-59
96242,,,,,,,,,64,1,11329.706143525591,146,2,Male,60-79
96243,18.0,19.0,15.0,2.8,0.58,5.0,0,0,29,2,48078.053831582125,145,1,Female,20-39
96244,12.0,17.0,15.0,4.2,0.69,16.0,0,0,38,2,20171.856546116815,137,2,Female,20-39
96245,59.0,55.0,91.0,4.3,0.51,17.0,0,0,60,2,10932.984206993151,136,2,Female,60-79
96249,31.0,18.0,29.0,4.2,0.48,14.0,0,0,58,2,12579.893767612024,135,2,Female,40-59
96250,23.0,18.0,31.0,4.0,0.93,16.0,0,0,42,1,220018.33453806798,141,2,Male,40-59
96252,70.0,56.0,393.0,3.8,0.82,31.0,0,0,79,2,29030.503633890843,136,2,Female,60-79
96253,24.0,21.0,29.0,3.8,0.64,9.0,0,0,47,2,154549.2755102686,136,2,Female,40-59
96257,32.0,22.0,71.0,4.2,0.51,8.0,0,0,32,2,15690.238529674032,147,1,Female,20-39
96264,13.0,22.0,8.0,3.0,0.8,13.0,0,0,45,2,38746.66722084108,137,2,Female,40-59
96265,11.0,18.0,101.0,3.7,0.95,10.0,0,0,66,1,7365.40892380169,147,1,Male,60-79
96266,22.0,16.0,15.0,3.5,0.51,20.0,0,0,53,2,14989.85154569141,148,1,Female,40-59
96268,18.0,36.0,14.0,4.3,0.99,22.0,0,0,80,1,11665.509074416614,140,1,Male,80+
96269,20.0,17.0,17.0,3.5,0.54,10.0,0,0,33,2,16154.680550421881,148,2,Female,20-39
96270,19.0,22.0,17.0,4.6,1.0,12.0,0,0,25,1,59193.04368745978,138,1,Male,20-39
96271,13.0,20.0,16.0,4.1,1.11,20.0,0,0,70,1,12466.690704388318,148,2,Male,60-79
96272,23.0,23.0,25.0,4.5,1.06,16.0,0,0,29,1,13605.988905540646,138,1,Male,20-39
96275,16.0,19.0,13.0,3.9,0.7,8.0,0,0,31,2,159083.83672341143,141,1,Female,20-39
96276,20.0,21.0,25.0,3.9,0.73,14.0,0,0,49,1,29891.706187969714,139,1,Male,40-59
96279,11.0,11.0,34.0,3.7,0.36,11.0,0,0,54,2,33538.26144743713,143,2,Female,40-59
96282,15.0,15.0,25.0,4.4,0.82,11.0,0,0,49,1,158660.39973152865,146,1,Male,40-59
96283,34.0,27.0,60.0,4.4,1.17,17.0,0,0,46,1,69169.08985932021,147,1,Male,40-59
96284,15.0,16.0,30.0,3.8,1.24,13.0,0,0,71,1,133368.52534024208,147,2,Male,60-79
96287,48.0,37.0,28.0,3.8,0.8,23.0,0,0,74,2,33054.974402109016,136,1,Female,60-79
96290,38.0,30.0,130.0,3.8,0.92,9.0,0,0,73,2,18935.398321515084,145,2,Female,60-79
96291,13.0,14.0,23.0,3.8,0.69,11.0,0,0,53,2,20285.90328316196,147,1,Female,40-59
96293,20.0,24.0,9.0,4.3,0.92,16.0,0,0,64,1,8588.976499845048,148,1,Male,60-79
96295,26.0,23.0,25.0,4.1,0.83,17.0,0,0,31,1,39771.874922369956,142,1,Male,20-39
96296,10.0,17.0,20.0,3.9,0.89,21.0,0,0,72,2,60603.766347174074,146,2,Female,60-79
96297,13.0,17.0,8.0,3.8,0.87,13.0,0,0,32,2,73535.42544603196,142,1,Female,20-39
96299,67.0,61.0,21.0,4.2,0.93,20.0,0,0,29,1,68039.3241261455,145,1,Male,20-39
96301,22.0,29.0,27.0,3.8,1.32,20.0,0,0,54,1,30074.429382081024,143,1,Male,40-59
96302,19.0,25.0,27.0,4.4,1.08,20.0,0,0,72,1,39213.45436737946,145,1,Male,60-79
96304,54.0,65.0,63.0,3.9,0.64,13.0,0,0,60,2,13134.044444794075,143,2,Female,60-79
96306,21.0,23.0,20.0,4.1,0.99,13.0,0,0,80,2,23562.409422185327,144,1,Female,80+
96308,28.0,28.0,23.0,4.2,1.1,17.0,0,0,53,1,13232.561651618233,135,2,Male,40-59
96309,9.0,13.0,8.0,4.1,0.74,13.0,0,0,76,2,10440.760463461216,148,2,Female,60-79
96310,33.0,31.0,21.0,3.9,0.88,10.0,0,0,54,1,5454.008528118531,147,1,Male,40-59
96312,18.0,16.0,13.0,4.2,0.75,12.0,0,0,31,2,68810.55111640901,142,1,Female,20-39
96313,14.0,17.0,7.0,3.0,0.57,13.0,0,0,29,2,35138.614834295135,138,2,Female,20-39
96317,19.0,22.0,20.0,3.8,0.99,10.0,0,0,68,1,8852.889238298656,147,1,Male,60-79
96318,,,,,,,,,41,2,80188.03837210407,135,1,Female,40-59
96319,20.0,14.0,27.0,4.2,0.63,26.0,0,0,70,2,123868.246903015,137,2,Female,60-79
96320,19.0,21.0,21.0,4.5,0.98,13.0,0,0,46,1,24240.19221843611,145,1,Male,40-59
96321,,,,,,,,,69,1,20149.362067411323,139,2,Male,60-79
96322,13.0,15.0,17.0,3.9,0.45,12.0,0,0,34,2,16742.453382062064,137,1,Female,20-39
96323,30.0,20.0,51.0,4.2,0.94,13.0,0,0,63,1,8784.260994012366,134,1,Male,60-79
96325,5.0,15.0,15.0,4.1,0.56,11.0,0,0,26,2,10488.264749653885,135,2,Female,20-39
96329,13.0,16.0,14.0,4.3,0.6,14.0,0,0,42,2,30344.869168955254,136,2,Female,40-59
96330,27.0,24.0,20.0,4.4,2.29,24.0,0,0,64,1,37454.6047889505,146,2,Male,60-79
96332,13.0,19.0,15.0,4.1,1.11,11.0,0,0,49,1,49540.912103112336,135,2,Male,40-59
96333,11.0,13.0,11.0,3.8,0.57,10.0,0,0,60,2,8922.283432823442,141,2,Female,60-79
96335,15.0,17.0,15.0,4.1,1.23,29.0,0,0,80,1,23778.11299107264,146,2,Male,80+
96336,27.0,18.0,48.0,3.3,2.68,45.0,0,0,74,1,12297.157620372973,136,2,Male,60-79
96337,24.0,14.0,37.0,4.4,0.85,18.0,0,0,20,1,20403.36058800205,140,2,Male,20-39
96339,17.0,22.0,32.0,3.4,0.89,15.0,0,0,71,2,15649.759858771728,137,2,Female,60-79
96340,26.0,20.0,35.0,4.2,1.09,27.0,0,0,49,1,73026.17088210769,142,1,Male,40-59
96342,17.0,16.0,48.0,2.7,1.64,41.0,0,0,80,2,67552.71282390784,145,2,Female,80+
96344,23.0,22.0,18.0,3.7,0.99,9.0,0,0,42,2,21962.473943742756,135,2,Female,40-59
96346,31.0,18.0,80.0,4.4,1.04,16.0,0,0,29,1,30906.721826143526,144,1,Male,20-39
96348,13.0,23.0,14.0,4.3,1.34,28.0,0,0,54,1,21123.50691161167,139,2,Male,40-59
96349,18.0,16.0,35.0,3.8,1.04,27.0,0,0,76,1,53366.565863164346,141,2,Male,60-79
96351,17.0,24.0,13.0,4.7,1.11,18.0,0,0,60,1,21526.73219450155,135,1,Male,60-79
96352,12.0,15.0,13.0,4.0,0.77,9.0,0,0,67,1,11172.13824514307,142,2,Male,60-79
96355,9.0,13.0,8.0,4.3,0.52,17.0,0,0,20,2,42053.432357567515,148,1,Female,20-39
96357,12.0,15.0,30.0,3.9,1.27,18.0,0,0,69,1,6162.882054289526,144,1,Male,60-79
96358,29.0,20.0,36.0,4.2,0.83,13.0,0,0,48,2,20553.05927004868,142,1,Female,40-59
96360,21.0,20.0,15.0,4.1,0.81,18.0,0,0,72,2,79726.41310467283,141,2,Female,60-79
96362,23.0,19.0,24.0,4.1,0.73,20.0,0,0,61,2,118993.99886326729,135,1,Female,60-79
96365,21.0,18.0,33.0,3.7,0.81,14.0,0,0,39,2,83016.03166314613,137,2,Female,20-39
96366,36.0,19.0,241.0,4.0,0.84,16.0,0,0,61,2,13363.633723250716,136,1,Female,60-79
96367,10.0,14.0,20.0,3.9,0.98,19.0,0,0,58,1,18184.812051941266,145,1,Male,40-59
96368,15.0,17.0,41.0,3.8,0.6,11.0,0,0,31,2,15607.224810216347,139,1,Female,20-39
96370,16.0,21.0,14.0,4.0,0.69,15.0,0,0,77,2,161797.16313130764,138,1,Female,60-79
96372,17.0,13.0,32.0,4.2,0.94,21.0,0,0,50,1,18596.08743194051,148,1,Male,40-59
96373,32.0,16.0,43.0,3.2,1.13,8.0,0,0,53,1,26345.177520106896,145,2,Male,40-59
96375,23.0,30.0,166.0,3.6,1.32,38.0,0,0,80,1,21581.137793410708,134,2,Male,80+
96377,22.0,21.0,10.0,4.1,0.62,11.0,0,0,52,2,10611.906614288184,135,2,Female,40-59
96379,17.0,22.0,15.0,4.1,0.63,13.0,0,0,21,2,50551.0827963979,148,1,Female,20-39
96380,30.0,26.0,59.0,4.1,1.1,14.0,0,0,43,1,46326.68174912554,142,2,Male,40-59
96382,13.0,31.0,26.0,4.4,0.91,12.0,0,0,29,1,21312.738979710586,144,2,Male,20-39
96385,13.0,17.0,35.0,4.0,0.57,11.0,0,0,59,2,16909.562175547784,148,2,Female,40-59
96386,13.0,31.0,162.0,3.6,0.67,13.0,0,0,62,1,9199.676750054703,135,2,Male,60-79
96389,14.0,19.0,20.0,4.1,0.63,14.0,0,0,77,2,35943.19280095532,138,1,Female,60-79
96390,34.0,36.0,23.0,4.4,1.06,22.0,0,0,46,1,60625.96590839376,135,2,Male,40-59
96392,12.0,17.0,16.0,3.9,0.64,13.0,0,0,28,2,33325.95242562866,148,2,Female,20-39
96393,21.0,22.0,15.0,4.1,1.16,20.0,0,0,71,1,54765.71576134309,140,1,Male,60-79
96396,20.0,17.0,22.0,4.5,0.87,16.0,0,0,38,1,51369.433073018525,135,2,Male,20-39
96398,20.0,13.0,47.0,4.0,1.0,9.0,0,0,32,1,21198.2698598235,147,1,Male,20-39
96399,25.0,21.0,22.0,4.0,0.93,15.0,0,0,42,1,114836.16544908212,143,1,Male,40-59
96400,92.0,33.0,29.0,4.1,1.11,12.0,0,0,32,1,79430.7796301913,147,2,Male,20-39
96403,20.0,28.0,21.0,4.8,0.71,10.0,0,0,23,1,33895.25219506689,136,2,Male,20-39
96404,16.0,20.0,15.0,4.5,0.73,19.0,0,0,74,2,84870.60102296135,140,1,Female,60-79
96405,18.0,15.0,14.0,4.2,0.52,13.0,0,0,23,2,17415.46345474408,144,1,Female,20-39
96406,,,,,,,,,73,2,63160.42131283568,140,1,Female,60-79
96408,14.0,25.0,46.0,3.4,0.72,13.0,0,0,44,2,24282.295518388448,140,2,Female,40-59
96409,11.0,15.0,14.0,3.3,0.85,21.0,0,0,80,2,17932.680341976527,143,2,Female,80+
96411,24.0,26.0,20.0,4.3,0.88,10.0,0,0,60,2,14907.001634249555,143,1,Female,60-79
96413,16.0,20.0,42.0,3.9,0.82,12.0,0,0,71,1,15021.311392616462,136,1,Male,60-79
96415,23.0,27.0,13.0,4.6,0.83,9.0,0,0,36,1,67214.1544861821,143,2,Male,20-39
96416,24.0,29.0,33.0,3.9,0.77,10.0,0,0,42,2,32951.56497187335,143,2,Female,40-59
96417,10.0,13.0,11.0,3.7,0.53,13.0,0,0,33,2,26665.39816054612,138,2,Female,20-39
96420,24.0,20.0,54.0,3.9,0.84,11.0,0,0,60,1,8221.674492166367,141,2,Male,60-79
96422,26.0,22.0,20.0,4.1,0.87,16.0,0,0,66,2,6271.921274316807,135,1,Female,60-79
96426,11.0,13.0,44.0,3.7,1.34,23.0,0,0,80,1,10303.31536858201,139,1,Male,80+
96428,10.0,13.0,10.0,3.9,0.66,9.0,0,0,37,2,253619.35600208965,135,2,Female,20-39
96431,17.0,15.0,22.0,3.9,0.89,14.0,0,0,47,1,33544.39344722404,136,2,Male,40-59
96432,10.0,15.0,18.0,4.2,0.93,8.0,0,0,47,2,105032.38481301151,141,1,Female,40-59
96433,13.0,17.0,14.0,3.7,0.63,13.0,0,0,35,2,114297.10019687525,145,1,Female,20-39
96436,14.0,20.0,20.0,4.2,0.94,18.0,0,0,74,1,8697.5640181622,140,1,Male,60-79
96439,,,,,,,,,63,1,11855.67286860757,138,1,Male,60-79
96441,17.0,15.0,10.0,4.2,0.77,13.0,0,0,61,2,14155.114085269543,143,1,Female,60-79
96443,18.0,20.0,9.0,4.7,0.67,7.0,0,0,24,2,156022.48495284753,139,1,Female,20-39
96444,31.0,24.0,15.0,4.2,0.57,12.0,0,0,21,2,29878.9227856365,136,1,Female,20-39
96445,19.0,14.0,35.0,4.1,0.94,9.0,0,0,66,1,13802.32637547847,148,1,Male,60-79
96446,23.0,27.0,15.0,3.8,0.61,7.0,0,0,62,2,9903.651534820165,136,2,Female,60-79
96448,15.0,15.0,19.0,4.1,0.76,15.0,0,0,50,2,19961.776665262736,148,1,Female,40-59
96449,28.0,25.0,12.0,2.8,2.19,44.0,0,0,61,2,10206.899214065133,148,1,Female,60-79
96450,39.0,24.0,30.0,4.0,0.65,22.0,0,0,53,2,36824.85389019663,147,2,Female,40-59
96451,28.0,30.0,31.0,3.6,1.01,29.0,0,0,80,2,48716.69733806558,141,2,Female,80+
96452,16.0,20.0,19.0,4.4,0.73,13.0,0,0,38,1,23730.518641757342,140,2,Male,20-39
96453,11.0,12.0,13.0,4.0,0.72,10.0,0,0,24,2,20069.251044339584,139,1,Female,20-39
96455,24.0,19.0,29.0,4.2,0.87,10.0,0,0,34,1,139753.0221531281,144,1,Male,20-39
96456,14.0,17.0,9.0,4.0,1.15,24.0,0,0,69,2,221212.86541301332,141,1,Female,60-79
96457,25.0,23.0,31.0,4.1,0.87,17.0,0,0,58,1,29920.76968603074,141,2,Male,40-59
96462,8.0,23.0,20.0,3.9,0.87,10.0,0,0,65,1,15115.119665222903,146,1,Male,60-79
96463,9.0,13.0,14.0,4.1,0.99,10.0,0,0,26,1,24347.37842796959,137,2,Male,20-39
96465,34.0,29.0,44.0,4.1,0.73,12.0,0,0,41,2,20047.58237709533,134,1,Female,40-59
96466,13.0,22.0,15.0,3.1,0.7,10.0,0,0,31,2,19149.23234944743,144,1,Female,20-39
96468,17.0,19.0,27.0,4.0,1.05,14.0,0,0,66,2,7362.46873852964,145,2,Female,60-79
96469,14.0,17.0,21.0,4.3,0.57,11.0,0,0,42,2,52252.64035956745,141,1,Female,40-59
96470,24.0,25.0,34.0,4.1,0.89,19.0,0,0,47,1,16254.711178302052,139,2,Male,40-59
96471,8.0,11.0,11.0,3.6,1.03,12.0,0,0,65,1,9166.49424473938,143,2,Male,60-79
96473,16.0,18.0,81.0,3.9,1.15,13.0,0,0,79,1,49750.16954119377,139,2,Male,60-79
96474,15.0,17.0,12.0,4.2,0.69,11.0,0,0,37,2,16984.931297267332,148,2,Female,20-39
96475,22.0,17.0,42.0,3.9,1.07,13.0,0,0,51,1,15091.735119947143,145,2,Male,40-59
96476,11.0,16.0,12.0,3.7,0.83,14.0,0,0,37,2,27424.962221156118,146,1,Female,20-39
96477,12.0,21.0,13.0,4.1,1.08,13.0,0,0,65,1,7147.76197074884,145,2,Male,60-79
96479,15.0,28.0,9.0,4.3,1.07,23.0,0,0,56,2,147557.280737994,142,1,Female,40-59
96480,11.0,22.0,10.0,4.0,0.96,13.0,0,0,65,1,37723.34027094814,142,2,Male,60-79
96481,20.0,14.0,10.0,4.2,0.78,20.0,0,0,29,1,47960.636176945874,135,1,Male,20-39
96483,14.0,15.0,39.0,4.1,0.8,18.0,0,0,49,2,24186.27186392886,134,1,Female,40-59
96484,14.0,17.0,13.0,4.2,1.0,16.0,0,0,27,1,56084.35818394385,148,1,Male,20-39
96485,14.0,18.0,15.0,4.1,0.86,14.0,0,0,21,2,90885.37918486056,140,2,Female,20-39
96486,25.0,17.0,29.0,4.0,0.9,27.0,0,0,77,1,8285.975818164678,139,2,Male,60-79
96488,35.0,23.0,47.0,4.2,0.88,12.0,0,0,62,1,15577.531790514435,148,2,Male,60-79
96489,16.0,20.0,28.0,3.9,0.53,12.0,0,0,57,2,25986.677041492007,143,2,Female,40-59
96490,6.0,11.0,13.0,4.3,0.74,11.0,0,0,39,2,30326.99714992055,136,1,Female,20-39
96491,17.0,20.0,15.0,4.2,0.53,13.0,0,0,53,2,10435.68313162964,138,1,Female,40-59
96495,109.0,63.0,86.0,4.3,1.06,8.0,0,0,22,1,31555.20829837878,146,2,Male,20-39
96497,13.0,16.0,28.0,3.2,0.59,5.0,0,0,22,2,151807.38207480236,142,1,Female,20-39
96500,11.0,17.0,13.0,4.3,0.88,10.0,0,0,24,1,18091.19257823717,138,2,Male,20-39
96501,58.0,35.0,137.0,3.7,0.49,12.0,0,0,50,1,23423.38327028387,137,2,Male,40-59
96502,12.0,17.0,8.0,3.9,0.75,14.0,0,0,60,2,23634.42101622849,146,1,Female,60-79
96503,25.0,20.0,40.0,4.4,0.66,17.0,0,0,72,2,17908.565089985055,139,1,Female,60-79
96505,11.0,12.0,16.0,3.6,0.84,13.0,0,0,40,2,63753.01085961434,142,2,Female,40-59
96507,,,,,,,,,37,2,22495.788699793262,136,1,Female,20-39
96508,15.0,13.0,14.0,4.1,0.53,15.0,0,0,46,2,23876.068134324196,136,2,Female,40-59
96509,20.0,22.0,26.0,4.8,0.58,7.0,0,0,21,1,54430.91102724556,144,2,Male,20-39
96510,23.0,19.0,19.0,3.7,0.82,12.0,0,0,32,2,59869.121105863465,142,2,Female,20-39
96511,32.0,23.0,51.0,4.1,1.17,13.0,0,0,41,1,20112.150818110702,144,1,Male,40-59
96512,26.0,22.0,49.0,4.1,0.91,20.0,0,0,64,1,26966.5783896102,139,1,Male,60-79
96513,16.0,23.0,19.0,4.5,0.93,13.0,0,0,24,1,109756.75970328004,146,1,Male,20-39
96514,17.0,20.0,21.0,4.2,1.04,14.0,0,0,80,2,12922.689679785175,144,1,Female,80+
96515,17.0,24.0,30.0,3.9,0.91,13.0,0,0,69,1,7620.631953504778,145,2,Male,60-79
96517,13.0,25.0,13.0,4.4,0.78,10.0,0,0,54,2,243752.02387180369,139,1,Female,40-59
96519,11.0,16.0,22.0,4.2,0.71,8.0,0,0,33,2,21739.54543635427,144,1,Female,20-39
96521,23.0,16.0,28.0,3.6,1.03,23.0,0,0,62,1,30238.02454824367,142,2,Male,60-79
96522,14.0,20.0,12.0,4.5,0.68,19.0,0,0,52,2,335750.88678924774,143,1,Female,40-59
96523,22.0,19.0,16.0,3.4,0.67,12.0,0,0,21,2,82217.38116549734,134,1,Female,20-39
96525,19.0,21.0,15.0,4.1,1.45,25.0,0,0,80,1,7550.666727646758,146,2,Male,80+
96526,,,,,,,,,63,1,17936.222207507923,144,2,Male,60-79
96529,26.0,21.0,73.0,3.9,0.88,19.0,0,0,66,1,7155.138107688377,142,1,Male,60-79
96532,16.0,14.0,17.0,3.8,0.69,19.0,0,0,45,2,25546.726594658983,145,1,Female,40-59
96534,26.0,36.0,14.0,4.2,0.76,12.0,0,0,48,2,18201.06182726768,146,2,Female,40-59
96537,12.0,28.0,12.0,4.1,0.75,13.0,0,0,66,2,43844.032852101045,146,1,Female,60-79
96538,9.0,18.0,24.0,4.2,0.61,11.0,0,0,51,2,10454.627148370268,137,2,Female,40-59
96540,25.0,28.0,26.0,4.1,0.79,24.0,0,0,66,1,8062.563469940953,148,2,Male,60-79
96543,16.0,18.0,21.0,4.1,0.71,10.0,0,0,46,2,43805.48705017555,138,2,Female,40-59
96546,,,,,,,,,44,1,21700.209716852303,135,1,Male,40-59
96547,13.0,15.0,6.0,4.1,0.64,21.0,0,0,44,2,181999.676459589,142,2,Female,40-59
96548,9.0,12.0,12.0,4.2,0.71,17.0,0,0,28,2,20472.010977374463,135,2,Female,20-39
96551,61.0,67.0,62.0,4.4,0.64,14.0,0,0,36,2,69702.87953675653,141,1,Female,20-39
96552,17.0,20.0,12.0,3.9,0.93,12.0,0,0,43,1,39394.172715163724,137,1,Male,40-59
96553,29.0,22.0,37.0,4.7,0.67,17.0,0,0,58,1,12485.987347998851,140,2,Male,40-59
96554,24.0,22.0,18.0,4.1,1.06,12.0,0,0,31,1,29327.532044057367,147,1,Male,20-39
96555,13.0,13.0,54.0,3.6,0.83,13.0,0,0,46,1,25001.851220145647,147,2,Male,40-59
96557,28.0,20.0,50.0,4.4,1.22,13.0,0,0,38,1,28766.928986903622,144,1,Male,20-39
96558,17.0,19.0,32.0,4.0,1.11,14.0,0,0,29,1,41438.55736024082,140,2,Male,20-39
96560,11.0,23.0,26.0,3.6,1.25,8.0,0,0,71,1,11419.722253694783,143,2,Male,60-79
96561,12.0,8.0,36.0,3.9,1.35,17.0,0,0,53,1,39304.64640729627,135,1,Male,40-59
96566,25.0,18.0,25.0,4.4,1.37,13.0,0,0,23,1,84997.69267953144,146,1,Male,20-39
96568,33.0,34.0,24.0,4.2,1.13,18.0,0,0,80,1,34730.59204275586,144,1,Male,80+
96569,16.0,18.0,16.0,4.2,0.96,16.0,0,0,77,1,36534.07447995919,139,2,Male,60-79
96571,37.0,43.0,44.0,3.8,0.58,10.0,0,0,58,2,12201.343518944124,136,2,Female,40-59
96573,11.0,15.0,13.0,4.2,0.83,13.0,0,0,46,2,175079.05307680593,137,2,Female,40-59
96574,10.0,13.0,14.0,4.3,0.77,10.0,0,0,39,2,60020.54716183272,139,2,Female,20-39
96576,47.0,32.0,27.0,4.2,1.15,16.0,0,0,56,1,27463.665636980008,142,1,Male,40-59
96578,40.0,33.0,23.0,4.7,0.81,12.0,0,0,54,1,11845.295459641704,145,2,Male,40-59
96580,15.0,12.0,21.0,4.1,0.96,15.0,0,0,27,1,104460.93163383007,135,2,Male,20-39
96582,28.0,45.0,79.0,4.2,0.99,15.0,0,0,47,1,19879.572886135833,147,1,Male,40-59
96583,16.0,20.0,56.0,3.8,1.34,12.0,0,0,79,1,14508.002838615701,142,2,Male,60-79
96585,35.0,30.0,17.0,4.0,0.84,21.0,0,0,62,1,10685.48018643668,148,1,Male,60-79
96586,16.0,17.0,29.0,3.2,0.68,16.0,0,0,65,2,14956.189828130184,143,2,Female,60-79
96587,59.0,29.0,57.0,4.1,0.75,12.0,0,0,30,1,46033.62877978808,144,1,Male,20-39
96588,26.0,33.0,13.0,3.9,0.96,12.0,0,0,40,1,19720.54796435901,142,2,Male,40-59
96590,15.0,14.0,15.0,4.2,0.52,13.0,0,0,27,2,41040.24761017598,137,1,Female,20-39
96592,14.0,12.0,13.0,3.6,1.0,25.0,0,0,80,1,45614.86517013547,137,2,Male,80+
96593,19.0,17.0,17.0,3.8,1.0,19.0,0,0,30,1,133676.14672370622,143,2,Male,20-39
96594,,,,,,,,,39,1,20024.644874114645,139,2,Male,20-39
96595,27.0,26.0,43.0,4.2,0.57,13.0,0,0,64,2,20825.209109448555,134,2,Female,60-79
96596,37.0,23.0,49.0,4.7,0.86,17.0,0,0,35,1,108610.79347471287,140,2,Male,20-39
96598,10.0,13.0,11.0,4.0,0.79,18.0,0,0,67,2,15903.18972129803,139,1,Female,60-79
96599,39.0,31.0,40.0,4.4,0.82,17.0,0,0,72,1,19280.461931305894,140,1,Male,60-79
96600,16.0,14.0,13.0,3.3,0.72,5.0,0,0,25,2,22394.58881641139,146,2,Female,20-39
96602,14.0,22.0,9.0,3.3,1.32,21.0,0,0,80,1,21646.96493939944,141,2,Male,80+
96603,20.0,16.0,81.0,3.7,0.94,16.0,0,0,60,1,99434.16742965076,140,2,Male,60-79
96607,26.0,25.0,40.0,4.3,1.15,19.0,0,0,71,1,9743.681352798083,146,1,Male,60-79
96608,,,,,,,,,30,1,30570.29873694241,142,1,Male,20-39
96609,10.0,16.0,17.0,3.6,0.79,8.0,0,0,36,2,54709.73143068689,147,2,Female,20-39
96610,,,,,,,,,34,2,31853.964100437017,144,2,Female,20-39
96614,,,,,,,,,79,1,13823.882067671691,137,1,Male,60-79
96615,29.0,24.0,20.0,4.4,0.83,19.0,0,0,62,1,10885.643242074671,148,1,Male,60-79
96616,34.0,24.0,32.0,4.1,0.8,19.0,0,0,51,1,19219.101316155353,135,1,Male,40-59
96618,65.0,61.0,22.0,3.8,0.57,9.0,0,0,36,2,36805.95423123982,145,1,Female,20-39
96619,9.0,12.0,13.0,4.4,0.74,13.0,0,0,23,2,93317.20619470057,142,2,Female,20-39
96622,10.0,9.0,27.0,3.4,0.76,8.0,0,0,40,2,30765.88614631508,142,2,Female,40-59
96623,18.0,14.0,88.0,4.0,0.85,18.0,0,0,53,1,45727.21337829941,145,1,Male,40-59
96624,26.0,19.0,23.0,4.5,0.93,15.0,0,0,36,1,44272.95950210891,148,2,Male,20-39
96625,37.0,25.0,20.0,4.4,0.75,11.0,0,0,26,1,10134.641075081758,147,1,Male,20-39
96626,32.0,19.0,18.0,4.4,0.85,11.0,0,0,23,1,33299.284547720716,148,2,Male,20-39
96628,12.0,16.0,19.0,4.0,0.95,17.0,0,0,32,1,38140.37805899318,142,1,Male,20-39
96629,13.0,19.0,13.0,3.8,0.88,13.0,0,0,46,2,27828.42975328706,143,1,Female,40-59
96630,47.0,28.0,43.0,4.0,0.74,10.0,0,0,41,1,40144.56060118185,134,2,Male,40-59
96631,94.0,48.0,32.0,4.2,0.95,13.0,0,0,37,1,83616.13476844231,148,1,Male,20-39
96633,11.0,15.0,21.0,3.8,1.35,17.0,0,0,65,1,7153.481475960607,148,2,Male,60-79
96634,25.0,21.0,52.0,4.4,0.84,14.0,0,0,59,1,29147.7666067358,143,2,Male,40-59
96636,10.0,12.0,14.0,4.0,0.8,12.0,0,0,40,2,19110.836341251455,140,2,Female,40-59
96638,115.0,104.0,187.0,3.8,0.7,15.0,0,0,58,1,43354.9038124135,145,1,Male,40-59
96639,16.0,21.0,27.0,4.4,1.05,23.0,0,0,78,1,12376.406858712995,140,1,Male,60-79
96641,17.0,24.0,34.0,4.2,1.09,12.0,0,0,35,1,44175.346736016814,145,2,Male,20-39
96642,17.0,17.0,20.0,4.3,0.87,19.0,0,0,67,1,11327.277482533114,141,1,Male,60-79
96644,32.0,22.0,31.0,4.7,1.44,21.0,0,0,66,1,9788.057345670783,135,2,Male,60-79
96646,22.0,21.0,11.0,4.4,0.87,19.0,0,0,44,1,23522.331441041188,139,1,Male,40-59
96649,18.0,19.0,56.0,3.5,2.53,25.0,0,0,51,1,46465.66275425408,144,1,Male,40-59
96651,13.0,11.0,23.0,3.5,0.94,16.0,0,0,49,2,10550.3474645545,140,2,Female,40-59
96652,28.0,18.0,25.0,4.1,0.86,14.0,0,0,63,1,15989.640717356959,137,2,Male,60-79
96653,,,,,,,,,28,1,36308.91186232521,134,2,Male,20-39
96654,20.0,28.0,57.0,4.0,0.88,14.0,0,0,80,1,10592.826105818956,142,1,Male,80+
96656,45.0,34.0,41.0,4.5,1.14,13.0,0,0,24,1,23373.692255762322,135,1,Male,20-39
96657,37.0,44.0,64.0,4.2,0.93,14.0,0,0,26,1,19894.76788911286,139,1,Male,20-39
96658,38.0,37.0,26.0,4.1,1.11,22.0,0,0,60,1,16360.877366722256,145,1,Male,60-79
96659,18.0,24.0,129.0,4.3,0.93,18.0,0,0,58,2,173431.03727395798,146,1,Female,40-59
96660,20.0,20.0,12.0,4.3,0.64,15.0,0,0,61,2,101723.29907042747,142,1,Female,60-79
96661,8.0,13.0,19.0,4.2,0.69,10.0,0,0,24,2,15137.371348644867,144,1,Female,20-39
96663,13.0,18.0,10.0,4.0,0.85,15.0,0,0,20,2,114805.42401023659,139,1,Female,20-39
96666,,,,,,,,,52,1,35660.92817911625,144,2,Male,40-59
96667,18.0,14.0,33.0,3.7,0.84,18.0,0,0,69,1,6321.668126492596,140,2,Male,60-79
96669,12.0,22.0,22.0,4.2,0.69,16.0,0,0,55,2,15693.529786243702,137,2,Female,40-59
96671,17.0,18.0,7.0,4.4,0.55,13.0,0,0,37,2,27955.745623632924,145,2,Female,20-39
96672,24.0,18.0,32.0,4.6,1.08,12.0,0,0,32,1,31805.38903216795,136,1,Male,20-39
96674,45.0,29.0,49.0,4.4,1.18,14.0,0,0,30,1,55703.10267415386,138,1,Male,20-39
96677,17.0,16.0,23.0,4.2,0.85,14.0,0,0,25,2,164560.03433742278,141,1,Female,20-39
96679,17.0,18.0,13.0,4.5,0.7,16.0,0,0,30,2,57191.35472864792,145,1,Female,20-39
96681,16.0,15.0,15.0,3.7,0.73,16.0,0,0,33,2,231584.69530142582,137,1,Female,20-39
96683,25.0,18.0,17.0,3.9,0.7,15.0,0,0,41,2,23509.49718742221,148,2,Female,40-59
96687,9.0,17.0,10.0,3.4,0.87,12.0,0,0,80,2,47895.153771994344,142,2,Female,80+
96688,27.0,25.0,94.0,4.2,1.07,13.0,0,0,58,1,22695.018548986194,135,1,Male,40-59
96692,63.0,26.0,50.0,4.5,0.97,23.0,0,0,29,1,104516.2292761504,134,2,Male,20-39
96694,33.0,23.0,27.0,4.5,0.85,12.0,0,0,39,1,55662.6715062987,146,2,Male,20-39
96695,13.0,14.0,9.0,3.9,0.69,13.0,0,0,25,2,145642.0290306769,142,2,Female,20-39
96697,15.0,19.0,8.0,4.2,0.74,14.0,0,0,25,1,77398.36347401781,141,2,Male,20-39
96698,23.0,17.0,24.0,4.3,0.89,19.0,0,0,40,1,159503.64122761574,138,1,Male,40-59
96699,8.0,12.0,22.0,4.5,0.97,15.0,0,0,59,2,32712.631855346764,145,1,Female,40-59
96700,24.0,22.0,27.0,4.0,1.2,21.0,0,0,68,1,64559.63702399859,142,2,Male,60-79
96701,3.0,14.0,10.0,3.6,1.32,17.0,0,0,74,1,29087.73591311672,134,2,Male,60-79
96704,8.0,16.0,10.0,3.8,2.61,32.0,0,0,80,2,14137.702857893288,148,2,Female,80+
96705,16.0,21.0,16.0,4.4,0.88,18.0,0,0,40,1,262904.1725672678,134,2,Male,40-59
96706,27.0,20.0,26.0,4.4,0.93,12.0,0,0,40,1,99890.4565048424,141,2,Male,40-59
96707,16.0,20.0,22.0,4.4,1.19,18.0,0,0,64,2,6215.689349124389,148,2,Female,60-79
96708,63.0,57.0,16.0,4.1,0.75,20.0,0,0,52,2,41476.2147197665,134,1,Female,40-59
96711,19.0,23.0,14.0,4.4,0.72,8.0,0,0,36,2,17386.505551521772,140,2,Female,20-39
96712,11.0,16.0,14.0,3.8,1.13,24.0,0,0,80,2,74156.84823346903,135,1,Female,80+
96718,16.0,17.0,22.0,4.4,0.96,24.0,0,0,80,1,7970.759498274827,146,1,Male,80+
96719,12.0,11.0,22.0,3.5,0.55,12.0,0,0,50,2,18809.85353642981,147,1,Female,40-59
96720,30.0,24.0,20.0,4.3,1.02,18.0,0,0,80,1,22546.793994503943,142,1,Male,80+
96721,14.0,11.0,17.0,3.7,0.58,11.0,0,0,32,2,57155.908943230774,141,2,Female,20-39
96722,25.0,21.0,28.0,3.9,0.86,19.0,0,0,68,1,23342.20916036024,139,2,Male,60-79
96723,11.0,14.0,13.0,4.0,0.53,12.0,0,0,38,2,38654.688176892385,141,2,Female,20-39
96725,31.0,23.0,12.0,4.3,0.62,10.0,0,0,33,2,45289.96884845138,144,2,Female,20-39
96726,32.0,27.0,27.0,3.9,0.83,17.0,0,0,61,2,9984.41213147759,139,1,Female,60-79
96727,11.0,19.0,20.0,3.7,1.78,36.0,0,0,76,2,28467.780658327523,134,2,Female,60-79
96730,15.0,16.0,18.0,4.2,0.94,21.0,0,0,53,2,32330.71878958256,141,2,Female,40-59
96731,18.0,16.0,18.0,3.7,1.07,9.0,0,0,41,1,33105.27867938136,139,1,Male,40-59
96732,21.0,23.0,31.0,4.1,1.17,26.0,0,0,57,1,149819.91028589368,145,1,Male,40-59
96736,20.0,20.0,17.0,4.3,0.9,13.0,0,0,72,1,9436.480832755906,147,1,Male,60-79
96737,11.0,16.0,11.0,4.0,0.64,10.0,0,0,34,2,11559.433960653738,140,2,Female,20-39
96739,,,,,,,,,20,1,25934.41154104908,148,1,Male,20-39
96740,78.0,59.0,44.0,3.9,0.58,9.0,0,0,27,1,13146.459062249067,147,1,Male,20-39
96743,34.0,24.0,22.0,4.3,0.97,10.0,0,0,33,1,5374.3753195629215,139,2,Male,20-39
96744,33.0,29.0,39.0,4.3,0.98,10.0,0,0,33,1,4644.990525497073,148,2,Male,20-39
96745,14.0,14.0,25.0,3.5,0.94,16.0,0,0,52,2,25832.893692976682,145,1,Female,40-59
96748,15.0,14.0,12.0,3.4,0.71,13.0,0,0,37,2,20171.856546116815,137,2,Female,20-39
96750,13.0,14.0,22.0,4.1,0.49,8.0,0,0,53,2,30933.96924278496,139,1,Female,40-59
96752,26.0,41.0,32.0,3.6,0.51,12.0,0,0,54,2,37128.66611813778,141,2,Female,40-59
96753,11.0,18.0,58.0,4.1,1.79,28.0,0,0,78,1,7016.440999327943,137,1,Male,60-79
96754,12.0,17.0,25.0,4.0,0.84,16.0,0,0,79,2,14483.06402758991,137,1,Female,60-79
96756,29.0,21.0,9.0,3.5,0.8,12.0,0,0,23,2,90713.27673413343,143,2,Female,20-39
96758,17.0,15.0,14.0,3.8,0.78,9.0,0,0,47,1,27804.25326360921,146,2,Male,40-59
96760,46.0,33.0,53.0,4.0,0.77,11.0,0,0,48,1,20927.774922644163,142,1,Male,40-59
96764,36.0,27.0,40.0,4.2,1.0,19.0,0,0,27,1,13033.172630319974,142,2,Male,20-39
96766,9.0,16.0,8.0,3.4,0.81,12.0,0,0,52,2,15215.365720602491,147,1,Female,40-59
96768,12.0,17.0,129.0,4.1,0.9,17.0,0,0,56,2,33599.62196088144,136,1,Female,40-59
96770,15.0,24.0,12.0,3.9,0.7,14.0,0,0,78,2,68312.17388116743,142,1,Female,60-79
96771,22.0,24.0,15.0,3.9,0.89,23.0,0,0,67,2,27182.871131802727,137,2,Female,60-79
96774,9.0,11.0,8.0,4.6,0.52,8.0,0,0,28,2,15261.336104780201,137,1,Female,20-39
96775,,,,,,,,,80,2,51942.38528452599,134,1,Female,80+
96777,31.0,25.0,37.0,3.8,0.86,11.0,0,0,60,1,120263.86391075108,140,1,Male,60-79
96780,22.0,22.0,24.0,4.0,0.92,11.0,0,0,80,1,37249.18328006445,141,2,Male,80+
96783,12.0,14.0,13.0,3.8,0.7,20.0,0,0,58,2,32982.32081241399,138,2,Female,40-59
96784,15.0,15.0,15.0,4.0,0.67,12.0,0,0,74,1,11694.154980981488,142,2,Male,60-79
96785,,,,,,,,,80,2,25804.94954790755,137,1,Female,80+
96787,16.0,19.0,14.0,4.4,0.6,14.0,0,0,79,2,71739.98938989421,141,2,Female,60-79
96788,21.0,22.0,15.0,3.8,0.83,11.0,0,0,29,2,26358.351501209072,140,2,Female,20-39
96789,10.0,19.0,18.0,3.8,1.23,32.0,0,0,80,2,13597.422243702476,139,1,Female,80+
96790,22.0,18.0,82.0,3.4,0.74,11.0,0,0,34,1,78459.91092807919,137,2,Male,20-39
96792,11.0,14.0,16.0,4.6,0.75,17.0,0,0,61,2,10123.547817404868,138,1,Female,60-79
96793,17.0,19.0,19.0,4.1,0.91,8.0,0,0,54,1,31441.46839685434,147,2,Male,40-59
96795,118.0,49.0,128.0,4.3,0.94,20.0,0,0,22,1,240329.8163101147,143,2,Male,20-39
96798,32.0,20.0,62.0,4.0,1.13,28.0,0,0,70,1,8951.970711680357,145,2,Male,60-79
96799,13.0,19.0,15.0,4.0,1.44,20.0,0,0,75,1,41086.18705983399,140,1,Male,60-79
96800,25.0,22.0,38.0,3.8,1.2,13.0,0,0,53,1,21959.55949315607,144,2,Male,40-59
96804,22.0,19.0,42.0,4.4,1.19,24.0,0,0,67,1,7973.285699714381,141,1,Male,60-79
96805,16.0,18.0,19.0,4.0,0.75,12.0,0,0,64,2,7549.242208815665,144,2,Female,60-79
96809,15.0,19.0,7.0,3.9,1.07,12.0,0,0,80,1,12139.972086616093,139,1,Male,80+
96810,9.0,12.0,7.0,3.8,0.53,14.0,0,0,39,2,18728.258300049045,143,2,Female,20-39
96811,,,,,,,,,35,2,35538.7689490603,143,1,Female,20-39
96812,20.0,28.0,28.0,4.5,1.43,30.0,0,0,72,1,13890.468778956138,136,1,Male,60-79
96813,,,,,,,,,30,1,14829.330276586707,144,2,Male,20-39
96815,15.0,13.0,16.0,4.0,0.92,18.0,0,0,77,1,71240.25579587593,140,2,Male,60-79
96816,14.0,13.0,28.0,4.1,0.66,11.0,0,0,60,2,8351.462339765705,147,1,Female,60-79
96818,17.0,36.0,16.0,4.4,1.16,11.0,0,0,49,1,14390.364683278114,145,2,Male,40-59
96820,10.0,13.0,13.0,4.3,0.96,4.0,0,0,47,1,18580.581104127315,142,1,Male,40-59
96821,16.0,16.0,16.0,4.3,0.99,19.0,0,0,21,1,20725.741281315866,138,1,Male,20-39
96826,19.0,17.0,16.0,4.4,0.69,15.0,0,0,29,1,41312.771966293345,143,1,Male,20-39
96827,38.0,35.0,41.0,3.8,0.34,17.0,0,0,73,1,85142.22194285132,136,1,Male,60-79
96829,17.0,14.0,24.0,4.2,0.72,11.0,0,0,38,2,10634.210356521111,143,2,Female,20-39
96830,58.0,47.0,41.0,4.5,0.98,19.0,0,0,63,1,18617.544673695058,139,1,Male,60-79
96833,23.0,19.0,17.0,4.0,0.62,8.0,0,0,34,2,15604.892028275459,147,1,Female,20-39
96834,34.0,36.0,42.0,3.6,1.83,18.0,0,0,77,1,16813.119740875714,136,2,Male,60-79
96835,17.0,18.0,18.0,4.0,0.68,16.0,0,0,68,2,143823.25729864414,134,1,Female,60-79
96836,14.0,13.0,54.0,4.0,0.76,12.0,0,0,59,2,22527.34273448437,144,1,Female,40-59
96838,10.0,14.0,20.0,4.0,0.67,9.0,0,0,32,2,9229.941200461037,136,1,Female,20-39
96839,13.0,11.0,14.0,3.8,0.74,8.0,0,0,22,2,63000.557854393504,141,2,Female,20-39
96840,36.0,30.0,35.0,4.7,0.95,20.0,0,0,67,1,14460.973315782147,148,1,Male,60-79
96841,14.0,17.0,44.0,4.1,0.68,19.0,0,0,74,1,11032.198105073227,139,1,Male,60-79
96842,20.0,21.0,12.0,4.1,0.79,12.0,0,0,75,2,36155.39401578188,139,1,Female,60-79
96844,32.0,23.0,32.0,4.7,0.88,13.0,0,0,55,1,8226.1346017549,144,1,Male,40-59
96847,11.0,17.0,20.0,4.4,0.95,14.0,0,0,44,2,48857.045433598396,143,1,Female,40-59
96848,11.0,14.0,18.0,3.5,0.56,13.0,0,0,56,2,20517.454236803154,138,1,Female,40-59
96851,23.0,20.0,30.0,4.0,0.8,16.0,0,0,61,2,11716.351609445017,148,1,Female,60-79
96852,51.0,40.0,30.0,3.9,0.75,19.0,0,0,35,1,36573.214777377616,138,1,Male,20-39
96854,,,,,,,,,38,2,102113.28734928711,142,1,Female,20-39
96855,,,,,,,,,80,2,15942.046320702897,148,2,Female,80+
96860,10.0,15.0,5.0,3.8,0.73,10.0,0,0,22,2,134410.40096574582,143,1,Female,20-39
96862,14.0,18.0,49.0,3.7,0.72,9.0,0,0,51,2,144910.51502042348,145,1,Female,40-59
96863,32.0,24.0,22.0,4.2,1.19,13.0,0,0,56,1,121356.12334759184,142,1,Male,40-59
96865,12.0,16.0,42.0,4.1,0.76,12.0,0,0,28,2,41568.50461889616,147,2,Female,20-39
96866,30.0,32.0,15.0,3.7,0.93,21.0,0,0,80,1,13589.688040698305,136,2,Male,80+
96868,,,,,,,,,42,2,192920.68404484028,146,1,Female,40-59
96869,22.0,18.0,37.0,3.6,1.47,31.0,0,0,49,1,10615.735405307061,147,1,Male,40-59
96871,13.0,21.0,30.0,3.9,1.6,25.0,0,0,72,1,9858.01747143458,146,1,Male,60-79
96873,19.0,21.0,11.0,3.2,0.98,17.0,0,0,80,2,12914.220262542316,145,2,Female,80+
96874,11.0,14.0,17.0,4.2,0.79,9.0,0,0,55,2,44997.64260262978,140,2,Female,40-59
96875,23.0,26.0,37.0,4.0,0.68,14.0,0,0,56,2,22174.140785792737,136,1,Female,40-59
96876,25.0,27.0,25.0,3.6,1.19,34.0,0,0,60,2,12559.833463085566,145,1,Female,60-79
96877,13.0,16.0,20.0,3.8,1.09,20.0,0,0,60,1,15148.080498628315,147,2,Male,60-79
96878,15.0,19.0,28.0,4.1,1.16,18.0,0,0,80,1,22855.759842080013,141,2,Male,80+
96879,16.0,20.0,13.0,3.2,0.52,9.0,0,0,25,2,105280.52213512697,146,1,Female,20-39
96882,14.0,16.0,14.0,3.9,0.64,9.0,0,0,44,2,12183.947548880988,146,2,Female,40-59
96884,11.0,16.0,11.0,3.9,0.86,13.0,0,0,55,2,14605.672296820298,138,2,Female,40-59
96885,29.0,19.0,20.0,4.4,0.58,10.0,0,0,24,1,30408.23990983527,136,2,Male,20-39
96887,24.0,31.0,17.0,3.9,0.64,9.0,0,0,57,2,46011.3783166331,139,2,Female,40-59
96890,15.0,17.0,22.0,4.6,0.9,10.0,0,0,20,1,27338.1908565141,146,1,Male,20-39
96891,10.0,12.0,19.0,4.1,0.8,9.0,0,0,41,1,14548.559777964665,147,2,Male,40-59
96892,30.0,20.0,152.0,4.7,0.75,23.0,0,0,65,2,80864.13500121825,139,2,Female,60-79
96893,48.0,32.0,75.0,4.1,0.73,11.0,0,0,42,1,58734.18413441794,144,2,Male,40-59
96894,,,,,,,,,48,1,109182.19119900315,135,1,Male,40-59
96895,33.0,23.0,30.0,3.9,0.73,9.0,0,0,60,2,14395.26049052365,140,2,Female,60-79
96896,12.0,14.0,13.0,4.0,0.78,14.0,0,0,80,2,11623.651816679041,148,2,Female,80+
96898,15.0,20.0,16.0,4.0,0.91,13.0,0,0,56,1,60240.9782191194,138,2,Male,40-59
96899,29.0,30.0,16.0,4.1,1.12,9.0,0,0,21,1,23092.448699414203,140,1,Male,20-39
96900,48.0,30.0,49.0,4.8,0.86,15.0,0,0,24,1,22108.903220510874,147,2,Male,20-39
96901,10.0,12.0,12.0,4.1,0.61,12.0,0,0,33,2,17898.812845130764,140,2,Female,20-39
96902,28.0,,57.0,4.3,0.77,10.0,0,0,75,1,11695.865178878845,135,1,Male,60-79
96903,,,,,,,,,51,1,6242.617953710472,138,1,Male,40-59
96906,18.0,21.0,18.0,3.9,1.01,20.0,0,0,74,1,54765.71576134309,140,1,Male,60-79
96907,13.0,16.0,17.0,3.6,0.85,15.0,0,0,35,2,102514.8796141887,143,1,Female,20-39
96908,45.0,36.0,65.0,4.7,0.67,14.0,0,0,73,2,43363.58822547237,139,2,Female,60-79
96912,20.0,27.0,42.0,3.9,0.81,16.0,0,0,50,1,15127.014633913444,144,2,Male,40-59
96913,12.0,15.0,13.0,4.1,0.64,12.0,0,0,25,2,24758.41679642752,138,2,Female,20-39
96915,22.0,17.0,19.0,4.2,1.0,21.0,0,0,49,1,284989.4458517071,137,1,Male,40-59
96916,14.0,22.0,15.0,3.8,0.66,18.0,0,0,69,2,20733.52875235136,142,1,Female,60-79
96921,26.0,21.0,56.0,4.1,1.13,24.0,0,0,57,1,46363.59503148774,145,1,Male,40-59
96922,44.0,29.0,54.0,4.1,0.86,25.0,0,0,57,1,78719.4583498247,141,2,Male,40-59
96925,181.0,69.0,67.0,4.5,0.75,13.0,0,0,27,1,26755.35680252387,148,2,Male,20-39
96926,19.0,17.0,33.0,4.0,0.98,19.0,0,0,59,1,117014.50762675604,141,1,Male,40-59
96927,26.0,17.0,59.0,4.5,0.94,22.0,0,0,70,1,82185.73800614692,137,2,Male,60-79
96928,9.0,15.0,30.0,4.2,1.03,14.0,0,0,71,1,10146.701347960548,139,1,Male,60-79
96930,13.0,18.0,27.0,4.6,0.95,16.0,0,0,70,1,122013.96842477523,146,1,Male,60-79
96933,24.0,31.0,26.0,4.2,0.64,14.0,0,0,59,1,28406.923184844916,140,1,Male,40-59
96934,42.0,109.0,286.0,2.6,0.37,4.0,0,0,55,2,11925.310998747984,147,1,Female,40-59
96935,19.0,17.0,36.0,4.3,0.83,18.0,0,0,41,1,33961.438139293095,137,2,Male,40-59
96938,19.0,15.0,22.0,4.6,0.66,15.0,0,0,65,2,23557.636857748123,140,1,Female,60-79
96939,9.0,12.0,11.0,3.9,0.56,9.0,0,0,32,2,49790.657395718954,139,2,Female,20-39
96940,23.0,30.0,56.0,4.1,0.82,17.0,0,0,59,2,202666.60738546695,140,1,Female,40-59
96941,14.0,18.0,30.0,3.5,0.78,11.0,0,0,39,2,61192.66195282568,143,1,Female,20-39
96944,33.0,42.0,40.0,3.5,1.41,21.0,0,0,70,2,27250.53414220501,142,1,Female,60-79
96946,64.0,39.0,44.0,4.1,1.54,17.0,0,0,77,1,13496.203379994151,141,2,Male,60-79
96948,,,,,,,,,33,1,29919.225791541274,140,2,Male,20-39
96951,15.0,16.0,27.0,4.1,0.79,13.0,0,0,36,2,103875.25737014049,141,2,Female,20-39
96952,27.0,22.0,18.0,4.4,0.71,18.0,0,0,63,2,164492.6019936504,134,2,Female,60-79
96953,13.0,17.0,24.0,4.2,0.92,15.0,0,0,60,2,42929.67448881909,138,1,Female,60-79
96954,52.0,31.0,39.0,4.4,0.62,17.0,0,0,55,1,13931.730946724518,136,2,Male,40-59
96955,14.0,13.0,33.0,4.0,0.86,8.0,0,0,64,1,11361.38386447198,135,2,Male,60-79
96956,,,,,,,,,70,1,7443.936817769957,139,2,Male,60-79
96958,10.0,12.0,18.0,3.8,0.67,14.0,0,0,24,2,27486.352351180594,137,1,Female,20-39
96959,19.0,15.0,19.0,4.3,0.94,9.0,0,0,33,1,36291.288390649985,145,2,Male,20-39
96960,18.0,12.0,31.0,3.8,0.77,12.0,0,0,47,2,19130.8758337803,140,1,Female,40-59
96962,22.0,,12.0,4.2,0.69,13.0,0,0,71,2,16550.962852325774,136,1,Female,60-79
96964,17.0,18.0,37.0,4.1,1.04,10.0,0,0,65,2,12180.431706893942,136,2,Female,60-79
96965,21.0,17.0,20.0,3.8,1.23,19.0,0,0,52,1,60916.432490786756,137,2,Male,40-59
96966,5.0,10.0,10.0,3.9,0.56,4.0,0,0,25,2,48550.48072356104,140,1,Female,20-39
96967,12.0,14.0,13.0,4.3,0.4,10.0,0,0,21,2,16231.965436319804,138,1,Female,20-39
96969,26.0,21.0,31.0,4.2,0.72,13.0,0,0,38,1,24081.1911520528,136,2,Male,20-39
96970,9.0,9.0,13.0,4.0,0.5,12.0,0,0,49,2,10465.199213256505,140,2,Female,40-59
96972,,,,,,,,,62,2,6685.8844117776425,137,1,Female,60-79
96975,,,,,,,,,30,2,20422.36457063781,147,2,Female,20-39
96976,18.0,16.0,28.0,3.9,0.91,19.0,0,0,63,1,84406.39616195922,140,1,Male,60-79
96978,14.0,10.0,52.0,4.3,1.18,16.0,0,0,60,1,6006.803506378333,140,2,Male,60-79
96979,12.0,14.0,21.0,4.1,0.64,11.0,0,0,34,2,30930.752055715984,140,1,Female,20-39
96983,20.0,18.0,26.0,4.1,1.03,21.0,0,0,80,1,24386.181511223265,142,2,Male,80+
96984,12.0,17.0,17.0,3.8,0.78,10.0,0,0,38,2,14025.027595390082,147,1,Female,20-39
96985,14.0,22.0,23.0,4.2,1.34,25.0,0,0,80,2,17703.254612912842,146,1,Female,80+
96989,17.0,17.0,58.0,4.0,0.76,11.0,0,0,64,2,15690.559213208217,144,1,Female,60-79
96990,49.0,24.0,27.0,4.3,0.84,14.0,0,0,30,1,45323.10340120555,141,2,Male,20-39
96992,17.0,17.0,23.0,4.2,1.12,11.0,0,0,28,1,62998.70059923141,143,1,Male,20-39
96993,64.0,40.0,38.0,4.0,0.93,18.0,0,0,52,1,126956.8798738883,142,1,Male,40-59
96994,13.0,11.0,19.0,3.6,0.85,12.0,0,0,61,1,10308.930470854046,145,1,Male,60-79
96996,20.0,19.0,24.0,4.1,0.57,14.0,0,0,38,2,46459.73654303183,134,2,Female,20-39
96998,16.0,14.0,27.0,3.8,0.61,15.0,0,0,68,2,6513.869921850719,137,2,Female,60-79
97000,37.0,33.0,74.0,4.1,0.92,14.0,0,0,33,1,36569.296022406874,138,1,Male,20-39
97003,12.0,18.0,20.0,4.8,0.92,12.0,0,0,20,1,83451.34914323871,142,1,Male,20-39
97009,,,,,,,,,30,1,20467.079713324216,147,1,Male,20-39
97011,19.0,25.0,21.0,4.2,0.81,10.0,0,0,26,2,85280.52096207552,147,2,Female,20-39
97013,25.0,51.0,94.0,3.6,0.75,6.0,0,0,50,1,26719.36637154455,148,1,Male,40-59
97015,15.0,14.0,31.0,3.7,0.98,22.0,0,0,72,2,10900.82568513725,146,1,Female,60-79
97017,23.0,24.0,20.0,4.2,0.75,10.0,0,0,66,2,55461.54322062451,140,1,Female,60-79
97018,16.0,19.0,12.0,4.0,0.93,13.0,0,0,27,1,20694.626926481556,144,1,Male,20-39
97019,,,,,,,,,44,1,52601.288452219844,134,1,Male,40-59
97021,34.0,20.0,21.0,4.5,1.16,11.0,0,0,27,1,52033.462269474345,139,2,Male,20-39
97022,35.0,21.0,38.0,4.3,0.83,10.0,0,0,46,1,59370.651965814,148,1,Male,40-59
97023,13.0,18.0,11.0,4.4,0.79,19.0,0,0,80,2,12841.758103264514,135,2,Female,80+
97024,27.0,28.0,10.0,3.6,0.8,16.0,0,0,55,2,124173.47167797953,142,2,Female,40-59
97025,16.0,19.0,17.0,3.6,0.43,14.0,0,0,36,2,19144.75678292095,137,1,Female,20-39
97026,25.0,22.0,11.0,3.9,1.13,28.0,0,0,80,2,61835.46968248137,145,1,Female,80+
97027,8.0,14.0,11.0,4.3,0.75,11.0,0,0,26,2,20179.897665401117,138,2,Female,20-39
97029,24.0,32.0,45.0,4.4,1.11,22.0,0,0,55,1,12839.46946874124,136,2,Male,40-59
97030,28.0,25.0,34.0,4.2,0.68,24.0,0,0,57,2,32861.914242483814,137,2,Female,40-59
97031,15.0,18.0,14.0,4.1,0.79,7.0,0,0,70,1,14035.229145398185,141,1,Male,60-79
97032,17.0,23.0,16.0,4.2,0.93,22.0,0,0,50,1,20208.90136801897,135,2,Male,40-59
97034,14.0,17.0,8.0,4.3,0.65,9.0,0,0,31,2,103165.29203278126,145,2,Female,20-39
97035,20.0,18.0,13.0,3.8,0.79,8.0,0,0,36,2,12443.384865771066,140,2,Female,20-39
97036,,,,,,,,,28,2,47938.276778590334,144,2,Female,20-39
97037,,,,,,,,,32,1,14330.261505673656,137,2,Male,20-39
97038,,,,,,,,,53,2,41274.95882576612,139,1,Female,40-59
97039,31.0,23.0,48.0,4.8,0.64,10.0,0,0,76,1,25867.77364418861,136,1,Male,60-79
97040,47.0,39.0,36.0,4.0,0.91,12.0,0,0,58,2,27868.531427850638,144,1,Female,40-59
97041,8.0,12.0,11.0,4.0,0.73,13.0,0,0,26,2,31371.808670131828,147,1,Female,20-39
97042,15.0,29.0,10.0,4.6,0.72,11.0,0,0,33,2,95435.89535826295,141,2,Female,20-39
97044,9.0,14.0,12.0,4.6,0.63,7.0,0,0,30,2,15137.408055727283,139,1,Female,20-39
97046,16.0,16.0,30.0,4.4,1.3,14.0,0,0,61,1,9407.685857857452,139,1,Male,60-79
97048,11.0,14.0,10.0,4.0,0.83,13.0,0,0,34,2,22304.003599583433,144,1,Female,20-39
97049,23.0,20.0,24.0,4.3,0.86,10.0,0,0,52,1,13595.943930200396,138,2,Male,40-59
97051,30.0,23.0,35.0,4.5,0.85,24.0,0,0,68,1,11982.806155964792,137,1,Male,60-79
97054,28.0,27.0,28.0,3.9,0.91,13.0,0,0,40,1,18963.324574381993,145,2,Male,40-59
97055,38.0,36.0,28.0,4.3,0.86,11.0,0,0,53,1,44987.106956583935,143,2,Male,40-59
97056,8.0,6.0,14.0,3.3,10.96,57.0,0,0,72,2,16490.274716023432,135,2,Female,60-79
97057,16.0,21.0,12.0,4.2,0.73,13.0,0,0,26,2,20179.897665401117,138,2,Female,20-39
97058,,,,,,,,,80,2,76616.59996122698,145,2,Female,80+
97059,17.0,17.0,21.0,3.7,0.96,11.0,0,0,44,1,31096.355547324718,139,1,Male,40-59
97060,17.0,23.0,18.0,4.5,0.97,9.0,0,0,20,1,54036.13196010797,134,1,Male,20-39
97063,19.0,23.0,21.0,4.5,1.02,21.0,0,0,51,1,29032.334779656274,136,2,Male,40-59
97064,17.0,20.0,25.0,4.1,0.84,14.0,0,0,24,1,62757.685836161974,136,2,Male,20-39
97065,16.0,21.0,35.0,4.4,0.98,16.0,0,0,42,1,21518.14765830328,147,1,Male,40-59
97067,20.0,16.0,27.0,4.2,1.0,11.0,0,0,59,1,11726.218558257868,148,1,Male,40-59
97071,13.0,13.0,31.0,4.4,0.61,10.0,0,0,31,2,25988.453889578625,136,1,Female,20-39
97077,13.0,14.0,22.0,4.1,0.86,16.0,0,0,52,2,20726.161853633195,146,1,Female,40-59
97078,13.0,16.0,15.0,3.8,0.78,12.0,0,0,28,2,32046.95781866735,136,1,Female,20-39
97080,9.0,28.0,12.0,4.0,0.66,24.0,0,0,80,2,33267.32729707548,144,1,Female,80+
97088,16.0,14.0,9.0,4.2,0.94,21.0,0,0,60,1,20743.466010431108,145,1,Male,60-79
97092,14.0,15.0,8.0,3.8,0.63,8.0,0,0,31,2,16756.506066794413,145,2,Female,20-39
97093,7.0,15.0,14.0,3.7,0.81,7.0,0,0,35,2,22240.81613255421,147,1,Female,20-39
97094,17.0,14.0,64.0,4.3,0.6,12.0,0,0,30,2,12261.967683370362,148,2,Female,20-39
97095,30.0,29.0,30.0,4.0,0.68,9.0,0,0,44,2,108780.33022989293,143,2,Female,40-59
97096,18.0,19.0,18.0,4.1,0.74,15.0,0,0,69,2,25624.002417793406,139,2,Female,60-79
97097,32.0,21.0,28.0,4.0,0.79,14.0,0,0,53,1,10239.798065762578,148,2,Male,40-59
97099,17.0,25.0,13.0,3.9,0.96,20.0,0,0,77,2,72333.04163979641,146,2,Female,60-79
97100,38.0,28.0,25.0,4.3,0.93,11.0,0,0,22,2,108737.57992989976,145,1,Female,20-39
97102,27.0,39.0,67.0,3.6,0.81,22.0,0,0,70,2,45962.985031042044,136,1,Female,60-79
97103,14.0,15.0,12.0,4.1,0.83,9.0,0,0,31,2,56452.08437011687,143,2,Female,20-39
97104,44.0,25.0,20.0,4.3,1.05,19.0,0,0,38,1,99750.03475987689,148,1,Male,20-39
97105,25.0,18.0,23.0,4.7,1.02,18.0,0,0,56,1,208401.41660052465,141,2,Male,40-59
97106,10.0,13.0,9.0,4.2,0.76,13.0,0,0,20,2,64118.82215085121,142,1,Female,20-39
97107,,,,,,,,,49,1,141844.63415279845,138,1,Male,40-59
97108,23.0,21.0,37.0,4.5,0.88,18.0,0,0,51,1,8443.22311145936,143,1,Male,40-59
97109,14.0,20.0,12.0,3.4,0.96,18.0,0,0,74,2,64130.43753208404,147,1,Female,60-79
97111,48.0,30.0,52.0,4.3,0.97,12.0,0,0,43,1,23854.663586904866,138,2,Male,40-59
97115,42.0,28.0,24.0,4.8,0.83,15.0,0,0,65,1,15506.810324647167,148,2,Male,60-79
97116,15.0,15.0,13.0,4.4,0.63,14.0,0,0,23,2,41958.30096607187,140,1,Female,20-39
97117,33.0,31.0,22.0,4.4,0.74,17.0,0,0,63,2,11899.801840683152,135,2,Female,60-79
97118,15.0,18.0,27.0,4.1,0.93,13.0,0,0,72,1,110616.39947786185,146,1,Male,60-79
97120,11.0,17.0,11.0,3.7,0.82,14.0,0,0,80,2,64075.20016354462,134,2,Female,80+
97121,57.0,40.0,21.0,4.5,0.75,14.0,0,0,44,2,39741.33153826867,137,1,Female,40-59
97122,15.0,18.0,13.0,3.9,0.72,10.0,0,0,29,2,26446.08316863767,135,2,Female,20-39
97123,12.0,18.0,10.0,4.2,0.46,6.0,0,0,45,2,15198.392816014833,138,1,Female,40-59
97124,26.0,16.0,24.0,4.0,1.12,23.0,0,0,62,2,65265.508404474574,138,2,Female,60-79
97125,23.0,28.0,24.0,4.3,1.0,15.0,0,0,57,1,20216.66753842303,138,1,Male,40-59
97128,19.0,19.0,34.0,3.8,0.58,11.0,0,0,29,2,28695.392806127213,137,1,Female,20-39
97129,14.0,16.0,12.0,4.4,0.59,11.0,0,0,40,2,10414.615534037011,141,1,Female,40-59
97131,13.0,18.0,25.0,3.7,0.76,13.0,0,0,53,2,41984.576581394576,137,1,Female,40-59
97133,42.0,52.0,169.0,3.9,0.52,10.0,0,0,65,2,30927.89789044493,141,1,Female,60-79
97137,19.0,29.0,39.0,3.7,0.95,8.0,0,0,39,2,21473.884965314268,147,1,Female,20-39
97138,16.0,21.0,9.0,4.1,0.8,13.0,0,0,47,2,30759.27744669362,140,2,Female,40-59
97139,19.0,20.0,15.0,4.8,0.99,19.0,0,0,29,1,19227.95765271657,135,2,Male,20-39
97140,25.0,19.0,34.0,3.7,0.58,11.0,0,0,43,2,29733.680081545404,135,1,Female,40-59
97142,17.0,22.0,59.0,4.0,0.6,12.0,0,0,44,2,13626.209945852348,136,2,Female,40-59
97143,12.0,15.0,23.0,4.2,1.02,17.0,0,0,61,1,6924.1614035158445,140,1,Male,60-79
97145,22.0,21.0,13.0,3.9,0.76,19.0,0,0,46,2,111710.03795835364,140,1,Female,40-59
97147,10.0,15.0,10.0,4.1,0.45,9.0,0,0,37,2,45289.96884845138,144,2,Female,20-39
97149,12.0,25.0,27.0,4.1,0.67,14.0,0,0,66,2,18508.72157183782,134,1,Female,60-79
97150,30.0,32.0,81.0,3.8,1.15,14.0,0,0,58,1,14644.915602044777,147,1,Male,40-59
97152,14.0,17.0,6.0,3.9,0.63,14.0,0,0,45,2,108815.63593463841,143,2,Female,40-59
97153,36.0,23.0,46.0,4.2,1.11,14.0,0,0,30,1,51705.53091715985,143,2,Male,20-39
97155,12.0,18.0,19.0,3.7,0.96,8.0,0,0,52,1,22488.211661932226,147,2,Male,40-59
97156,31.0,22.0,32.0,4.1,0.73,8.0,0,0,45,2,19137.66366333898,138,2,Female,40-59
97157,21.0,19.0,13.0,4.6,0.91,16.0,0,0,23,1,41326.11128486359,144,2,Male,20-39
97161,92.0,134.0,145.0,3.5,0.82,19.0,0,0,60,1,32201.68854588661,143,1,Male,60-79
97163,33.0,23.0,47.0,4.5,0.86,14.0,0,0,55,1,15815.028733702382,137,2,Male,40-59
97164,10.0,14.0,14.0,3.6,0.63,13.0,0,0,62,1,29018.716418921595,143,2,Male,60-79
97165,,,,,,,,,66,2,14716.933740917762,148,2,Female,60-79
97166,10.0,12.0,15.0,4.2,0.73,11.0,0,0,40,2,54177.79550590918,148,1,Female,40-59
97168,16.0,19.0,10.0,4.3,1.02,27.0,0,0,54,1,24833.273348159248,142,1,Male,40-59
97169,13.0,14.0,31.0,3.9,0.7,14.0,0,0,67,2,18032.568566628146,139,1,Female,60-79
97171,14.0,15.0,11.0,4.1,0.64,15.0,0,0,74,2,17583.726748091594,148,1,Female,60-79
97174,16.0,21.0,22.0,3.9,0.7,19.0,0,0,26,2,38464.678796518856,138,2,Female,20-39
97176,21.0,20.0,58.0,3.9,0.51,16.0,0,0,58,2,27604.01524785491,141,2,Female,40-59
97177,71.0,43.0,70.0,4.5,0.92,22.0,0,0,41,1,87453.99423997046,147,2,Male,40-59
97178,15.0,14.0,49.0,3.9,0.65,11.0,0,0,55,2,36604.399624904974,136,2,Female,40-59
97180,15.0,16.0,4.0,3.9,0.91,23.0,0,0,80,2,49813.67771192897,137,2,Female,80+
97181,15.0,14.0,20.0,4.2,0.86,20.0,0,0,65,1,7514.209472176868,137,1,Male,60-79
97183,,,,,,,,,27,2,67972.32849680194,134,2,Female,20-39
97186,50.0,42.0,46.0,4.7,0.91,18.0,0,0,46,1,20742.06882933226,136,1,Male,40-59
97188,14.0,16.0,25.0,4.1,0.92,8.0,0,0,80,2,14986.61178651485,144,2,Female,80+
97189,18.0,22.0,12.0,3.7,0.85,15.0,0,0,71,1,12804.277455732163,147,2,Male,60-79
97191,14.0,17.0,18.0,4.0,0.66,6.0,0,0,44,2,22424.582236911552,147,1,Female,40-59
97192,22.0,30.0,25.0,4.4,1.3,15.0,0,0,67,2,13022.862704122439,139,2,Female,60-79
97193,42.0,31.0,82.0,4.0,0.85,11.0,0,0,28,1,47570.83324438916,144,2,Male,20-39
97194,22.0,19.0,37.0,4.3,0.86,19.0,0,0,69,1,8588.976499845048,148,1,Male,60-79
97197,,,,,,,,,61,2,20110.10185723837,143,1,Female,60-79
97198,17.0,22.0,14.0,4.4,1.01,27.0,0,0,73,2,25217.950734512586,139,2,Female,60-79
97200,17.0,21.0,18.0,4.6,1.41,12.0,0,0,56,1,14968.154366150073,145,1,Male,40-59
97201,20.0,29.0,28.0,3.9,0.96,12.0,0,0,60,1,16873.402708062527,144,2,Male,60-79
97204,11.0,20.0,20.0,3.6,1.02,18.0,0,0,80,2,32910.76816641008,135,1,Female,80+
97206,28.0,27.0,25.0,3.8,1.21,13.0,0,0,69,1,122549.6700507808,145,1,Male,60-79
97208,27.0,26.0,25.0,3.9,1.09,14.0,0,0,30,1,20482.849944180078,144,1,Male,20-39
97209,13.0,18.0,11.0,3.9,0.71,15.0,0,0,71,2,186909.1457753309,146,1,Female,60-79
97210,76.0,76.0,80.0,4.2,0.64,14.0,0,0,47,1,56888.45070944908,135,1,Male,40-59
97211,11.0,17.0,21.0,4.3,2.01,30.0,0,0,54,2,19163.330995588723,136,2,Female,40-59
97215,10.0,15.0,35.0,4.0,1.77,51.0,0,0,71,2,10082.355468642534,141,2,Female,60-79
97216,17.0,18.0,13.0,3.6,0.7,22.0,0,0,69,2,12048.856006402082,141,2,Female,60-79
97217,9.0,14.0,16.0,4.3,0.66,15.0,0,0,29,2,26477.63965553813,138,1,Female,20-39
97221,21.0,26.0,21.0,4.1,0.93,18.0,0,0,78,1,14906.889241104238,147,1,Male,60-79
97222,20.0,14.0,27.0,3.6,0.65,13.0,0,0,53,2,20521.605938182354,147,1,Female,40-59
97223,15.0,20.0,29.0,4.3,1.25,19.0,0,0,26,1,45454.061147839006,141,1,Male,20-39
97224,17.0,29.0,33.0,4.7,1.11,19.0,0,0,72,2,59654.726056925574,139,2,Female,60-79
97225,18.0,23.0,86.0,4.0,0.7,18.0,0,0,80,2,37354.513177168184,135,2,Female,80+
97228,8.0,14.0,12.0,3.8,0.78,8.0,0,0,49,1,22439.49664705384,146,2,Male,40-59
97229,12.0,22.0,26.0,4.4,1.24,21.0,0,0,80,2,24032.8503921122,135,1,Female,80+
97231,29.0,46.0,50.0,4.3,0.52,10.0,0,0,27,2,22620.919382276494,136,1,Female,20-39
97233,24.0,22.0,20.0,4.3,0.65,11.0,0,0,69,1,8878.059295218914,136,1,Male,60-79
97234,17.0,19.0,16.0,4.1,0.67,10.0,0,0,32,2,43868.0015887275,139,1,Female,20-39
97235,15.0,12.0,41.0,3.5,0.79,8.0,0,0,35,2,71462.26903724326,143,2,Female,20-39
97236,15.0,18.0,14.0,4.4,1.13,18.0,0,0,45,1,25820.537060102663,139,1,Male,40-59
97237,13.0,17.0,14.0,4.1,0.87,17.0,0,0,80,2,19253.46967880812,140,1,Female,80+
97242,14.0,16.0,16.0,4.4,1.08,17.0,0,0,75,1,10563.91922488265,139,2,Male,60-79
97245,14.0,9.0,22.0,4.2,0.89,15.0,0,0,39,1,33177.62175731194,139,2,Male,20-39
97247,25.0,16.0,30.0,4.3,1.03,21.0,0,0,45,1,37236.944048905614,146,1,Male,40-59
97248,35.0,21.0,62.0,4.0,1.16,22.0,0,0,68,2,5287.969499471055,141,2,Female,60-79
97249,8.0,10.0,16.0,3.3,0.63,9.0,0,0,20,2,41675.37810964634,139,1,Female,20-39
97250,21.0,18.0,17.0,4.5,0.94,17.0,0,0,32,1,18584.747760387196,147,2,Male,20-39
97251,28.0,26.0,39.0,4.1,1.18,14.0,0,0,41,1,12206.215711788003,148,2,Male,40-59
97252,11.0,16.0,39.0,3.4,0.68,20.0,0,0,69,2,77436.11828430691,134,2,Female,60-79
97253,25.0,28.0,20.0,3.8,1.06,15.0,0,0,57,2,25194.447074430136,147,2,Female,40-59
97255,56.0,54.0,25.0,4.1,0.31,13.0,0,0,29,1,20633.947722587003,147,2,Male,20-39
97256,19.0,21.0,73.0,3.6,0.81,10.0,0,0,57,1,25910.610599994896,143,2,Male,40-59
97257,16.0,21.0,10.0,4.2,0.88,12.0,0,0,26,2,48256.97061490947,135,2,Female,20-39
97259,29.0,40.0,59.0,4.4,0.66,9.0,0,0,57,1,26035.651401107494,144,2,Male,40-59
97260,17.0,15.0,26.0,4.0,0.69,15.0,0,0,45,2,15789.039667580702,148,1,Female,40-59
97263,13.0,21.0,6.0,4.1,0.68,13.0,0,0,41,2,16590.894116812542,148,1,Female,40-59
97264,54.0,87.0,140.0,3.3,0.6,18.0,0,0,67,2,13323.328280865931,135,1,Female,60-79
97266,17.0,21.0,19.0,4.3,0.89,4.0,0,0,43,1,42133.7555135099,140,2,Male,40-59
97268,6.0,13.0,23.0,4.4,0.87,15.0,0,0,80,1,34009.330185314895,145,1,Male,80+
97270,12.0,15.0,18.0,4.1,0.78,10.0,0,0,36,2,33096.67758174371,143,2,Female,20-39
97272,42.0,38.0,69.0,3.5,1.81,28.0,0,0,80,2,18055.2854203829,148,2,Female,80+
97274,16.0,21.0,25.0,4.0,0.84,9.0,0,0,80,1,17350.243682290537,136,1,Male,80+
97275,10.0,15.0,9.0,3.7,0.52,10.0,0,0,39,2,53385.962948129905,143,2,Female,20-39
97277,26.0,21.0,43.0,3.7,0.79,12.0,0,0,47,1,20248.900786384835,137,2,Male,40-59
97278,11.0,15.0,12.0,3.4,0.78,9.0,0,0,27,2,34250.507044201026,142,2,Female,20-39
97280,45.0,37.0,83.0,3.9,0.8,15.0,0,0,48,1,16358.516968333599,148,2,Male,40-59
97282,,,,,,,,,65,2,11265.869295561353,144,2,Female,60-79
97284,13.0,19.0,25.0,4.5,0.78,10.0,0,0,52,2,196978.68437195395,135,1,Female,40-59
97289,15.0,18.0,15.0,4.3,0.91,13.0,0,0,48,2,131802.2952969847,140,1,Female,40-59
97293,21.0,22.0,45.0,3.5,0.61,16.0,0,0,27,2,49882.9706496902,147,2,Female,20-39
97297,31.0,31.0,14.0,4.3,0.51,12.0,0,0,62,2,7549.242208815665,144,2,Female,60-79
97299,27.0,20.0,27.0,4.2,0.82,15.0,0,0,59,1,204386.21880628922,140,2,Male,40-59
97301,52.0,37.0,48.0,4.3,1.34,13.0,0,0,64,1,15245.143948707084,136,1,Male,60-79
97304,7.0,12.0,8.0,3.5,0.71,15.0,0,0,26,2,64795.88678220435,143,2,Female,20-39
97305,21.0,24.0,17.0,4.5,0.94,16.0,0,0,64,1,111795.52678773142,135,1,Male,60-79
97306,19.0,19.0,24.0,4.1,0.75,12.0,0,0,20,2,33003.93459433611,148,1,Female,20-39
97307,27.0,27.0,159.0,3.7,0.81,9.0,0,0,63,1,16512.743372193097,143,1,Male,60-79
97308,13.0,15.0,12.0,3.7,0.69,13.0,0,0,51,2,67521.33654762783,147,2,Female,40-59
97314,,,,,,,,,29,2,14797.076575264684,135,2,Female,20-39
97316,40.0,28.0,55.0,4.5,0.81,15.0,0,0,27,1,33918.30379267371,138,1,Male,20-39
97319,31.0,20.0,114.0,4.1,0.99,12.0,0,0,32,1,39662.7076949086,142,1,Male,20-39
97320,15.0,18.0,17.0,3.9,0.77,11.0,0,0,65,1,10835.092611520471,139,1,Male,60-79
97321,21.0,23.0,21.0,4.1,0.84,9.0,0,0,37,1,24608.74480068538,138,2,Male,20-39
97322,107.0,92.0,116.0,3.3,0.87,13.0,0,0,32,2,26162.47770864591,141,1,Female,20-39
97323,16.0,21.0,17.0,4.1,0.54,14.0,0,0,67,2,17030.50188240545,141,2,Female,60-79
97325,41.0,29.0,14.0,4.4,0.67,13.0,0,0,27,2,73457.00299058562,134,1,Female,20-39
97326,14.0,14.0,18.0,3.5,0.71,19.0,0,0,64,1,5189.435044094636,135,2,Male,60-79
97327,13.0,16.0,29.0,4.0,1.62,28.0,0,0,76,1,10448.778371555785,148,1,Male,60-79
97330,19.0,14.0,27.0,3.9,0.95,16.0,0,0,72,1,88937.16788540625,141,1,Male,60-79
97332,7.0,13.0,9.0,3.9,1.22,29.0,0,0,80,2,29354.221556643202,140,1,Female,80+
97333,8.0,13.0,14.0,3.8,0.49,12.0,0,0,48,2,20329.07026762262,134,2,Female,40-59
97334,31.0,32.0,295.0,3.6,1.35,15.0,0,0,72,2,117212.51551397855,135,2,Female,60-79
97336,19.0,21.0,11.0,4.1,0.81,12.0,0,0,58,2,18370.448710653574,136,2,Female,40-59
97337,21.0,22.0,49.0,4.0,1.89,23.0,0,0,71,1,7953.495696402556,144,1,Male,60-79
97338,23.0,22.0,35.0,3.7,0.65,10.0,0,0,37,2,56736.019274426384,140,2,Female,20-39
97339,14.0,19.0,19.0,4.4,1.02,14.0,0,0,80,1,11846.982549954251,138,1,Male,80+
97343,11.0,16.0,12.0,4.0,0.74,8.0,0,0,57,2,394721.00980178197,136,1,Female,40-59
97348,17.0,27.0,9.0,3.9,0.98,15.0,0,0,68,2,21622.44806807908,134,2,Female,60-79
97349,13.0,12.0,20.0,3.5,0.49,9.0,0,0,31,2,15165.794854807426,144,2,Female,20-39
97352,25.0,26.0,24.0,4.1,1.02,19.0,0,0,45,1,83947.51739185934,142,2,Male,40-59
97353,16.0,23.0,12.0,3.9,1.98,26.0,0,0,80,1,20211.049477672706,143,1,Male,80+
97354,21.0,13.0,18.0,4.4,0.62,9.0,0,0,31,2,55412.39540755521,138,1,Female,20-39
97356,17.0,18.0,13.0,4.0,0.45,8.0,0,0,29,2,94087.0934374869,143,2,Female,20-39
97357,16.0,16.0,22.0,4.0,1.24,24.0,0,0,62,1,10255.96446907404,147,1,Male,60-79
97360,21.0,19.0,17.0,4.2,0.92,11.0,0,0,63,1,10328.341587647024,134,2,Male,60-79
97361,15.0,17.0,21.0,4.2,1.0,13.0,0,0,54,1,13971.77057101767,135,2,Male,40-59
97362,10.0,15.0,11.0,4.4,1.1,18.0,0,0,22,1,74273.62741542727,141,2,Male,20-39
97364,13.0,16.0,10.0,4.1,0.88,13.0,0,0,33,2,24386.309150121044,144,1,Female,20-39
97365,8.0,15.0,16.0,4.4,0.71,9.0,0,0,49,2,54504.64495746735,143,1,Female,40-59
97367,10.0,15.0,15.0,4.2,0.8,17.0,0,0,61,2,98715.09756086701,139,2,Female,60-79
97370,28.0,21.0,31.0,4.1,0.73,22.0,0,0,62,2,13632.347891480858,140,1,Female,60-79
97371,23.0,20.0,21.0,4.3,0.61,13.0,0,0,57,2,137719.50116249197,148,2,Female,40-59
97373,10.0,14.0,23.0,4.2,0.85,9.0,0,0,41,2,37879.88716260801,142,1,Female,40-59
97374,13.0,13.0,25.0,3.8,1.07,19.0,0,0,65,1,64559.63702399859,142,2,Male,60-79
97375,37.0,30.0,21.0,4.1,1.21,21.0,0,0,71,1,21401.79512031525,145,2,Male,60-79
97379,39.0,29.0,29.0,4.1,0.92,14.0,0,0,38,1,49890.94305977221,136,2,Male,20-39
97380,49.0,18.0,30.0,4.4,0.74,18.0,0,0,22,1,30385.272355888774,136,1,Male,20-39
97381,17.0,23.0,13.0,3.9,1.4,22.0,0,0,69,1,11076.21581030102,141,1,Male,60-79
97382,29.0,22.0,28.0,4.6,1.1,20.0,0,0,36,1,31010.208129463423,145,2,Male,20-39
97383,19.0,14.0,19.0,4.0,1.15,15.0,0,0,54,1,142823.50910508496,141,1,Male,40-59
97384,21.0,19.0,19.0,4.0,0.87,11.0,0,0,31,1,114702.45341775252,135,2,Male,20-39
97386,15.0,12.0,24.0,3.6,1.27,13.0,0,0,60,1,14073.419204964732,142,2,Male,60-79
97388,9.0,11.0,10.0,3.6,1.6,24.0,0,0,66,2,16732.704563797743,147,2,Female,60-79
97389,11.0,24.0,33.0,3.1,0.83,13.0,0,0,80,1,11723.481402855205,144,1,Male,80+
97390,21.0,22.0,16.0,3.8,0.96,17.0,0,0,76,1,145905.67683995515,147,2,Male,60-79
97391,27.0,29.0,38.0,4.6,0.89,14.0,0,0,67,1,5826.345249285113,135,2,Male,60-79
97396,34.0,23.0,68.0,4.4,0.97,21.0,0,0,47,1,19484.25538894434,138,1,Male,40-59
97397,22.0,21.0,19.0,4.5,0.98,15.0,0,0,80,2,33631.40582050183,136,2,Female,80+
97398,24.0,22.0,32.0,4.3,1.15,16.0,0,0,69,1,14460.973315782147,148,1,Male,60-79
97402,26.0,22.0,5.0,4.6,0.67,14.0,0,0,23,2,24758.41679642752,138,2,Female,20-39
97403,13.0,21.0,17.0,4.1,1.14,23.0,0,0,80,1,23192.085212421858,138,2,Male,80+
97407,35.0,35.0,369.0,4.2,0.84,12.0,0,0,55,1,23780.503796157427,136,1,Male,40-59
97408,28.0,27.0,29.0,4.0,1.58,14.0,0,0,67,1,24065.754727325584,142,1,Male,60-79
97409,22.0,35.0,18.0,4.5,1.01,15.0,0,0,32,1,18297.174669098258,139,1,Male,20-39
97410,14.0,16.0,6.0,4.2,0.5,9.0,0,0,46,2,21622.133899875276,140,2,Female,40-59
97412,19.0,21.0,18.0,4.1,1.1,14.0,0,0,73,1,88951.57989150505,141,1,Male,60-79
97415,21.0,19.0,62.0,4.2,1.11,22.0,0,0,54,1,16733.443542935598,138,2,Male,40-59
97417,18.0,13.0,64.0,4.4,0.57,8.0,0,0,77,2,28489.905545827285,136,1,Female,60-79
97418,13.0,14.0,18.0,4.2,0.67,12.0,0,0,47,2,221220.8279413378,146,1,Female,40-59
97419,17.0,21.0,15.0,4.3,0.57,13.0,0,0,55,2,13828.803546526144,148,1,Female,40-59
97420,16.0,19.0,27.0,4.1,1.24,20.0,0,0,51,1,87006.62733674572,134,2,Male,40-59
97422,12.0,22.0,12.0,3.8,1.27,20.0,0,0,80,1,68431.69656516002,146,2,Male,80+
97423,16.0,18.0,27.0,3.8,0.63,9.0,0,0,32,2,48184.98620767232,134,2,Female,20-39
97424,16.0,13.0,19.0,3.7,1.24,19.0,0,0,38,2,33027.81089074417,140,1,Female,20-39
97428,21.0,18.0,24.0,4.7,0.74,20.0,0,0,77,1,10339.03718226555,139,2,Male,60-79
97429,26.0,22.0,34.0,4.0,0.95,29.0,0,0,51,1,34429.01293872369,140,1,Male,40-59
97430,38.0,21.0,25.0,4.9,0.93,15.0,0,0,32,1,45489.198615088564,142,1,Male,20-39
97436,12.0,16.0,21.0,4.0,0.88,12.0,0,0,45,1,10106.970283958903,146,2,Male,40-59
97437,22.0,24.0,21.0,4.4,0.94,16.0,0,0,48,1,20541.667248303496,140,2,Male,40-59
97441,30.0,22.0,52.0,3.9,0.82,14.0,0,0,61,1,10761.122015671333,145,2,Male,60-79
97443,20.0,18.0,25.0,4.2,0.86,14.0,0,0,56,2,45135.07481592184,137,2,Female,40-59
97444,23.0,21.0,55.0,4.2,0.91,20.0,0,0,58,1,18306.364623488233,148,2,Male,40-59
97445,23.0,19.0,49.0,4.1,1.34,12.0,0,0,51,1,42867.864942998785,146,2,Male,40-59
97446,17.0,18.0,18.0,4.3,1.23,23.0,0,0,52,1,11037.173405686442,148,2,Male,40-59
97449,13.0,14.0,19.0,4.2,0.66,11.0,0,0,37,2,55076.8733757843,142,2,Female,20-39
97450,18.0,17.0,13.0,3.8,0.63,10.0,0,0,27,2,36159.10033718687,147,1,Female,20-39
97451,12.0,15.0,27.0,3.7,0.6,10.0,0,0,34,2,62798.69829903027,138,2,Female,20-39
97452,15.0,16.0,9.0,3.6,0.6,15.0,0,0,47,2,16000.901428086694,141,1,Female,40-59
97455,10.0,14.0,15.0,4.0,0.81,19.0,0,0,80,2,51936.03497984706,137,2,Female,80+
97456,20.0,21.0,14.0,3.8,1.22,22.0,0,0,38,2,28658.306630453095,147,1,Female,20-39
97458,11.0,12.0,13.0,4.0,0.71,10.0,0,0,35,2,70450.00650205095,145,1,Female,20-39
97460,8.0,14.0,18.0,4.1,0.97,18.0,0,0,61,2,16077.472272723211,145,1,Female,60-79
97462,41.0,29.0,47.0,4.5,0.85,16.0,0,0,50,1,55242.69025679087,140,2,Male,40-59
97463,11.0,17.0,11.0,4.4,0.49,9.0,0,0,34,2,17949.058640379128,134,2,Female,20-39
97464,19.0,14.0,25.0,3.9,0.8,15.0,0,0,55,1,25233.26108600871,146,2,Male,40-59
97465,18.0,17.0,26.0,4.0,0.92,16.0,0,0,38,1,33800.19061172326,144,2,Male,20-39
97468,42.0,37.0,28.0,4.1,0.89,16.0,0,0,46,1,114915.30943754803,146,2,Male,40-59
97469,11.0,17.0,17.0,4.5,0.93,8.0,0,0,28,2,31144.800476993594,144,1,Female,20-39
97471,9.0,13.0,10.0,3.5,0.87,17.0,0,0,80,2,83792.94370671938,142,2,Female,80+
97472,21.0,22.0,13.0,4.3,0.93,12.0,0,0,57,1,13585.619039443725,144,1,Male,40-59
97473,14.0,16.0,19.0,4.4,0.76,11.0,0,0,53,1,15569.064367411034,136,1,Male,40-59
97474,72.0,33.0,37.0,4.2,0.81,13.0,0,0,20,1,145245.3369049577,142,2,Male,20-39
97478,20.0,21.0,42.0,4.1,0.71,10.0,0,0,47,2,32233.73173689365,148,2,Female,40-59
97481,8.0,11.0,10.0,3.4,1.01,11.0,0,0,80,1,28306.104124022142,137,2,Male,80+
97482,19.0,18.0,16.0,3.3,0.95,15.0,0,0,70,2,24562.201283845112,140,1,Female,60-79
97484,15.0,15.0,24.0,4.2,1.05,11.0,0,0,56,1,18149.868941259036,144,1,Male,40-59
97485,19.0,17.0,15.0,4.5,0.64,14.0,0,0,33,2,151788.47240760634,144,1,Female,20-39
97486,15.0,15.0,19.0,4.0,0.73,14.0,0,0,69,2,10500.488129541158,134,2,Female,60-79
97487,24.0,17.0,84.0,3.7,0.64,14.0,0,0,53,2,20693.876698325334,136,1,Female,40-59
97488,13.0,19.0,19.0,4.2,0.82,26.0,0,0,80,2,63390.020956360495,141,2,Female,80+
97492,13.0,22.0,13.0,4.3,1.12,13.0,0,0,45,1,25856.16948894809,141,1,Male,40-59
97495,11.0,13.0,19.0,3.8,0.72,9.0,0,0,43,2,19194.64650205699,144,1,Female,40-59
97497,18.0,19.0,50.0,3.9,1.4,9.0,0,0,24,1,34322.67380853577,140,2,Male,20-39
97500,15.0,16.0,48.0,3.7,1.49,26.0,0,0,74,2,14105.34794324044,136,1,Female,60-79
97501,31.0,17.0,19.0,4.2,0.72,12.0,0,0,54,2,44644.851168800094,134,2,Female,40-59
97505,36.0,40.0,54.0,4.3,1.18,26.0,0,0,73,1,11994.287502433335,140,1,Male,60-79
97506,11.0,11.0,15.0,4.2,0.86,19.0,0,0,69,1,12132.33441077568,139,1,Male,60-79
97507,8.0,13.0,7.0,4.0,0.59,7.0,0,0,20,2,26817.68986627753,144,2,Female,20-39
97509,18.0,18.0,15.0,4.3,0.67,11.0,0,0,47,2,17955.59276937467,142,1,Female,40-59
97510,13.0,19.0,16.0,4.2,0.79,16.0,0,0,61,2,8695.395224666107,147,1,Female,60-79
97512,37.0,27.0,8.0,3.7,0.85,12.0,0,0,80,1,60482.0408601191,139,1,Male,80+
97513,17.0,20.0,27.0,3.6,1.0,10.0,0,0,54,1,31821.471189461423,147,2,Male,40-59
97516,12.0,12.0,13.0,3.5,0.87,17.0,0,0,62,2,16629.969398490914,147,2,Female,60-79
97518,13.0,20.0,10.0,4.5,1.09,17.0,0,0,80,1,14868.699428775088,140,1,Male,80+
97520,11.0,16.0,18.0,4.2,0.97,18.0,0,0,57,2,25463.217743250272,147,1,Female,40-59
97521,32.0,24.0,26.0,3.8,0.99,16.0,0,0,53,1,53383.68476863696,136,2,Male,40-59
97522,11.0,15.0,12.0,4.7,0.82,10.0,0,0,20,2,36243.68792231687,141,2,Female,20-39
97523,26.0,31.0,38.0,4.1,1.15,36.0,0,0,80,1,8508.614255863695,145,1,Male,80+
97524,13.0,16.0,9.0,4.1,0.72,11.0,0,0,44,2,72883.26900905465,146,1,Female,40-59
97526,,,,,,,,,33,2,47635.6532100871,138,1,Female,20-39
97527,17.0,15.0,28.0,3.8,0.93,12.0,0,0,63,1,8666.899960069757,139,1,Male,60-79
97531,,,,,,,,,23,2,74519.759366986,139,1,Female,20-39
97532,13.0,22.0,29.0,4.6,1.17,15.0,0,0,28,1,37651.19161334888,138,1,Male,20-39
97533,23.0,19.0,17.0,4.4,1.01,14.0,0,0,30,1,17451.354683155194,134,2,Male,20-39
97535,15.0,17.0,26.0,4.1,0.61,16.0,0,0,63,2,27089.285135234586,136,1,Female,60-79
97536,12.0,19.0,15.0,3.6,0.76,11.0,0,0,80,1,11556.333944492264,140,1,Male,80+
97537,9.0,14.0,6.0,2.9,0.47,9.0,0,0,39,2,47144.5966559597,139,1,Female,20-39
97538,47.0,32.0,25.0,4.5,0.7,15.0,0,0,54,2,21999.854608554408,146,1,Female,40-59
97539,46.0,23.0,31.0,4.2,1.15,19.0,0,0,41,1,69809.66930550916,146,1,Male,40-59
97541,22.0,15.0,64.0,3.7,0.77,9.0,0,0,38,1,42070.357296006725,145,2,Male,20-39
97548,20.0,23.0,17.0,4.2,0.88,18.0,0,0,50,2,10175.65256371489,140,1,Female,40-59
97550,25.0,39.0,10.0,4.4,0.86,11.0,0,0,47,2,312634.3199699501,138,1,Female,40-59
97554,50.0,41.0,650.0,3.9,0.55,18.0,0,0,49,1,26389.580120469727,140,1,Male,40-59
97555,9.0,14.0,10.0,4.0,0.69,16.0,0,0,48,2,64634.3111867281,135,2,Female,40-59
97557,14.0,14.0,17.0,4.2,1.05,36.0,0,0,64,2,8325.814411791222,148,2,Female,60-79
97558,23.0,26.0,12.0,3.9,0.65,5.0,0,0,56,2,39096.460012654745,142,1,Female,40-59
97560,28.0,21.0,16.0,4.3,1.07,20.0,0,0,55,1,54358.85877789829,135,2,Male,40-59
97561,25.0,43.0,18.0,4.5,0.84,17.0,0,0,46,1,23129.232644424075,143,1,Male,40-59
97563,16.0,16.0,14.0,3.7,0.65,14.0,0,0,61,2,6213.4687904269695,138,2,Female,60-79
97568,35.0,27.0,54.0,4.3,0.94,17.0,0,0,41,1,54942.739266532815,145,2,Male,40-59
97569,18.0,17.0,16.0,4.1,1.24,13.0,0,0,42,1,19637.48232251129,140,2,Male,40-59
97570,17.0,17.0,63.0,4.4,0.57,11.0,0,0,50,2,14605.672296820298,138,2,Female,40-59
97571,58.0,98.0,460.0,4.0,0.99,8.0,0,0,54,1,25205.802938934914,139,1,Male,40-59
97572,42.0,18.0,13.0,4.0,0.89,19.0,0,0,50,1,89966.57554467098,135,1,Male,40-59
97573,18.0,21.0,23.0,4.1,0.56,13.0,0,0,62,2,8399.344094834523,142,1,Female,60-79
97574,31.0,25.0,25.0,4.1,0.6,13.0,0,0,44,2,19315.799308033733,145,2,Female,40-59
97575,12.0,19.0,12.0,3.8,0.86,14.0,0,0,24,2,10900.376879456258,139,2,Female,20-39
97576,56.0,35.0,114.0,3.9,1.09,14.0,0,0,32,1,114420.51448192324,142,2,Male,20-39
97577,11.0,20.0,33.0,4.1,1.77,25.0,0,0,56,2,26294.394085409163,142,1,Female,40-59
97578,19.0,20.0,30.0,3.8,0.82,21.0,0,0,41,1,30934.57248709164,148,1,Male,40-59
97580,44.0,26.0,29.0,4.5,0.83,16.0,0,0,26,1,42141.9158260702,144,1,Male,20-39
97582,14.0,18.0,15.0,4.1,0.86,14.0,0,0,63,1,7334.039669256147,144,2,Male,60-79
97585,21.0,21.0,26.0,4.8,0.84,12.0,0,0,21,1,306729.7102559915,134,2,Male,20-39
97588,26.0,16.0,39.0,3.4,0.95,19.0,0,0,56,1,8966.918140602365,148,1,Male,40-59
97591,18.0,16.0,18.0,4.2,1.02,15.0,0,0,29,1,149277.8841141506,142,2,Male,20-39
97592,16.0,15.0,32.0,4.5,0.82,12.0,0,0,63,1,9284.990655134281,135,2,Male,60-79
97593,19.0,20.0,18.0,3.9,0.92,15.0,0,0,60,2,12568.9266372248,142,2,Female,60-79
97594,43.0,37.0,37.0,4.0,0.7,12.0,0,0,56,2,17018.739001534206,134,2,Female,40-59
97595,49.0,42.0,42.0,4.5,0.93,13.0,0,0,36,1,25693.34305919966,139,1,Male,20-39
97597,8.0,19.0,38.0,3.7,1.03,12.0,0,0,77,2,10037.10129184816,147,1,Female,60-79
97598,16.0,18.0,13.0,4.1,0.7,15.0,0,0,40,2,23603.161586543185,140,2,Female,40-59
97600,68.0,40.0,39.0,4.7,0.59,12.0,0,0,23,2,19877.810695530152,138,1,Female,20-39
97601,,,,,,,,,22,2,20333.279453285122,148,1,Female,20-39
97602,9.0,10.0,4.0,3.6,0.86,6.0,0,0,40,2,18831.046636860025,147,1,Female,40-59
97605,18.0,20.0,15.0,4.1,0.73,12.0,0,0,67,2,24069.991275341676,146,1,Female,60-79
97606,6.0,14.0,17.0,3.6,1.4,24.0,0,0,80,2,7710.914269313588,147,1,Female,80+
97608,26.0,23.0,28.0,4.1,1.08,27.0,0,0,79,1,17245.33160083535,134,2,Male,60-79
97609,12.0,15.0,14.0,4.0,0.93,23.0,0,0,66,1,10378.834123438686,137,1,Male,60-79
97610,19.0,18.0,12.0,4.6,1.25,22.0,0,0,28,1,46714.42326791902,144,1,Male,20-39
97611,30.0,32.0,28.0,4.1,0.96,19.0,0,0,68,1,8607.920303756411,145,2,Male,60-79
97617,13.0,15.0,22.0,4.4,0.8,13.0,0,0,30,1,22164.606172410924,147,1,Male,20-39
97618,35.0,27.0,84.0,4.2,0.92,10.0,0,0,64,1,32591.090033384073,148,1,Male,60-79
97619,16.0,15.0,33.0,4.4,0.85,11.0,0,0,65,1,76614.60635562705,142,1,Male,60-79
97620,14.0,17.0,23.0,3.8,0.7,9.0,0,0,41,2,25615.069941081147,137,2,Female,40-59
97623,27.0,23.0,24.0,4.2,0.67,12.0,0,0,71,2,11360.817879637078,148,2,Female,60-79
97624,12.0,13.0,17.0,4.4,0.78,15.0,0,0,32,2,28516.409280622327,136,1,Female,20-39
97626,10.0,18.0,6.0,3.9,0.81,21.0,0,0,73,2,23067.9828752118,142,1,Female,60-79
97627,60.0,54.0,34.0,3.9,0.69,12.0,0,0,34,2,139325.88356395465,134,1,Female,20-39
97629,,,,,,,,,33,2,84402.61469210105,140,1,Female,20-39
97630,13.0,16.0,15.0,4.0,1.2,25.0,0,0,78,2,42232.51860143397,139,2,Female,60-79
97635,12.0,16.0,15.0,3.9,0.71,14.0,0,0,56,2,57401.42209093739,134,2,Female,40-59
97638,9.0,14.0,22.0,4.0,1.39,14.0,0,0,51,1,43245.38804837841,144,2,Male,40-59
97639,15.0,16.0,17.0,3.4,1.14,15.0,0,0,60,1,8825.290033284084,143,2,Male,60-79
97640,20.0,23.0,24.0,4.2,0.69,14.0,0,0,41,1,62114.80274886314,146,1,Male,40-59
97641,17.0,26.0,14.0,4.3,0.93,11.0,0,0,49,2,182239.80559538465,145,1,Female,40-59
97642,15.0,13.0,16.0,3.9,1.14,20.0,0,0,74,1,9214.283129748696,140,1,Male,60-79
97643,15.0,18.0,14.0,3.5,0.84,13.0,0,0,40,2,52771.68316591576,145,1,Female,40-59
97644,16.0,20.0,14.0,5.0,1.04,17.0,0,0,24,1,51747.65648054023,146,2,Male,20-39
97648,15.0,15.0,19.0,4.1,0.91,11.0,0,0,32,2,143260.60033680132,141,1,Female,20-39
97650,11.0,19.0,13.0,3.8,1.34,23.0,0,0,69,2,17463.777810540283,147,2,Female,60-79
97656,28.0,23.0,25.0,4.3,0.76,16.0,0,0,60,1,7947.266266683975,141,2,Male,60-79
97657,31.0,60.0,11.0,4.1,0.66,19.0,0,0,60,2,33002.15281381414,136,2,Female,60-79
97659,17.0,23.0,31.0,3.8,0.98,17.0,0,0,46,1,76373.97666786065,145,2,Male,40-59
97661,,,,,,,,,38,2,33362.74537272911,136,1,Female,20-39
97662,18.0,19.0,18.0,3.4,0.86,12.0,0,0,73,1,21744.944663687413,143,2,Male,60-79
97666,31.0,27.0,65.0,3.5,1.33,22.0,0,0,69,1,9627.455683523522,139,1,Male,60-79
97667,13.0,14.0,13.0,4.1,1.0,11.0,0,0,62,2,11028.935113552725,145,1,Female,60-79
97668,10.0,16.0,21.0,3.6,1.5,25.0,0,0,77,1,11695.865178878845,137,2,Male,60-79
97670,23.0,19.0,19.0,4.2,0.56,11.0,0,0,27,2,35826.33228250425,134,1,Female,20-39
97671,9.0,13.0,12.0,3.4,0.71,10.0,0,0,20,2,60016.15343896096,134,2,Female,20-39
97672,13.0,17.0,19.0,3.7,0.7,6.0,0,0,45,2,21622.133899875276,140,2,Female,40-59
97675,7.0,17.0,20.0,4.1,0.79,9.0,0,0,41,2,49395.915892209174,143,1,Female,40-59
97676,28.0,27.0,45.0,4.4,0.85,17.0,0,0,63,1,12271.359639861503,138,1,Male,60-79
97683,12.0,19.0,18.0,3.8,1.13,14.0,0,0,49,2,23178.39619381846,141,2,Female,40-59
97684,17.0,14.0,14.0,4.2,0.55,14.0,0,0,47,2,15079.144499487555,135,2,Female,40-59
97685,159.0,77.0,136.0,3.9,0.85,10.0,0,0,23,1,57093.5580778547,145,2,Male,20-39
97688,17.0,13.0,126.0,3.8,0.69,19.0,0,0,56,2,12622.66753159364,144,1,Female,40-59
97689,16.0,22.0,15.0,4.0,0.87,11.0,0,0,60,1,30907.469637388633,142,1,Male,60-79
97691,10.0,17.0,33.0,3.6,0.71,15.0,0,0,29,2,25225.45265866576,145,1,Female,20-39
97692,29.0,26.0,39.0,4.1,0.93,18.0,0,0,31,1,54873.42362285321,141,2,Male,20-39
97693,11.0,21.0,26.0,4.2,1.61,24.0,0,0,80,1,12847.52107123063,146,2,Male,80+
97695,12.0,17.0,14.0,4.0,1.43,39.0,0,0,52,2,15956.425111603363,136,1,Female,40-59
97697,,,,,,,,,67,1,7210.369394647812,145,2,Male,60-79
97698,14.0,16.0,31.0,3.6,0.62,10.0,0,0,47,2,25182.399715524232,138,2,Female,40-59
97699,15.0,14.0,14.0,4.3,0.65,12.0,0,0,55,2,44188.35569176515,135,2,Female,40-59
97701,31.0,19.0,106.0,3.9,1.19,13.0,0,0,42,1,308134.4053215055,137,2,Male,40-59
97702,13.0,18.0,12.0,3.7,0.76,12.0,0,0,21,2,27163.118454730444,147,2,Female,20-39
97703,26.0,25.0,21.0,3.9,0.82,14.0,0,0,35,1,53585.31895167525,134,1,Male,20-39
97704,13.0,18.0,17.0,3.7,0.66,10.0,0,0,54,2,26221.4551486132,145,1,Female,40-59
97705,14.0,19.0,14.0,4.1,0.85,10.0,0,0,33,2,30584.29409407341,138,1,Female,20-39
97706,30.0,14.0,23.0,4.2,0.83,26.0,0,0,50,1,36270.40705239638,138,2,Male,40-59
97708,24.0,28.0,20.0,4.0,0.83,13.0,0,0,76,1,9244.176686225499,135,2,Male,60-79
97709,18.0,15.0,11.0,3.8,0.63,15.0,0,0,22,2,165607.37584200606,142,2,Female,20-39
97711,10.0,16.0,32.0,3.7,2.33,34.0,0,0,80,2,54757.29845381024,139,1,Female,80+
97712,7.0,10.0,17.0,3.9,1.86,39.0,0,0,69,2,12110.931311304548,145,2,Female,60-79
97713,18.0,21.0,23.0,3.8,1.02,12.0,0,0,80,2,23428.14337630321,142,2,Female,80+
97714,40.0,22.0,46.0,4.3,0.74,12.0,0,0,47,1,20099.201469848515,141,2,Male,40-59
97716,13.0,21.0,58.0,4.5,0.59,12.0,0,0,29,2,116445.2037124487,143,1,Female,20-39
97719,8.0,18.0,14.0,4.4,0.9,10.0,0,0,80,1,36930.3541593652,146,2,Male,80+
97722,13.0,19.0,26.0,4.1,0.75,9.0,0,0,24,2,44378.37256425248,141,1,Female,20-39
97724,9.0,15.0,18.0,3.6,0.9,13.0,0,0,80,1,7360.410318795478,139,2,Male,80+
97726,12.0,13.0,12.0,4.4,0.65,11.0,0,0,39,2,36035.706311657246,135,1,Female,20-39
97727,11.0,21.0,19.0,4.1,1.3,19.0,0,0,53,1,24643.825315920407,136,1,Male,40-59
97728,,,,,,,,,79,1,8607.166167861755,141,2,Male,60-79
97735,20.0,20.0,16.0,4.2,1.23,22.0,0,0,30,1,67398.47330736303,143,2,Male,20-39
97737,20.0,25.0,16.0,4.6,0.91,12.0,0,0,57,1,141308.6337757692,140,2,Male,40-59
97739,14.0,18.0,32.0,3.9,0.92,11.0,0,0,36,2,22544.39843751204,147,2,Female,20-39
97740,18.0,16.0,65.0,4.3,0.62,12.0,0,0,52,2,10161.616733581144,135,2,Female,40-59
97741,31.0,34.0,9.0,4.0,0.67,8.0,0,0,36,2,67499.8960188999,143,1,Female,20-39
97744,19.0,19.0,10.0,4.5,0.98,24.0,0,0,55,1,17955.740823110806,138,2,Male,40-59
97745,23.0,28.0,25.0,4.4,1.0,23.0,0,0,66,1,139754.70172924965,136,2,Male,60-79
97746,52.0,57.0,22.0,4.4,0.96,21.0,0,0,71,1,60686.05092303916,139,2,Male,60-79
97747,20.0,27.0,19.0,3.8,1.2,17.0,0,0,47,1,17595.055710120923,141,1,Male,40-59
97748,20.0,20.0,26.0,4.2,0.79,16.0,0,0,50,2,17018.739001534206,134,2,Female,40-59
97750,,,,,,,,,67,1,8096.814054532138,147,1,Male,60-79
97751,20.0,25.0,12.0,3.8,0.62,11.0,0,0,54,2,20246.69281541583,144,2,Female,40-59
97752,13.0,16.0,9.0,3.6,1.33,22.0,0,0,77,1,122013.96842477523,146,1,Male,60-79
97753,17.0,18.0,13.0,3.9,0.9,16.0,0,0,62,1,165542.4426250246,141,2,Male,60-79
97756,36.0,29.0,33.0,3.9,0.68,12.0,0,0,23,2,35336.48697108895,146,1,Female,20-39
97758,18.0,20.0,17.0,3.8,0.62,12.0,0,0,54,2,19331.278719943053,139,1,Female,40-59
97760,23.0,19.0,18.0,3.6,0.67,9.0,0,0,55,2,58566.06201630404,146,2,Female,40-59
97761,19.0,21.0,24.0,4.9,0.83,13.0,0,0,56,2,29492.92050815828,145,1,Female,40-59
97762,22.0,18.0,75.0,3.9,0.77,14.0,0,0,50,2,105240.38389271533,143,2,Female,40-59
97763,26.0,,43.0,4.2,0.93,,0,0,21,2,51861.142064027816,141,2,Female,20-39
97764,13.0,23.0,27.0,4.3,1.16,13.0,0,0,45,1,16460.981709247193,144,1,Male,40-59
97765,24.0,22.0,19.0,4.4,0.46,13.0,0,0,53,2,6796.32490253529,137,1,Female,40-59
97766,57.0,89.0,191.0,4.0,1.05,10.0,0,0,65,1,5168.129019122317,147,1,Male,60-79
97768,46.0,35.0,60.0,3.7,0.88,17.0,0,0,56,2,34908.67302510671,144,2,Female,40-59
97769,11.0,13.0,34.0,3.6,1.33,22.0,0,0,80,1,16020.032134803467,148,1,Male,80+
97770,17.0,21.0,14.0,3.8,0.73,18.0,0,0,61,2,186963.2915831611,146,2,Female,60-79
97771,11.0,12.0,8.0,3.1,0.55,8.0,0,0,31,2,118184.75640004576,144,1,Female,20-39
97773,6.0,10.0,12.0,4.0,0.85,7.0,0,0,26,2,41679.59462975782,144,2,Female,20-39
97774,21.0,14.0,12.0,4.7,0.62,10.0,0,0,33,1,34792.419606391966,136,2,Male,20-39
97775,13.0,18.0,21.0,4.0,0.9,20.0,0,0,67,1,46543.17663877856,134,1,Male,60-79
97776,27.0,21.0,27.0,4.1,0.71,15.0,0,0,58,2,13772.628441092016,134,2,Female,40-59
97777,15.0,16.0,20.0,4.3,1.13,10.0,0,0,60,1,5168.129019122317,147,1,Male,60-79
97779,,,,,,,,,46,2,21890.181704700837,144,1,Female,40-59
97782,7.0,18.0,17.0,3.6,0.91,15.0,0,0,39,2,15637.235677623798,145,1,Female,20-39
97783,11.0,15.0,14.0,3.2,0.81,7.0,0,0,46,2,15414.031754290048,146,2,Female,40-59
97784,45.0,30.0,37.0,4.3,0.93,12.0,0,0,31,1,33787.54087331495,139,2,Male,20-39
97787,10.0,10.0,18.0,3.4,0.91,13.0,0,0,52,1,20562.2760763707,145,1,Male,40-59
97788,19.0,21.0,15.0,4.5,1.2,16.0,0,0,73,1,24626.643090553298,136,1,Male,60-79
97790,19.0,21.0,16.0,4.4,0.91,16.0,0,0,60,1,14352.162297001554,136,2,Male,60-79
97794,13.0,15.0,15.0,4.2,0.56,17.0,0,0,45,2,6150.671451908885,144,1,Female,40-59
97795,9.0,17.0,8.0,4.0,0.71,8.0,0,0,33,2,30217.477566984388,146,1,Female,20-39
97801,15.0,20.0,14.0,4.0,1.23,20.0,0,0,80,1,34730.59204275586,144,1,Male,80+
97802,19.0,21.0,20.0,3.9,1.67,37.0,0,0,71,1,41377.703764264064,139,2,Male,60-79
97809,38.0,30.0,25.0,4.2,0.94,14.0,0,0,71,1,6353.1902969353905,144,1,Male,60-79
97810,20.0,16.0,14.0,4.3,0.89,19.0,0,0,57,1,19677.292886495747,135,2,Male,40-59
97811,13.0,19.0,11.0,4.3,0.88,17.0,0,0,26,2,26446.08316863767,135,2,Female,20-39
97813,29.0,32.0,45.0,4.1,0.86,9.0,0,0,60,2,44348.2958232847,141,2,Female,60-79
97817,13.0,19.0,9.0,4.2,0.64,13.0,0,0,64,2,15873.316395764889,148,1,Female,60-79
97822,,,,,,,,,42,2,50010.472892784535,134,2,Female,40-59
97823,18.0,18.0,18.0,4.5,0.93,11.0,0,0,29,1,33096.33117964989,146,1,Male,20-39
97827,25.0,26.0,45.0,3.9,0.92,5.0,0,0,50,1,17955.740823110806,138,2,Male,40-59
97828,13.0,20.0,14.0,3.4,1.09,17.0,0,0,74,1,14517.871086465973,148,1,Male,60-79
97829,18.0,26.0,13.0,3.5,0.93,13.0,0,0,24,1,27614.726765144176,147,1,Male,20-39
97830,54.0,38.0,28.0,4.0,1.31,17.0,0,0,60,1,150979.09130105365,142,2,Male,60-79
97832,20.0,24.0,13.0,3.6,0.82,16.0,0,0,73,1,13085.79020106394,145,1,Male,60-79
97835,,,,,,,,,49,2,11344.613803777185,144,1,Female,40-59
97840,24.0,19.0,31.0,4.2,1.02,17.0,0,0,32,1,31755.90689148885,138,2,Male,20-39
97841,13.0,18.0,13.0,4.6,0.57,11.0,0,0,44,2,196043.2904256871,146,2,Female,40-59
97845,37.0,49.0,287.0,2.6,0.67,7.0,0,0,47,1,30118.450710852332,140,1,Male,40-59
97847,15.0,21.0,14.0,4.2,0.73,13.0,0,0,65,2,161213.58469229276,141,1,Female,60-79
97848,16.0,16.0,17.0,4.2,0.76,15.0,0,0,30,2,21806.718942659943,148,2,Female,20-39
97850,22.0,26.0,67.0,4.0,0.76,17.0,0,0,64,2,20648.32335281249,146,2,Female,60-79
97851,20.0,18.0,22.0,4.4,0.93,14.0,0,0,23,1,18131.230915031076,147,1,Male,20-39
97853,7.0,12.0,7.0,2.9,0.39,8.0,0,0,20,2,17885.160937690314,144,2,Female,20-39
97859,16.0,16.0,33.0,4.4,0.89,13.0,0,0,60,1,11634.353839661302,141,2,Male,60-79
97861,,,,,,,,,47,2,23714.046756565116,142,1,Female,40-59
97866,43.0,30.0,45.0,4.4,1.02,14.0,0,0,39,1,153632.15076704798,143,2,Male,20-39
97869,15.0,19.0,49.0,4.1,1.35,19.0,0,0,80,2,39007.657605161505,141,2,Female,80+
97871,213.0,182.0,369.0,3.9,0.51,10.0,0,0,64,2,21925.146038534083,148,1,Female,60-79
97874,,,,,,,,,55,2,282045.66848710616,134,2,Female,40-59
97876,17.0,14.0,19.0,3.4,0.93,18.0,0,0,58,1,12849.99503931288,144,2,Male,40-59
97877,12.0,19.0,21.0,4.2,0.66,8.0,0,0,29,2,32891.37355082659,139,1,Female,20-39
97878,19.0,14.0,22.0,4.3,0.92,14.0,0,0,49,2,8940.53756917559,148,2,Female,40-59
97883,18.0,20.0,28.0,4.4,0.71,11.0,0,0,71,2,51535.04828688545,139,2,Female,60-79
97886,12.0,16.0,11.0,4.2,0.61,11.0,0,0,54,2,26550.057620761178,134,2,Female,40-59
97891,16.0,14.0,35.0,3.9,1.18,13.0,0,0,69,1,11037.031195828406,141,1,Male,60-79
97894,10.0,15.0,12.0,4.2,0.6,17.0,0,0,67,2,18661.571385893974,134,1,Female,60-79
97895,16.0,14.0,21.0,3.6,1.07,16.0,0,0,63,1,239578.46038678856,143,1,Male,60-79
97896,9.0,13.0,17.0,3.7,0.67,9.0,0,0,57,2,93213.70039126492,145,1,Female,40-59
97897,28.0,24.0,26.0,3.8,0.83,13.0,0,0,58,1,24182.15770469399,134,2,Male,40-59
97899,,,,,,,,,29,1,33502.54495221037,144,2,Male,20-39
97901,22.0,20.0,31.0,4.4,0.94,14.0,0,0,45,1,21088.421528565657,144,2,Male,40-59
97902,18.0,14.0,31.0,4.3,0.85,12.0,0,0,62,1,5994.976216918613,141,2,Male,60-79
97903,23.0,31.0,17.0,4.0,1.2,20.0,0,0,78,2,92913.17802970432,135,2,Female,60-79
97904,30.0,52.0,17.0,4.4,1.3,12.0,0,0,34,1,40425.49270259676,144,1,Male,20-39
97905,17.0,15.0,24.0,3.7,1.06,21.0,0,0,64,2,11206.874035686078,146,2,Female,60-79
97908,16.0,17.0,11.0,3.8,0.9,13.0,0,0,62,1,25740.165254758875,136,2,Male,60-79
97909,18.0,13.0,15.0,4.0,0.61,11.0,0,0,45,2,18503.524887173473,135,2,Female,40-59
97915,25.0,25.0,14.0,3.9,0.54,15.0,0,0,42,2,24557.529510784854,148,1,Female,40-59
97916,10.0,14.0,15.0,3.9,0.7,18.0,0,0,73,2,85852.15781640359,143,1,Female,60-79
97919,10.0,16.0,16.0,4.3,0.63,6.0,0,0,70,2,11836.372680384533,144,1,Female,60-79
97923,41.0,173.0,410.0,3.0,0.35,4.0,0,0,43,2,95237.10890777652,146,2,Female,40-59
97924,,,,,,,,,41,1,332785.8662317737,137,2,Male,40-59
97926,16.0,22.0,24.0,3.9,1.17,20.0,0,0,80,1,8524.895312813582,142,1,Male,80+
97928,23.0,20.0,21.0,4.1,1.04,14.0,0,0,56,1,44702.665618088475,148,1,Male,40-59
97929,15.0,15.0,23.0,4.1,0.57,15.0,0,0,76,2,53510.59692191146,146,1,Female,60-79
97930,32.0,22.0,28.0,4.2,1.1,16.0,0,0,32,1,31445.67835872352,138,2,Male,20-39
97934,15.0,20.0,13.0,4.2,0.76,20.0,0,0,25,1,284008.3863367623,134,2,Male,20-39
97935,,,,,,,,,22,1,41944.23431863901,144,2,Male,20-39
97937,15.0,22.0,14.0,4.3,0.61,9.0,0,0,61,2,16134.587508193423,134,2,Female,60-79
97938,11.0,16.0,15.0,3.4,0.88,11.0,0,0,35,1,18829.21550621082,144,2,Male,20-39
97940,34.0,23.0,20.0,4.3,0.77,10.0,0,0,29,1,39663.95742854923,146,2,Male,20-39
97941,11.0,18.0,10.0,4.2,0.92,18.0,0,0,28,2,45504.824684008774,140,2,Female,20-39
97944,11.0,13.0,9.0,3.7,0.76,9.0,0,0,63,2,164921.14474065934,134,1,Female,60-79
97945,21.0,16.0,19.0,4.1,0.49,7.0,0,0,28,2,7618.018038547516,135,2,Female,20-39
97946,17.0,16.0,13.0,4.1,0.79,10.0,0,0,34,2,76090.84416855202,141,2,Female,20-39
97947,16.0,18.0,18.0,4.3,0.86,21.0,0,0,80,2,64893.454646168924,137,1,Female,80+
97948,12.0,18.0,11.0,4.3,0.69,10.0,0,0,32,2,47808.94340873906,139,2,Female,20-39
97949,7.0,17.0,22.0,4.0,0.72,12.0,0,0,30,2,95942.45142613421,144,1,Female,20-39
97950,14.0,17.0,12.0,3.4,1.04,15.0,0,0,69,2,13571.080107617956,146,2,Female,60-79
97951,14.0,17.0,11.0,4.6,0.83,15.0,0,0,24,2,24758.41679642752,138,2,Female,20-39
97952,14.0,14.0,14.0,3.8,1.11,10.0,0,0,57,1,9494.206985111368,141,1,Male,40-59
97954,53.0,46.0,25.0,4.3,0.47,9.0,0,0,67,2,5701.739527525454,141,2,Female,60-79
97955,82.0,83.0,142.0,3.5,0.67,16.0,0,0,65,1,237953.75534177598,135,1,Male,60-79
97956,23.0,27.0,12.0,4.2,1.78,29.0,0,0,80,1,34713.60065083864,142,2,Male,80+
97958,11.0,10.0,8.0,3.6,0.8,13.0,0,0,24,2,56533.58427015811,145,2,Female,20-39
97959,11.0,19.0,16.0,4.3,0.8,16.0,0,0,80,1,13081.10722311354,140,1,Male,80+
97960,,,,,,,,,27,2,20355.1515061018,138,2,Female,20-39
97963,12.0,19.0,18.0,4.3,1.03,12.0,0,0,29,1,59165.98734143869,135,1,Male,20-39
97964,14.0,19.0,124.0,3.8,1.01,14.0,0,0,74,1,11431.228102122885,145,1,Male,60-79
97965,34.0,21.0,26.0,4.2,1.01,14.0,0,0,32,1,35006.43580352041,136,1,Male,20-39
97966,25.0,24.0,18.0,4.5,0.71,14.0,0,0,54,2,20953.09195401362,136,2,Female,40-59
97967,16.0,16.0,19.0,4.1,0.69,15.0,0,0,40,2,34981.57236792632,136,2,Female,40-59
97969,18.0,16.0,17.0,4.3,0.72,20.0,0,0,62,2,6388.436303058457,135,2,Female,60-79
97970,17.0,17.0,37.0,3.6,0.95,13.0,0,0,61,2,11806.763910803778,145,2,Female,60-79
97971,44.0,41.0,64.0,4.2,0.95,19.0,0,0,71,1,70528.6030809053,135,1,Male,60-79
97972,8.0,11.0,10.0,3.8,0.7,7.0,0,0,30,2,33367.89474110429,136,1,Female,20-39
97973,27.0,22.0,22.0,4.2,1.08,23.0,0,0,64,1,10885.643242074671,148,1,Male,60-79
97974,14.0,18.0,36.0,3.9,0.63,14.0,0,0,44,2,7337.110145404884,144,1,Female,40-59
97976,23.0,31.0,34.0,3.4,0.53,9.0,0,0,62,1,7238.981601855708,144,1,Male,60-79
97977,,,,,,,,,40,1,12855.307318155434,139,1,Male,40-59
97978,21.0,19.0,88.0,3.7,0.78,9.0,0,0,41,2,27290.271707947875,138,1,Female,40-59
97980,17.0,21.0,12.0,4.2,1.14,23.0,0,0,78,1,9428.514478388799,144,2,Male,60-79
97982,22.0,25.0,27.0,4.5,0.81,16.0,0,0,52,2,176069.80418969065,137,2,Female,40-59
97983,18.0,15.0,31.0,3.9,0.98,22.0,0,0,61,1,11905.685540375885,136,2,Male,60-79
97985,11.0,20.0,22.0,4.2,1.29,19.0,0,0,80,2,20563.117468244927,146,2,Female,80+
97986,11.0,12.0,19.0,3.6,0.89,17.0,0,0,29,2,24354.115337847386,146,2,Female,20-39
97987,19.0,20.0,14.0,4.1,0.98,12.0,0,0,58,2,168066.6413207373,143,2,Female,40-59
97995,,,,,,,,,47,1,25513.194721990967,144,2,Male,40-59
97996,48.0,34.0,33.0,4.1,0.87,22.0,0,0,75,2,11748.696721698057,144,1,Female,60-79
97997,18.0,18.0,20.0,4.0,0.77,16.0,0,0,70,2,73397.69494215315,142,2,Female,60-79
97999,11.0,14.0,12.0,3.6,1.77,31.0,0,0,80,2,29760.02884599612,148,2,Female,80+
98005,16.0,18.0,18.0,4.5,1.18,27.0,0,0,67,1,71302.9841618051,143,1,Male,60-79
98006,16.0,23.0,11.0,3.1,1.22,14.0,0,0,36,1,38151.20386534181,140,2,Male,20-39
98007,,,,,,,,,31,1,33153.68567502642,141,1,Male,20-39
98008,11.0,18.0,17.0,3.8,0.91,19.0,0,0,80,2,37266.216810590704,142,1,Female,80+
98009,19.0,25.0,17.0,4.3,1.06,13.0,0,0,57,1,44358.71807854832,143,2,Male,40-59
98010,14.0,19.0,8.0,4.4,0.57,12.0,0,0,27,2,12856.715372993784,138,1,Female,20-39
98014,23.0,17.0,31.0,3.8,0.41,10.0,0,0,59,2,222099.09541599837,148,1,Female,40-59
98015,26.0,21.0,23.0,4.4,0.83,14.0,0,0,49,1,15641.562961307967,145,1,Male,40-59
98016,,,,,,,,,69,2,10018.90939018667,136,1,Female,60-79
98018,5.0,12.0,17.0,4.5,1.02,12.0,0,0,22,1,32362.46579130165,146,1,Male,20-39
98019,11.0,12.0,10.0,4.3,1.05,21.0,0,0,80,1,13848.756196441303,146,1,Male,80+
98023,19.0,16.0,18.0,4.0,0.81,13.0,0,0,37,2,41356.23520872394,144,2,Female,20-39
98024,14.0,17.0,33.0,3.8,0.66,17.0,0,0,61,2,9295.841523151206,138,1,Female,60-79
98028,19.0,18.0,50.0,4.3,0.76,10.0,0,0,34,2,32141.706328021493,141,1,Female,20-39
98029,11.0,15.0,10.0,3.9,0.68,15.0,0,0,66,2,11993.685451868938,140,2,Female,60-79
98030,12.0,15.0,13.0,4.1,0.58,10.0,0,0,24,2,49594.22851133992,146,2,Female,20-39
98031,63.0,38.0,301.0,3.8,0.85,13.0,0,0,31,1,44775.60152131583,140,2,Male,20-39
98032,15.0,20.0,44.0,4.6,0.93,20.0,0,0,72,1,111926.90405027231,139,1,Male,60-79
98033,11.0,25.0,12.0,3.9,0.79,9.0,0,0,42,2,19992.29327155828,134,2,Female,40-59
98034,,,,,,,,,43,1,13044.628436617539,136,1,Male,40-59
98035,10.0,13.0,9.0,3.8,0.6,15.0,0,0,35,2,59407.31728075899,136,2,Female,20-39
98036,12.0,13.0,14.0,3.9,0.75,11.0,0,0,38,2,26271.931568101445,138,2,Female,20-39
98040,21.0,20.0,23.0,4.6,1.21,25.0,0,0,65,1,11055.983055964683,136,2,Male,60-79
98041,17.0,21.0,23.0,3.8,0.71,13.0,0,0,55,2,46216.347538357404,143,2,Female,40-59
98043,28.0,24.0,29.0,4.2,0.78,10.0,0,0,61,1,11017.920639334274,147,2,Male,60-79
98045,15.0,16.0,7.0,4.2,0.58,7.0,0,0,40,2,28756.784849792257,138,2,Female,40-59
98046,14.0,14.0,28.0,3.8,0.59,16.0,0,0,49,2,30005.72009071271,135,1,Female,40-59
98047,30.0,25.0,69.0,3.8,0.93,14.0,0,0,53,1,53144.28741938579,143,2,Male,40-59
98048,,,,,,,,,30,2,16109.844519425382,135,2,Female,20-39
98049,7.0,20.0,14.0,3.8,1.11,20.0,0,0,67,1,12243.472930858541,138,2,Male,60-79
98052,9.0,14.0,18.0,4.0,0.74,9.0,0,0,26,2,40995.30094302023,134,2,Female,20-39
98054,76.0,36.0,45.0,4.9,0.74,14.0,0,0,43,1,34415.4012911697,142,1,Male,40-59
98056,17.0,13.0,18.0,3.8,0.67,9.0,0,0,34,2,72833.3394880091,142,1,Female,20-39
98057,25.0,15.0,33.0,4.1,0.81,14.0,0,0,21,1,38188.30702153896,146,2,Male,20-39
98058,10.0,19.0,10.0,4.4,0.73,30.0,0,0,80,2,29594.233040357147,148,1,Female,80+
98060,25.0,28.0,27.0,4.4,0.89,10.0,0,0,80,1,11665.509074416614,140,1,Male,80+
98062,15.0,13.0,18.0,3.6,0.78,16.0,0,0,80,2,24368.894059129594,142,1,Female,80+
98065,14.0,15.0,12.0,4.8,0.78,9.0,0,0,29,2,49054.19489430295,146,1,Female,20-39
98071,12.0,19.0,23.0,3.9,0.69,9.0,0,0,61,2,216961.0841254594,143,2,Female,60-79
98073,19.0,27.0,17.0,4.2,0.74,12.0,0,0,23,2,25934.61388738866,135,1,Female,20-39
98075,16.0,15.0,30.0,4.1,1.08,20.0,0,0,66,2,192913.74013985004,141,1,Female,60-79
98077,,,,,,,,,31,1,127577.23761081978,141,2,Male,20-39
98081,15.0,23.0,25.0,4.0,1.09,9.0,0,0,56,1,16258.803837101783,140,1,Male,40-59
98082,46.0,30.0,129.0,4.0,0.62,7.0,0,0,46,2,37858.472466356034,135,1,Female,40-59
98083,156.0,150.0,570.0,3.9,0.91,22.0,0,0,54,2,45896.43524186984,142,2,Female,40-59
98084,13.0,15.0,27.0,3.4,1.23,23.0,0,0,80,2,28995.012683265948,137,1,Female,80+
98085,19.0,17.0,148.0,4.2,0.64,23.0,0,0,59,1,29358.510781743018,148,1,Male,40-59
98087,12.0,18.0,13.0,4.1,0.96,15.0,0,0,74,2,90248.43165432966,141,2,Female,60-79
98088,40.0,24.0,30.0,4.5,0.94,13.0,0,0,33,1,102800.05296973969,135,1,Male,20-39
98092,50.0,24.0,25.0,4.1,0.65,10.0,0,0,41,1,36781.13316581585,136,2,Male,40-59
98094,26.0,28.0,20.0,4.5,0.56,12.0,0,0,45,2,44047.58629701694,148,1,Female,40-59
98095,16.0,19.0,11.0,4.1,0.94,22.0,0,0,80,2,33401.16735172922,141,2,Female,80+
98096,31.0,19.0,20.0,4.2,0.67,14.0,0,0,36,2,29808.030861570303,134,2,Female,20-39
98097,44.0,29.0,34.0,4.5,0.87,12.0,0,0,29,1,185712.6553161515,143,2,Male,20-39
98099,18.0,21.0,14.0,4.3,0.99,16.0,0,0,54,1,35718.760061984096,137,1,Male,40-59
98100,16.0,19.0,28.0,4.4,0.88,10.0,0,0,33,1,217665.4682725732,147,2,Male,20-39
98101,,,,,,,,,48,1,17904.84388865258,137,2,Male,40-59
98102,18.0,20.0,14.0,3.5,0.58,8.0,0,0,35,2,18414.216061207593,141,1,Female,20-39
98103,14.0,14.0,16.0,4.1,1.12,10.0,0,0,37,1,38211.6538094582,144,2,Male,20-39
98106,33.0,38.0,39.0,4.1,0.58,15.0,0,0,76,2,13590.962607016594,140,1,Female,60-79
98107,19.0,20.0,21.0,3.4,0.67,16.0,0,0,61,1,6751.973028838992,144,2,Male,60-79
98109,20.0,32.0,16.0,3.9,1.52,23.0,0,0,77,1,16405.330582485207,144,1,Male,60-79
98110,,,,,,,,,74,1,16596.69447226434,134,2,Male,60-79
98113,11.0,16.0,21.0,4.1,0.68,15.0,0,0,25,2,90876.60064266626,135,1,Female,20-39
98114,,,,,,,,,52,2,22882.77451913551,135,2,Female,40-59
98119,22.0,16.0,19.0,3.6,0.54,10.0,0,0,30,2,109723.76446702686,142,2,Female,20-39
98120,16.0,12.0,14.0,3.6,0.78,11.0,0,0,41,2,228798.1918899456,144,2,Female,40-59
98121,15.0,19.0,19.0,4.0,1.3,30.0,0,0,73,1,9951.44696626394,140,1,Male,60-79
98124,29.0,27.0,105.0,4.5,0.85,14.0,0,0,31,1,68275.0196713611,143,1,Male,20-39
98125,15.0,18.0,13.0,4.0,0.81,13.0,0,0,76,2,83756.96233720782,144,1,Female,60-79
98130,31.0,33.0,26.0,3.8,0.81,15.0,0,0,68,1,22528.72790035059,139,2,Male,60-79
98131,16.0,16.0,29.0,3.4,0.89,14.0,0,0,40,2,4884.460611425601,145,2,Female,40-59
98133,11.0,20.0,13.0,3.9,0.78,9.0,0,0,80,2,34145.13892952082,142,2,Female,80+
98134,28.0,29.0,47.0,3.9,1.0,23.0,0,0,62,1,6924.1614035158445,135,1,Male,60-79
98135,13.0,12.0,23.0,3.4,0.72,9.0,0,0,42,2,66114.24542184222,147,1,Female,40-59
98137,25.0,25.0,14.0,4.4,0.87,18.0,0,0,78,2,10274.78912432621,144,1,Female,60-79
98138,30.0,22.0,148.0,4.3,0.85,15.0,0,0,40,1,23947.943850355987,138,1,Male,40-59
98139,17.0,26.0,24.0,4.1,0.87,27.0,0,0,60,1,9597.753314663465,138,1,Male,60-79
98141,20.0,18.0,14.0,4.0,0.69,17.0,0,0,56,2,14702.287717170539,148,2,Female,40-59
98142,15.0,33.0,56.0,4.0,1.24,17.0,0,0,65,1,15980.786823647088,144,1,Male,60-79
98143,17.0,26.0,34.0,4.4,1.23,18.0,0,0,80,2,18493.871178647867,136,1,Female,80+
98144,11.0,12.0,13.0,3.9,0.73,16.0,0,0,45,2,162321.4923918447,145,2,Female,40-59
98145,13.0,25.0,8.0,4.3,0.72,17.0,0,0,24,2,113643.61237371236,134,1,Female,20-39
98147,69.0,38.0,24.0,4.2,1.15,17.0,0,0,29,1,92243.27055126218,146,1,Male,20-39
98148,12.0,19.0,16.0,4.4,0.89,6.0,0,0,37,2,51197.062216915365,142,1,Female,20-39
98152,14.0,18.0,11.0,3.6,1.04,11.0,0,0,62,1,19351.570012543085,144,1,Male,60-79
98153,17.0,21.0,23.0,3.8,0.93,12.0,0,0,55,1,6792.722340978443,135,2,Male,40-59
98156,19.0,15.0,200.0,4.0,0.55,8.0,0,0,46,2,17503.194672535767,141,2,Female,40-59
98158,11.0,16.0,12.0,4.1,1.24,12.0,0,0,69,1,13198.661267867417,139,1,Male,60-79
98161,9.0,12.0,20.0,4.1,0.67,17.0,0,0,43,2,107122.80683987534,135,1,Female,40-59
98162,14.0,19.0,12.0,4.1,0.73,16.0,0,0,70,2,21062.38943905068,138,2,Female,60-79
98165,31.0,28.0,34.0,4.2,0.86,15.0,0,0,55,1,20950.83666460668,135,1,Male,40-59
98168,41.0,23.0,21.0,3.7,0.67,10.0,0,0,55,2,31406.157368654127,148,1,Female,40-59
98169,14.0,16.0,14.0,4.1,0.41,6.0,0,0,28,2,42505.24861704193,134,1,Female,20-39
98172,15.0,23.0,31.0,3.8,0.77,12.0,0,0,62,1,6943.373271258249,137,1,Male,60-79
98173,23.0,26.0,22.0,3.9,0.41,14.0,0,0,71,2,8727.633165819603,142,2,Female,60-79
98174,37.0,42.0,55.0,3.8,0.95,17.0,0,0,48,1,17963.74963041013,143,2,Male,40-59
98175,16.0,16.0,27.0,3.6,0.73,18.0,0,0,69,2,13692.001233729581,139,1,Female,60-79
98178,20.0,22.0,12.0,4.4,0.98,18.0,0,0,47,1,265329.6325654619,138,2,Male,40-59
98180,85.0,46.0,49.0,3.8,0.69,13.0,0,0,49,1,16229.652966218777,140,2,Male,40-59
98187,24.0,20.0,8.0,3.7,0.47,10.0,0,0,32,2,53594.96613443512,145,2,Female,20-39
98189,17.0,18.0,24.0,3.8,0.85,15.0,0,0,43,1,219248.0448436924,136,1,Male,40-59
98194,,,,,,,,,60,2,23407.11354091445,140,2,Female,60-79
98195,35.0,28.0,18.0,4.2,1.06,17.0,0,0,28,1,36176.23033666316,146,1,Male,20-39
98197,44.0,,52.0,4.2,1.3,26.0,0,0,69,1,18798.44275539253,141,1,Male,60-79
98198,18.0,23.0,20.0,4.1,0.92,14.0,0,0,80,1,49096.80599658195,142,2,Male,80+
98202,14.0,19.0,20.0,3.6,1.17,21.0,0,0,50,1,35490.13789600016,142,2,Male,40-59
98203,27.0,23.0,40.0,4.4,0.84,11.0,0,0,35,1,248771.63264827314,143,1,Male,20-39
98204,15.0,17.0,18.0,4.6,1.1,13.0,0,0,60,1,30713.55871568553,135,1,Male,60-79
98205,13.0,14.0,14.0,3.7,0.97,17.0,0,0,80,2,22723.286874860663,139,2,Female,80+
98207,38.0,28.0,45.0,4.3,1.18,15.0,0,0,46,1,120251.79251865926,139,2,Male,40-59
98208,10.0,15.0,15.0,4.5,0.77,10.0,0,0,39,2,112605.82230152903,139,1,Female,20-39
98209,33.0,29.0,49.0,4.2,0.99,17.0,0,0,58,1,141181.2557713349,142,1,Male,40-59
98211,15.0,18.0,23.0,3.8,0.98,19.0,0,0,74,1,22387.891127280633,134,1,Male,60-79
98214,,,,,,,,,37,2,10875.240313039505,138,1,Female,20-39
98215,13.0,13.0,15.0,4.1,0.66,13.0,0,0,51,2,30731.435857192726,142,2,Female,40-59
98216,26.0,20.0,35.0,4.0,1.06,16.0,0,0,47,1,44179.199699320954,137,2,Male,40-59
98218,,,,,,,,,33,2,41358.05644023879,135,2,Female,20-39
98220,27.0,27.0,22.0,4.4,0.9,13.0,0,0,50,1,9117.478052037515,147,1,Male,40-59
98222,29.0,23.0,32.0,3.9,0.96,16.0,0,0,26,2,273574.8160089044,147,2,Female,20-39
98223,24.0,18.0,24.0,4.3,1.0,15.0,0,0,52,1,18794.242986510835,144,1,Male,40-59
98225,23.0,18.0,15.0,4.6,1.03,20.0,0,0,26,1,40360.55924714981,144,1,Male,20-39
98227,10.0,14.0,13.0,4.1,0.79,11.0,0,0,61,2,7592.163214818824,140,1,Female,60-79
98228,17.0,14.0,24.0,3.7,0.78,12.0,0,0,52,2,16941.817780335474,144,1,Female,40-59
98230,13.0,17.0,89.0,3.6,0.77,11.0,0,0,61,2,18272.1821277251,145,1,Female,60-79
98236,11.0,19.0,10.0,4.3,0.77,16.0,0,0,80,2,10737.86534671492,137,1,Female,80+
98238,20.0,23.0,53.0,3.3,0.3,13.0,0,0,44,2,27277.381879788136,138,1,Female,40-59
98241,25.0,23.0,20.0,4.4,1.1,15.0,0,0,32,1,14674.594643869686,139,1,Male,20-39
98242,28.0,31.0,41.0,4.5,0.91,10.0,0,0,53,2,41238.259354585025,143,1,Female,40-59
98243,56.0,32.0,102.0,3.7,0.92,10.0,0,0,35,1,12265.788259741856,135,2,Male,20-39
98244,14.0,21.0,15.0,3.7,0.92,22.0,0,0,80,1,13104.082074014901,142,1,Male,80+
98250,14.0,16.0,17.0,4.4,0.93,16.0,0,0,80,1,28013.125215331598,136,2,Male,80+
98251,27.0,23.0,25.0,4.3,1.16,23.0,0,0,47,1,100444.7380406752,143,2,Male,40-59
98253,17.0,21.0,17.0,4.0,0.64,13.0,0,0,59,2,14504.020360388824,138,1,Female,40-59
98256,9.0,15.0,13.0,4.2,0.65,8.0,0,0,25,2,79198.53182969696,144,1,Female,20-39
98257,14.0,20.0,14.0,4.3,1.19,18.0,0,0,71,1,87666.63691561474,141,1,Male,60-79
98258,26.0,30.0,24.0,4.1,1.17,26.0,0,0,73,1,110582.13135232078,141,1,Male,60-79
98259,13.0,18.0,55.0,3.5,0.84,12.0,0,0,52,2,29166.59916090264,146,1,Female,40-59
98262,24.0,25.0,34.0,3.9,0.93,14.0,0,0,59,1,46680.34848043788,143,1,Male,40-59
98264,14.0,22.0,26.0,4.5,0.93,19.0,0,0,72,1,159824.2742518467,141,1,Male,60-79
98266,12.0,16.0,9.0,3.8,0.62,16.0,0,0,41,2,54648.62880231567,146,2,Female,40-59
98267,23.0,18.0,68.0,4.1,0.99,9.0,0,0,49,1,30521.14598261786,142,2,Male,40-59
98269,10.0,17.0,11.0,4.4,0.7,18.0,0,0,76,1,76386.67339142703,143,1,Male,60-79
98270,24.0,26.0,15.0,3.6,0.69,22.0,0,0,62,2,22652.193554888083,134,2,Female,60-79
98271,21.0,17.0,20.0,3.7,0.84,12.0,0,0,50,1,13595.943930200396,138,2,Male,40-59
98272,40.0,29.0,30.0,3.8,1.08,17.0,0,0,55,1,56328.022656808,146,2,Male,40-59
98274,17.0,14.0,45.0,4.0,0.74,16.0,0,0,52,2,281271.94059347,137,1,Female,40-59
98280,14.0,14.0,18.0,3.8,0.45,8.0,0,0,31,2,32716.646801185725,145,2,Female,20-39
98284,21.0,17.0,40.0,3.4,0.72,10.0,0,0,38,2,38527.910247992964,136,1,Female,20-39
98285,8.0,14.0,12.0,4.1,0.72,10.0,0,0,24,2,36739.89036578458,135,2,Female,20-39
98287,18.0,15.0,43.0,3.7,0.79,24.0,0,0,61,2,16764.446986695828,146,2,Female,60-79
98288,16.0,16.0,62.0,3.9,1.26,19.0,0,0,64,1,43145.763524694055,145,1,Male,60-79
98289,19.0,26.0,24.0,4.1,1.13,11.0,0,0,71,1,13905.99403700042,134,2,Male,60-79
98292,9.0,12.0,26.0,4.1,0.79,12.0,0,0,42,2,15674.722115028693,141,1,Female,40-59
98293,18.0,19.0,44.0,3.8,0.93,18.0,0,0,52,2,26985.160820399786,139,1,Female,40-59
98295,19.0,19.0,14.0,4.2,0.65,11.0,0,0,23,2,36604.44189078877,140,2,Female,20-39
98298,13.0,13.0,16.0,3.6,0.66,7.0,0,0,28,2,61125.41298563582,140,2,Female,20-39
98299,,,,,,,,,64,1,11253.485185149379,135,2,Male,60-79
98300,20.0,17.0,13.0,4.3,0.82,15.0,0,0,48,2,188854.2666245038,145,1,Female,40-59
98301,18.0,19.0,22.0,4.4,0.86,17.0,0,0,68,2,28492.809926355956,143,1,Female,60-79
98302,36.0,21.0,33.0,4.2,0.79,6.0,0,0,29,1,35251.271284788985,147,1,Male,20-39
98303,10.0,14.0,29.0,4.1,0.68,9.0,0,0,34,2,12668.92961850628,148,2,Female,20-39
98304,26.0,23.0,20.0,4.4,0.56,10.0,0,0,79,2,74417.93123286938,144,2,Female,60-79
98308,13.0,17.0,11.0,4.3,0.75,13.0,0,0,35,1,56356.507459975,135,1,Male,20-39
98309,24.0,30.0,66.0,4.1,1.26,20.0,0,0,73,2,7364.4021486643605,139,2,Female,60-79
98310,22.0,14.0,30.0,3.9,0.58,9.0,0,0,47,2,39375.52147427311,148,1,Female,40-59
98314,39.0,19.0,93.0,4.4,0.93,13.0,0,0,25,1,52854.97070674194,143,1,Male,20-39
98316,53.0,40.0,36.0,3.9,0.82,16.0,0,0,63,2,178416.49409822095,139,1,Female,60-79
98318,73.0,43.0,256.0,4.1,1.17,12.0,0,0,40,1,17756.45374742696,141,2,Male,40-59
98320,18.0,21.0,108.0,3.9,0.69,11.0,0,0,48,2,12312.062628366597,147,1,Female,40-59
98322,18.0,19.0,23.0,3.1,0.61,12.0,0,0,29,2,135154.32220379356,142,2,Female,20-39
98323,12.0,14.0,13.0,4.3,0.7,11.0,0,0,31,2,53908.374034259294,135,1,Female,20-39
98326,17.0,22.0,55.0,4.3,0.71,10.0,0,0,55,2,25607.823069868882,141,1,Female,40-59
98328,21.0,20.0,7.0,3.1,0.47,6.0,0,0,30,2,15264.148751069608,144,2,Female,20-39
98331,19.0,20.0,23.0,4.3,0.66,15.0,0,0,64,2,10762.63386590997,148,2,Female,60-79
98332,12.0,14.0,18.0,4.5,0.92,12.0,0,0,34,2,29776.854053978004,139,2,Female,20-39
98333,,,,,,,,,36,1,49409.76071998768,138,1,Male,20-39
98334,25.0,24.0,41.0,3.8,1.05,10.0,0,0,62,1,5844.708047400313,135,2,Male,60-79
98336,61.0,31.0,66.0,3.9,1.07,13.0,0,0,41,2,23306.01218679849,144,1,Female,40-59
98338,45.0,40.0,38.0,4.6,1.22,22.0,0,0,54,1,34938.79347139016,139,2,Male,40-59
98339,24.0,22.0,24.0,3.7,1.07,16.0,0,0,80,1,7914.096555038411,137,2,Male,80+
98341,18.0,26.0,9.0,4.2,0.73,14.0,0,0,71,1,15835.878466062932,134,1,Male,60-79
98343,12.0,16.0,14.0,3.8,0.64,12.0,0,0,31,2,13215.888980858408,144,1,Female,20-39
98344,6.0,18.0,8.0,4.1,2.1,39.0,0,0,80,1,46499.376155654674,143,2,Male,80+
98345,16.0,20.0,15.0,4.0,1.07,20.0,0,0,22,1,20971.46340377593,138,1,Male,20-39
98347,31.0,43.0,84.0,4.9,1.34,30.0,0,0,80,1,36100.132835942706,148,2,Male,80+
98350,61.0,52.0,64.0,3.5,0.64,11.0,0,0,36,2,38881.420787589035,148,2,Female,20-39
98351,13.0,15.0,22.0,4.4,0.7,15.0,0,0,38,2,37921.04297748775,137,2,Female,20-39
98353,31.0,28.0,20.0,4.6,0.65,14.0,0,0,68,2,11336.403016109472,140,1,Female,60-79
98354,13.0,19.0,18.0,3.7,0.74,16.0,0,0,57,2,15479.581198025919,147,1,Female,40-59
98355,13.0,19.0,13.0,4.3,0.54,14.0,0,0,53,2,14853.580208838364,141,1,Female,40-59
98357,17.0,49.0,15.0,4.3,0.98,9.0,0,0,21,1,16345.012609527392,147,1,Male,20-39
98358,29.0,20.0,24.0,4.5,0.91,12.0,0,0,33,1,22162.804265883053,144,1,Male,20-39
98360,12.0,20.0,39.0,3.4,1.15,32.0,0,0,71,1,13956.159321898327,142,1,Male,60-79
98364,15.0,14.0,13.0,4.3,0.82,12.0,0,0,37,1,179458.8380745103,137,2,Male,20-39
98366,8.0,19.0,24.0,3.7,4.76,24.0,0,0,80,2,14568.011855875373,145,2,Female,80+
98368,17.0,19.0,68.0,3.9,1.11,17.0,0,0,80,1,51507.41471938179,147,2,Male,80+
98369,18.0,22.0,11.0,4.3,1.12,24.0,0,0,69,1,23397.261540455424,140,1,Male,60-79
98370,,,,,,,,,20,1,33954.408139440915,146,1,Male,20-39
98371,19.0,22.0,33.0,3.6,0.59,11.0,0,0,63,2,14149.288379379514,146,2,Female,60-79
98372,12.0,15.0,13.0,3.5,0.95,21.0,0,0,70,1,11198.895670139673,142,2,Male,60-79
98373,12.0,20.0,7.0,3.9,1.04,26.0,0,0,62,2,163149.3364311193,141,2,Female,60-79
98374,10.0,12.0,14.0,3.9,0.87,5.0,0,0,42,2,27906.170619649314,146,2,Female,40-59
98376,11.0,20.0,12.0,4.6,0.89,21.0,0,0,20,1,63999.18174531942,144,2,Male,20-39
98379,13.0,10.0,19.0,3.8,0.84,13.0,0,0,63,2,9471.968462276865,140,1,Female,60-79
98381,29.0,21.0,17.0,3.8,0.94,15.0,0,0,40,1,15875.29798316736,138,2,Male,40-59
98383,27.0,36.0,149.0,3.0,0.95,24.0,0,0,69,1,13242.725341839594,137,2,Male,60-79
98384,14.0,21.0,14.0,3.8,0.8,15.0,0,0,54,2,21121.202719155342,135,2,Female,40-59
98385,45.0,27.0,42.0,3.7,1.06,15.0,0,0,61,1,83128.04196137098,135,1,Male,60-79
98390,12.0,16.0,15.0,3.6,0.99,9.0,0,0,65,2,19009.899436552118,143,2,Female,60-79
98391,12.0,24.0,22.0,4.0,0.81,18.0,0,0,80,2,64075.20016354462,134,2,Female,80+
98392,19.0,17.0,42.0,4.0,1.38,12.0,0,0,47,1,33419.77360329645,138,1,Male,40-59
98393,13.0,17.0,13.0,3.9,0.79,22.0,0,0,80,2,16308.792023586875,139,2,Female,80+
98394,16.0,20.0,19.0,4.2,0.62,9.0,0,0,38,2,74054.37612498355,140,2,Female,20-39
98395,6.0,14.0,3.0,2.6,0.41,5.0,0,0,24,2,91778.32619332055,142,1,Female,20-39
98399,45.0,31.0,27.0,4.3,0.98,18.0,0,0,54,1,8352.764329971797,148,2,Male,40-59
98401,18.0,31.0,17.0,4.4,1.21,12.0,0,0,41,1,20001.43212416605,144,1,Male,40-59
98402,25.0,18.0,21.0,3.8,0.75,10.0,0,0,22,1,19382.70543310213,148,2,Male,20-39
98403,25.0,23.0,9.0,4.5,1.11,19.0,0,0,27,1,52221.30565323713,137,1,Male,20-39
98412,9.0,11.0,8.0,3.4,0.78,9.0,0,0,67,2,11510.835302399126,143,1,Female,60-79
98413,55.0,48.0,85.0,3.8,1.64,20.0,0,0,80,1,13981.74890936651,136,1,Male,80+
98414,28.0,40.0,26.0,3.7,0.76,13.0,0,0,70,2,64797.89764700747,142,2,Female,60-79
98416,9.0,15.0,7.0,4.4,0.63,14.0,0,0,25,2,18459.294637453968,137,2,Female,20-39
98417,7.0,14.0,8.0,3.9,0.8,11.0,0,0,79,2,104236.39470415439,138,1,Female,60-79
98420,17.0,20.0,9.0,3.9,0.65,10.0,0,0,27,2,141528.19313157594,141,1,Female,20-39
98421,29.0,23.0,42.0,4.4,1.1,17.0,0,0,62,1,10607.736857133463,134,2,Male,60-79
98422,21.0,24.0,23.0,4.1,0.73,12.0,0,0,63,2,40566.86298432901,140,1,Female,60-79
98423,13.0,23.0,12.0,3.9,0.82,19.0,0,0,80,2,17639.81843635879,145,2,Female,80+
98424,14.0,17.0,25.0,4.1,1.86,21.0,0,0,80,1,25255.196957324475,145,2,Male,80+
98426,45.0,41.0,54.0,4.2,1.05,10.0,0,0,28,1,20405.897541093753,147,2,Male,20-39
98428,12.0,18.0,4.0,4.3,0.8,10.0,0,0,25,2,77213.665834931,139,2,Female,20-39
98429,11.0,19.0,17.0,3.7,1.21,19.0,0,0,80,2,85962.15776145052,147,2,Female,80+
98431,10.0,13.0,22.0,3.8,0.67,11.0,0,0,69,2,12311.101230742348,146,1,Female,60-79
98433,50.0,37.0,63.0,4.0,0.98,20.0,0,0,71,1,14971.86305247401,141,2,Male,60-79
98435,12.0,18.0,13.0,3.6,0.94,10.0,0,0,21,2,20824.01008875002,148,2,Female,20-39
98436,24.0,17.0,24.0,4.0,1.02,12.0,0,0,36,1,29318.84203142372,140,1,Male,20-39
98437,21.0,17.0,24.0,4.0,0.66,14.0,0,0,32,2,17904.41906637176,144,2,Female,20-39
98438,11.0,16.0,21.0,3.7,1.1,31.0,0,0,62,2,19294.38329795527,148,1,Female,60-79
98441,42.0,24.0,41.0,4.0,0.94,12.0,0,0,22,1,46580.1082181118,140,1,Male,20-39
98442,7.0,9.0,12.0,3.7,0.68,6.0,0,0,22,2,41679.59462975782,144,2,Female,20-39
98443,11.0,14.0,8.0,4.0,0.68,14.0,0,0,21,2,143124.8645984295,142,2,Female,20-39
98444,12.0,11.0,18.0,3.6,0.93,16.0,0,0,59,2,67151.60781734671,145,1,Female,40-59
98445,3.0,13.0,8.0,4.2,0.69,7.0,0,0,25,2,81128.97821622921,134,2,Female,20-39
98447,18.0,19.0,21.0,3.8,0.87,17.0,0,0,32,1,58335.86408723724,145,1,Male,20-39
98448,,,,,,,,,24,2,36841.384877754244,144,2,Female,20-39
98452,139.0,272.0,708.0,4.9,1.06,12.0,0,0,52,1,29201.798975743084,135,2,Male,40-59
98454,10.0,16.0,15.0,3.5,1.07,20.0,0,0,63,2,9981.911621475285,137,1,Female,60-79
98456,27.0,25.0,17.0,3.9,0.77,10.0,0,0,36,1,32277.956043351664,136,2,Male,20-39
98457,,,,,,,,,80,1,10622.645612644737,136,1,Male,80+
98458,50.0,25.0,37.0,4.8,0.83,9.0,0,0,24,1,28915.174715120946,147,1,Male,20-39
98460,20.0,19.0,20.0,4.2,0.67,11.0,0,0,27,2,24193.781631171438,137,1,Female,20-39
98461,15.0,18.0,14.0,3.0,4.74,55.0,0,0,54,2,22945.01519949088,134,2,Female,40-59
98462,24.0,18.0,37.0,4.1,0.85,13.0,0,0,71,1,22291.015471747378,148,2,Male,60-79
98463,14.0,17.0,13.0,3.9,1.07,16.0,0,0,66,2,63810.65444558538,142,2,Female,60-79
98469,27.0,24.0,29.0,4.3,0.93,24.0,0,0,41,1,14917.254111053091,148,2,Male,40-59
98470,17.0,20.0,26.0,3.7,0.7,10.0,0,0,38,2,45289.96884845138,144,2,Female,20-39
98473,16.0,18.0,18.0,3.9,0.61,8.0,0,0,65,2,21501.815304975473,136,2,Female,60-79
98474,8.0,14.0,31.0,4.3,1.07,10.0,0,0,35,1,14457.544708078742,147,1,Male,20-39
98475,44.0,22.0,45.0,4.2,1.16,14.0,0,0,22,1,51910.71975172593,141,2,Male,20-39
98479,48.0,19.0,27.0,4.0,0.99,16.0,0,0,27,1,29120.26436734415,134,2,Male,20-39
98481,,,,,,,,,60,1,47492.18928570316,142,2,Male,60-79
98483,16.0,20.0,13.0,4.4,0.68,15.0,0,0,26,2,76597.19515172577,142,1,Female,20-39
98485,14.0,16.0,10.0,4.1,1.11,14.0,0,0,21,1,36543.891782722174,143,2,Male,20-39
98489,14.0,16.0,53.0,4.2,0.68,13.0,0,0,55,2,27477.931941041075,146,2,Female,40-59
98490,38.0,20.0,35.0,4.4,1.09,14.0,0,0,24,1,213587.78781543134,141,2,Male,20-39
98491,21.0,18.0,14.0,3.9,0.54,16.0,0,0,61,2,40355.88070646001,135,1,Female,60-79
98494,12.0,15.0,11.0,4.5,0.79,15.0,0,0,25,2,61782.56468193588,135,1,Female,20-39
98495,13.0,15.0,14.0,4.3,1.02,14.0,0,0,48,1,31425.78189444095,141,1,Male,40-59
98496,,,,,,,,,46,2,32166.34870185138,144,2,Female,40-59
98498,12.0,19.0,9.0,3.9,0.84,19.0,0,0,74,2,31932.58814964895,146,1,Female,60-79
98500,19.0,19.0,27.0,4.2,0.63,10.0,0,0,56,2,26676.5720562455,140,1,Female,40-59
98501,13.0,14.0,17.0,3.5,0.6,7.0,0,0,68,2,14984.366520543594,138,2,Female,60-79
98502,13.0,21.0,26.0,4.1,0.8,15.0,0,0,80,2,97057.4985731975,146,1,Female,80+
98506,33.0,35.0,28.0,3.9,1.22,17.0,0,0,64,2,10580.02151211327,134,2,Female,60-79
98508,41.0,27.0,54.0,4.2,0.89,13.0,0,0,62,1,6733.943835046723,148,2,Male,60-79
98509,16.0,15.0,24.0,3.6,0.52,10.0,0,0,28,2,92029.60142534628,142,2,Female,20-39
98512,41.0,19.0,33.0,3.8,0.65,13.0,0,0,32,2,24429.864606441104,147,1,Female,20-39
98514,54.0,24.0,42.0,4.5,0.84,10.0,0,0,32,1,65509.83619441094,140,1,Male,20-39
98517,9.0,12.0,17.0,4.0,1.43,31.0,0,0,80,2,26261.052547954347,139,1,Female,80+
98521,37.0,31.0,47.0,4.4,1.07,8.0,0,0,40,1,17879.879989825276,145,1,Male,40-59
98523,,,,,,,,,40,1,27500.029445301137,140,1,Male,40-59
98524,24.0,21.0,18.0,3.9,0.76,20.0,0,0,49,2,24450.703034763457,136,1,Female,40-59
98526,19.0,20.0,19.0,3.9,1.22,21.0,0,0,67,1,110793.8917790722,136,2,Male,60-79
98527,12.0,12.0,11.0,4.4,0.71,14.0,0,0,30,2,19564.687117139463,139,1,Female,20-39
98528,20.0,16.0,52.0,4.9,0.81,7.0,0,0,32,1,134575.71536522935,137,1,Male,20-39
98529,13.0,17.0,33.0,4.1,0.79,16.0,0,0,70,2,40781.479753490916,145,1,Female,60-79
98530,17.0,19.0,22.0,3.5,0.8,16.0,0,0,60,1,15117.597572234432,147,2,Male,60-79
98531,12.0,16.0,14.0,4.3,0.51,11.0,0,0,20,2,153934.21392675335,144,1,Female,20-39
98535,11.0,15.0,18.0,4.2,0.73,21.0,0,0,80,2,28623.504068509126,141,2,Female,80+
98536,32.0,22.0,21.0,3.9,0.84,19.0,0,0,77,2,30718.273842923696,147,2,Female,60-79
98537,32.0,21.0,25.0,4.1,0.63,16.0,0,0,59,2,16184.234783847514,140,2,Female,40-59
98540,13.0,19.0,23.0,4.1,0.98,13.0,0,0,63,1,19836.8982680943,138,1,Male,60-79
98541,14.0,21.0,12.0,4.0,0.82,16.0,0,0,68,2,14894.279961319882,136,1,Female,60-79
98542,30.0,29.0,21.0,4.3,0.72,19.0,0,0,54,2,35276.68307951013,141,1,Female,40-59
98544,,,,,,,,,29,2,85721.2420594887,145,1,Female,20-39
98545,15.0,18.0,15.0,3.8,0.7,10.0,0,0,36,2,35016.423435862365,136,2,Female,20-39
98548,34.0,26.0,105.0,4.1,0.8,12.0,0,0,43,1,86501.22934884208,144,2,Male,40-59
98549,16.0,17.0,33.0,4.3,0.62,11.0,0,0,63,2,11716.351609445017,148,1,Female,60-79
98550,26.0,17.0,54.0,3.7,0.87,15.0,0,0,40,1,29911.16788076661,144,1,Male,40-59
98551,14.0,16.0,9.0,3.9,0.65,11.0,0,0,32,2,20365.160538144224,138,2,Female,20-39
98553,9.0,17.0,14.0,4.0,0.77,15.0,0,0,40,2,106122.45727353972,134,2,Female,40-59
98554,18.0,19.0,13.0,4.4,0.52,13.0,0,0,63,2,16945.57306554011,140,1,Female,60-79
98555,,,,,,,,,21,1,47445.082839122995,138,2,Male,20-39
98556,31.0,22.0,57.0,4.1,1.17,15.0,0,0,48,1,11009.860298373524,140,2,Male,40-59
98557,10.0,13.0,18.0,4.0,1.24,17.0,0,0,80,1,15542.349039221697,143,2,Male,80+
98558,19.0,19.0,75.0,4.0,0.84,12.0,0,0,63,2,12543.1724075525,147,1,Female,60-79
98561,23.0,20.0,36.0,4.0,1.17,17.0,0,0,44,1,27002.324242296912,141,1,Male,40-59
98562,9.0,13.0,24.0,3.7,1.0,14.0,0,0,67,2,7720.135517480581,140,2,Female,60-79
98564,10.0,18.0,13.0,4.4,0.69,10.0,0,0,39,2,123871.22022007004,143,2,Female,20-39
98565,12.0,16.0,17.0,4.0,0.68,18.0,0,0,57,2,31176.317737448062,143,1,Female,40-59
98568,18.0,23.0,17.0,3.8,1.16,12.0,0,0,78,1,40329.896278760745,139,2,Male,60-79
98569,27.0,53.0,9.0,3.9,1.14,17.0,0,0,65,1,6391.164704973049,140,1,Male,60-79
98571,9.0,11.0,11.0,4.0,0.77,9.0,0,0,28,2,18942.848702057712,148,2,Female,20-39
98574,16.0,22.0,21.0,4.3,0.75,15.0,0,0,56,2,27477.931941041075,146,2,Female,40-59
98579,,,,,,,,,36,2,18357.907881786963,141,1,Female,20-39
98581,29.0,45.0,59.0,3.4,1.28,21.0,0,0,67,2,27877.090566213257,145,1,Female,60-79
98585,21.0,24.0,20.0,4.0,1.02,20.0,0,0,51,2,8784.555036325055,136,2,Female,40-59
98586,17.0,17.0,20.0,5.4,0.9,24.0,0,0,72,1,8130.900915165832,135,1,Male,60-79
98589,20.0,16.0,21.0,3.4,0.67,13.0,0,0,21,2,47433.83286885087,141,2,Female,20-39
98592,15.0,23.0,17.0,4.4,1.03,17.0,0,0,68,2,7324.99843591813,135,2,Female,60-79
98594,13.0,14.0,13.0,3.9,0.59,11.0,0,0,38,2,14137.276665581992,136,2,Female,20-39
98595,22.0,21.0,24.0,3.8,0.64,21.0,0,0,50,2,14791.655684001798,148,2,Female,40-59
98597,13.0,18.0,13.0,4.0,0.48,16.0,0,0,66,2,8438.366223811438,136,2,Female,60-79
98598,28.0,41.0,82.0,3.4,0.97,8.0,0,0,65,1,8295.399226032698,145,2,Male,60-79
98599,20.0,23.0,13.0,3.9,1.37,35.0,0,0,80,1,21867.230537388263,142,1,Male,80+
98600,21.0,27.0,18.0,4.3,1.21,18.0,0,0,80,1,34713.60065083864,142,2,Male,80+
98601,40.0,58.0,82.0,4.1,0.98,9.0,0,0,41,2,9813.61444477998,147,1,Female,40-59
98602,12.0,15.0,26.0,3.9,1.76,39.0,0,0,64,2,9435.849650291302,135,2,Female,60-79
98603,14.0,20.0,20.0,4.2,0.84,14.0,0,0,69,2,11730.816852347649,148,1,Female,60-79
98605,28.0,24.0,70.0,3.8,0.96,9.0,0,0,55,2,26221.4551486132,145,1,Female,40-59
98606,,,,,,,,,47,1,17813.488508267794,137,1,Male,40-59
98609,13.0,17.0,21.0,3.7,0.72,20.0,0,0,62,2,21412.485534379317,134,1,Female,60-79
98610,23.0,17.0,27.0,4.3,1.17,16.0,0,0,77,1,94086.32787039754,140,1,Male,60-79
98611,23.0,21.0,17.0,4.1,0.73,17.0,0,0,59,2,28061.514884701384,140,1,Female,40-59
98614,,,,,,,,,59,2,26295.65779030112,134,2,Female,40-59
98615,31.0,24.0,66.0,4.0,0.96,15.0,0,0,60,1,9495.772617369279,139,1,Male,60-79
98616,9.0,13.0,10.0,4.4,0.66,15.0,0,0,44,2,18279.210739922197,138,1,Female,40-59
98617,29.0,31.0,22.0,4.2,0.62,10.0,0,0,55,2,107247.79052112794,135,2,Female,40-59
98622,10.0,16.0,11.0,3.9,1.05,17.0,0,0,59,2,29507.593488820297,148,2,Female,40-59
98624,16.0,21.0,13.0,4.3,1.17,11.0,0,0,53,1,24243.460098398897,148,2,Male,40-59
98627,58.0,31.0,24.0,4.3,0.86,19.0,0,0,53,1,16456.395429665758,147,1,Male,40-59
98628,36.0,28.0,153.0,4.3,0.94,19.0,0,0,48,1,42879.18468724958,148,1,Male,40-59
98629,15.0,18.0,48.0,4.2,0.93,12.0,0,0,45,1,20836.935336505263,139,2,Male,40-59
98630,20.0,21.0,16.0,3.7,1.26,25.0,0,0,64,1,10095.269155534703,137,1,Male,60-79
98631,11.0,15.0,12.0,3.9,0.62,11.0,0,0,43,2,42799.62583301418,142,1,Female,40-59
98634,14.0,15.0,16.0,4.0,0.56,12.0,0,0,75,2,30438.52033334986,137,2,Female,60-79
98638,9.0,12.0,15.0,4.0,1.13,14.0,0,0,65,1,10529.417521459145,139,1,Male,60-79
98641,13.0,14.0,14.0,4.2,1.05,27.0,0,0,67,1,19675.469918161994,140,1,Male,60-79
98645,14.0,15.0,16.0,4.1,0.66,14.0,0,0,75,2,39175.105880412586,136,1,Female,60-79
98646,9.0,14.0,18.0,4.1,0.77,20.0,0,0,43,2,25006.68599109464,147,2,Female,40-59
98648,17.0,33.0,48.0,3.5,1.07,24.0,0,0,80,2,18708.986183864115,142,1,Female,80+
98649,20.0,22.0,20.0,4.4,1.15,21.0,0,0,75,1,11371.616435447067,147,1,Male,60-79
98650,20.0,20.0,26.0,4.0,1.13,14.0,0,0,72,1,9489.279290989367,146,2,Male,60-79
98651,,,,,,,,,73,2,28174.052211157392,147,1,Female,60-79
98653,19.0,21.0,37.0,4.4,1.3,14.0,0,0,57,1,33612.85116627522,144,2,Male,40-59
98656,49.0,32.0,75.0,4.2,0.89,16.0,0,0,54,1,128871.4324049946,139,2,Male,40-59
98657,36.0,29.0,73.0,4.6,1.06,19.0,0,0,55,1,29358.510781743018,148,1,Male,40-59
98661,7.0,16.0,21.0,4.3,0.8,11.0,0,0,31,2,14220.6864766499,147,1,Female,20-39
98662,26.0,29.0,22.0,4.0,0.73,11.0,0,0,66,2,10393.992234484502,148,1,Female,60-79
98666,53.0,24.0,173.0,4.2,1.03,8.0,0,0,53,1,35376.72926756143,142,2,Male,40-59
98667,21.0,28.0,13.0,4.2,0.94,13.0,0,0,80,2,23081.20342079533,145,1,Female,80+
98669,10.0,15.0,13.0,3.8,1.3,17.0,0,0,63,1,116488.25536626826,134,2,Male,60-79
98673,13.0,15.0,20.0,3.8,0.52,10.0,0,0,55,2,14175.310056426104,143,1,Female,40-59
98675,19.0,17.0,12.0,4.2,0.57,11.0,0,0,61,1,8588.976499845048,148,1,Male,60-79
98677,35.0,22.0,44.0,4.0,1.0,14.0,0,0,23,1,61250.6599827952,146,2,Male,20-39
98679,26.0,26.0,41.0,4.3,0.94,21.0,0,0,65,1,9733.479619720605,147,1,Male,60-79
98680,13.0,12.0,25.0,3.8,0.69,14.0,0,0,37,2,25984.13363399574,148,2,Female,20-39
98681,16.0,21.0,51.0,3.9,0.72,20.0,0,0,80,2,13503.44622967494,144,1,Female,80+
98682,45.0,32.0,22.0,4.5,0.73,8.0,0,0,64,1,6885.016832362913,144,2,Male,60-79
98684,9.0,19.0,15.0,3.7,0.88,12.0,0,0,71,1,68264.20186629273,134,1,Male,60-79
98685,11.0,18.0,18.0,3.7,0.92,13.0,0,0,64,2,17321.328720595815,143,1,Female,60-79
98687,21.0,20.0,7.0,4.2,0.73,18.0,0,0,30,2,47635.6532100871,138,1,Female,20-39
98689,28.0,20.0,22.0,3.9,0.79,23.0,0,0,35,1,32687.715935714255,137,1,Male,20-39
98690,19.0,23.0,23.0,3.7,1.57,23.0,0,0,80,1,6431.154632928565,144,1,Male,80+
98691,28.0,26.0,33.0,4.0,0.74,21.0,0,0,56,1,42753.67665914044,134,1,Male,40-59
98692,19.0,26.0,12.0,4.1,0.99,8.0,0,0,25,1,12711.043624613938,147,1,Male,20-39
98693,21.0,27.0,14.0,4.3,0.67,14.0,0,0,56,2,25611.69529796067,136,2,Female,40-59
98694,16.0,15.0,13.0,3.8,0.69,11.0,0,0,54,2,41101.444779997044,145,1,Female,40-59
98698,10.0,17.0,16.0,3.8,0.86,17.0,0,0,27,2,35825.28308995702,134,2,Female,20-39
98699,22.0,26.0,52.0,3.6,0.91,23.0,0,0,68,2,25910.21939448485,134,1,Female,60-79
98701,15.0,20.0,13.0,4.0,0.64,9.0,0,0,74,2,57912.27505581065,146,1,Female,60-79
98703,,,,,,,,,69,2,11320.762069047218,144,1,Female,60-79
98705,,,,,,,,,61,1,10139.647986576398,148,1,Male,60-79
98707,22.0,35.0,27.0,3.6,0.74,8.0,0,0,63,2,14716.933740917762,148,2,Female,60-79
98708,12.0,25.0,41.0,4.6,0.83,13.0,0,0,43,1,126314.98250982325,141,2,Male,40-59
98710,28.0,20.0,18.0,4.8,0.89,19.0,0,0,24,1,30746.0522225208,135,2,Male,20-39
98711,14.0,13.0,19.0,4.2,0.8,14.0,0,0,53,1,105067.58243353077,145,1,Male,40-59
98713,20.0,23.0,31.0,4.1,0.97,15.0,0,0,59,2,26185.27143504862,145,1,Female,40-59
98714,35.0,23.0,24.0,3.5,0.68,11.0,0,0,40,2,54699.70041375389,135,1,Female,40-59
98716,15.0,16.0,21.0,4.0,0.59,13.0,0,0,41,2,24186.27186392886,134,1,Female,40-59
98717,27.0,22.0,27.0,4.3,0.9,14.0,0,0,64,1,6658.248292370827,138,2,Male,60-79
98718,12.0,16.0,10.0,4.0,0.76,12.0,0,0,35,2,56723.89470447867,141,2,Female,20-39
98721,21.0,24.0,17.0,4.2,0.73,12.0,0,0,55,2,30402.77468215357,147,1,Female,40-59
98722,15.0,16.0,27.0,3.3,0.75,11.0,0,0,57,2,35060.386042510756,145,1,Female,40-59
98724,34.0,20.0,33.0,4.0,0.65,19.0,0,0,22,1,46653.94366119165,135,1,Male,20-39
98725,53.0,31.0,70.0,4.7,1.1,11.0,0,0,68,1,6517.176183161112,148,2,Male,60-79
98726,25.0,27.0,20.0,4.3,1.15,22.0,0,0,38,1,169316.65493835774,138,1,Male,20-39
98728,18.0,22.0,11.0,4.1,0.8,15.0,0,0,41,1,14647.131487727114,136,1,Male,40-59
98729,7.0,22.0,23.0,4.0,0.9,10.0,0,0,30,2,33155.24333973095,140,2,Female,20-39
98732,17.0,16.0,321.0,3.8,6.19,24.0,0,0,66,1,23704.38988230744,138,1,Male,60-79
98733,17.0,14.0,14.0,4.2,0.56,10.0,0,0,36,2,77419.30356179558,147,1,Female,20-39
98734,39.0,25.0,43.0,4.0,1.08,13.0,0,0,32,1,65063.040713343005,143,2,Male,20-39
98740,25.0,22.0,27.0,4.5,1.22,10.0,0,0,31,1,17055.9336875447,138,1,Male,20-39
98741,6.0,16.0,9.0,3.0,0.78,12.0,0,0,64,2,48480.155766495336,146,2,Female,60-79
98742,10.0,19.0,21.0,3.2,1.19,28.0,0,0,80,2,22029.369326342352,144,2,Female,80+
98743,15.0,18.0,17.0,4.0,1.04,23.0,0,0,61,1,12522.258300101685,138,2,Male,60-79
98744,20.0,20.0,31.0,4.1,0.74,13.0,0,0,64,2,15982.84678895467,134,2,Female,60-79
98745,10.0,14.0,14.0,3.8,0.84,13.0,0,0,60,2,9429.518046925043,139,1,Female,60-79
98746,14.0,26.0,26.0,4.2,1.04,10.0,0,0,60,2,26589.97548852472,147,2,Female,60-79
98747,10.0,14.0,26.0,4.0,1.05,6.0,0,0,21,1,43906.09470448557,143,2,Male,20-39
98748,9.0,18.0,18.0,3.9,1.11,13.0,0,0,50,1,45592.43285689528,143,2,Male,40-59
98749,24.0,26.0,21.0,5.0,0.81,9.0,0,0,37,1,30650.33222176308,145,1,Male,20-39
98751,25.0,22.0,27.0,4.7,0.89,9.0,0,0,42,1,23947.943850355987,138,1,Male,40-59
98752,17.0,15.0,29.0,4.0,1.22,16.0,0,0,68,1,9133.022966347025,146,2,Male,60-79
98755,25.0,26.0,12.0,4.0,0.61,12.0,0,0,68,2,34066.15665675885,139,2,Female,60-79
98756,9.0,17.0,10.0,3.7,2.0,33.0,0,0,80,1,20129.656099277352,139,2,Male,80+
98757,14.0,17.0,56.0,4.5,0.8,14.0,0,0,41,1,154923.39385791493,135,1,Male,40-59
98759,13.0,14.0,12.0,4.4,0.55,16.0,0,0,80,1,16012.357815955116,148,1,Male,80+
98762,31.0,21.0,19.0,4.0,0.91,21.0,0,0,28,1,66979.10397601215,146,1,Male,20-39
98763,,,,,,,,,51,2,23083.1321789661,148,1,Female,40-59
98767,16.0,23.0,14.0,4.4,0.78,10.0,0,0,63,2,15081.430678590896,137,1,Female,60-79
98768,8.0,17.0,8.0,4.2,1.1,26.0,0,0,76,2,23020.96976147441,135,2,Female,60-79
98769,35.0,22.0,30.0,4.5,0.95,12.0,0,0,41,1,23854.663586904866,138,2,Male,40-59
98770,10.0,14.0,28.0,3.6,0.71,9.0,0,0,46,2,23397.779968881503,146,2,Female,40-59
98772,13.0,12.0,60.0,3.3,0.78,8.0,0,0,59,1,33420.90168466846,143,2,Male,40-59
98775,21.0,19.0,17.0,4.2,0.86,18.0,0,0,26,1,19404.0230307659,141,1,Male,20-39
98776,9.0,16.0,13.0,4.3,0.78,11.0,0,0,45,2,23694.902101113363,142,1,Female,40-59
98778,13.0,15.0,14.0,4.2,0.84,18.0,0,0,42,1,14726.629248212506,148,1,Male,40-59
98780,41.0,23.0,67.0,4.2,1.02,15.0,0,0,45,1,41722.4774483799,136,2,Male,40-59
98781,14.0,18.0,20.0,4.1,0.83,11.0,0,0,55,2,39350.1194942164,143,2,Female,40-59
98782,11.0,20.0,14.0,3.5,0.69,10.0,0,0,43,2,17853.89236968275,147,1,Female,40-59
98783,27.0,16.0,78.0,3.8,0.92,13.0,0,0,40,2,35094.3843642458,139,2,Female,40-59
98784,14.0,15.0,8.0,4.3,0.68,5.0,0,0,25,2,83224.22956079914,140,1,Female,20-39
98788,10.0,13.0,15.0,4.0,0.57,10.0,0,0,20,2,37643.375765621895,138,2,Female,20-39
98789,14.0,20.0,13.0,4.3,0.68,17.0,0,0,53,2,27196.053314946384,134,1,Female,40-59
98790,21.0,18.0,73.0,4.0,0.95,12.0,0,0,44,1,34079.42857222292,142,2,Male,40-59
98791,30.0,29.0,14.0,4.3,0.85,8.0,0,0,54,1,256727.44045737726,146,1,Male,40-59
98793,25.0,31.0,19.0,4.2,0.57,17.0,0,0,46,2,12677.001511328093,143,1,Female,40-59
98796,7.0,10.0,7.0,3.9,0.69,11.0,0,0,21,2,36513.47717353042,144,1,Female,20-39
98797,32.0,23.0,36.0,4.6,0.68,14.0,0,0,55,2,99848.13773648403,146,1,Female,40-59
98799,14.0,14.0,19.0,3.8,0.66,7.0,0,0,32,2,111536.49407297617,141,2,Female,20-39
98803,40.0,27.0,31.0,4.2,0.8,15.0,0,0,45,1,49310.57806281321,146,2,Male,40-59
98804,24.0,19.0,35.0,4.2,0.72,11.0,0,0,39,2,28349.764120434487,138,1,Female,20-39
98806,10.0,10.0,18.0,3.6,0.51,17.0,0,0,72,2,15563.176394178856,141,2,Female,60-79
98807,13.0,15.0,16.0,4.1,0.83,13.0,0,0,29,2,24272.57612564978,148,2,Female,20-39
98810,9.0,14.0,38.0,3.5,0.78,7.0,0,0,55,2,30022.966584899455,143,2,Female,40-59
98812,24.0,22.0,21.0,4.1,0.57,6.0,0,0,31,2,27332.069788138997,137,1,Female,20-39
98813,19.0,24.0,15.0,3.9,1.13,11.0,0,0,67,1,12817.77826161572,134,2,Male,60-79
98814,82.0,47.0,52.0,4.5,0.67,14.0,0,0,69,1,10455.297275270288,148,1,Male,60-79
98815,23.0,23.0,174.0,3.4,0.71,9.0,0,0,75,2,103246.1044598127,142,2,Female,60-79
98817,19.0,17.0,10.0,3.9,0.61,13.0,0,0,21,2,83135.33025954299,139,1,Female,20-39
98819,20.0,29.0,46.0,4.1,0.7,16.0,0,0,58,2,45204.793981014634,147,2,Female,40-59
98820,17.0,23.0,24.0,4.1,0.96,19.0,0,0,63,1,31604.630606653045,142,1,Male,60-79
98821,11.0,14.0,7.0,4.0,0.67,8.0,0,0,35,2,135954.26409467377,143,2,Female,20-39
98822,30.0,22.0,20.0,4.4,1.02,10.0,0,0,39,1,66568.2739181378,147,2,Male,20-39
98823,56.0,49.0,85.0,4.0,0.45,6.0,0,0,51,2,14405.91190361313,134,1,Female,40-59
98824,56.0,33.0,31.0,3.9,0.85,9.0,0,0,24,1,40866.28189725811,142,2,Male,20-39
98827,11.0,18.0,12.0,4.2,0.79,14.0,0,0,80,2,52995.48758390301,136,1,Female,80+
98828,8.0,14.0,12.0,3.8,0.75,7.0,0,0,29,2,21284.50110741244,145,1,Female,20-39
98830,26.0,19.0,35.0,4.2,1.06,12.0,0,0,66,1,33244.73491280238,143,2,Male,60-79
98832,13.0,14.0,14.0,4.5,0.89,11.0,0,0,48,2,18700.160886837715,145,1,Female,40-59
98833,9.0,18.0,14.0,3.9,1.01,12.0,0,0,75,2,32773.157518327425,140,1,Female,60-79
98834,8.0,21.0,46.0,4.0,0.54,8.0,0,0,55,2,34288.935361547075,140,1,Female,40-59
98837,20.0,26.0,18.0,3.5,2.22,30.0,0,0,80,1,11145.641076219586,140,2,Male,80+
98838,14.0,20.0,12.0,3.8,0.84,10.0,0,0,70,2,68916.29601612869,140,1,Female,60-79
98839,,,,,,,,,32,2,20877.385786479022,139,1,Female,20-39
98840,21.0,19.0,13.0,3.7,0.84,9.0,0,0,50,2,35897.01126870141,136,1,Female,40-59
98842,25.0,20.0,45.0,4.7,0.99,24.0,0,0,79,1,100137.64281097607,136,1,Male,60-79
98843,12.0,19.0,14.0,4.2,0.76,9.0,0,0,56,1,101151.90252558056,145,2,Male,40-59
98844,23.0,32.0,42.0,4.4,1.41,11.0,0,0,76,1,10812.039816066903,147,1,Male,60-79
98845,20.0,16.0,16.0,3.8,0.61,11.0,0,0,50,2,13746.990710174045,142,2,Female,40-59
98846,31.0,18.0,76.0,3.6,0.7,9.0,0,0,47,2,24964.9156546779,137,2,Female,40-59
98847,33.0,24.0,48.0,3.9,1.02,22.0,0,0,52,1,23162.568925102507,142,2,Male,40-59
98848,28.0,19.0,21.0,3.6,0.73,16.0,0,0,78,2,14236.450242657476,148,1,Female,60-79
98851,11.0,16.0,19.0,4.2,0.73,15.0,0,0,23,2,85273.81658795441,141,2,Female,20-39
98853,17.0,18.0,43.0,3.8,0.84,16.0,0,0,73,1,65359.71547706128,142,1,Male,60-79
98854,25.0,21.0,28.0,4.2,0.86,13.0,0,0,22,1,26169.31240868714,148,1,Male,20-39
98857,19.0,19.0,16.0,4.2,0.93,14.0,0,0,58,1,10828.593598874697,138,2,Male,40-59
98858,,,,,,,,,65,2,4851.45430700464,148,2,Female,60-79
98864,8.0,18.0,29.0,4.5,1.29,22.0,0,0,62,1,4781.445750756822,148,2,Male,60-79
98865,14.0,20.0,17.0,4.2,1.09,11.0,0,0,36,1,115343.09617199238,145,2,Male,20-39
98867,20.0,33.0,52.0,4.4,0.95,14.0,0,0,60,1,15536.092136323921,134,2,Male,60-79
98868,22.0,26.0,22.0,4.4,1.15,13.0,0,0,20,1,21801.100077745396,147,1,Male,20-39
98869,10.0,15.0,15.0,4.0,0.89,15.0,0,0,75,1,10570.219970384393,138,2,Male,60-79
98870,,,,,,,,,24,2,83605.41727201956,141,2,Female,20-39
98872,13.0,16.0,23.0,4.0,1.06,10.0,0,0,44,2,37822.73288183659,143,2,Female,40-59
98876,14.0,17.0,34.0,3.9,0.91,14.0,0,0,22,1,26619.46379007317,144,1,Male,20-39
98877,43.0,30.0,75.0,4.3,0.96,13.0,0,0,39,1,35129.994418408285,136,1,Male,20-39
98878,21.0,21.0,16.0,4.5,0.86,16.0,0,0,42,2,22516.1563025665,136,2,Female,40-59
98880,,,,,,,,,48,1,37402.25939611138,136,2,Male,40-59
98884,24.0,24.0,22.0,4.4,0.83,15.0,0,0,76,1,90241.50602666328,140,1,Male,60-79
98891,23.0,24.0,54.0,3.7,0.77,14.0,0,0,53,2,31641.406847234917,134,1,Female,40-59
98892,108.0,97.0,95.0,4.4,0.71,13.0,0,0,55,1,407800.803407575,135,1,Male,40-59
98893,21.0,22.0,18.0,3.8,0.91,22.0,0,0,69,1,10992.348236050731,138,2,Male,60-79
98894,96.0,57.0,176.0,4.2,1.11,11.0,0,0,35,1,40117.05965639535,138,1,Male,20-39
98895,30.0,23.0,34.0,4.0,1.03,10.0,0,0,38,1,33152.57115634165,146,2,Male,20-39
98898,15.0,17.0,15.0,4.0,1.07,18.0,0,0,80,1,51475.179988299176,141,1,Male,80+
98899,14.0,16.0,14.0,4.3,0.77,14.0,0,0,66,2,66507.84106756627,135,1,Female,60-79
98900,24.0,23.0,28.0,4.3,0.96,12.0,0,0,36,1,123761.50019108603,141,2,Male,20-39
98901,15.0,38.0,41.0,3.7,2.44,29.0,0,0,65,1,7609.1560880066545,147,1,Male,60-79
98902,17.0,19.0,19.0,4.4,0.56,11.0,0,0,56,2,15526.40932492467,148,1,Female,40-59
98903,22.0,20.0,17.0,3.9,0.71,19.0,0,0,73,2,35026.21522824583,137,1,Female,60-79
98904,12.0,19.0,13.0,4.0,0.64,15.0,0,0,51,2,416873.5383785075,144,2,Female,40-59
98905,21.0,20.0,23.0,3.6,0.84,11.0,0,0,63,1,21449.75138872286,147,2,Male,60-79
98906,17.0,19.0,18.0,4.6,0.79,14.0,0,0,33,1,27244.558376238427,141,2,Male,20-39
98907,16.0,19.0,18.0,4.4,1.09,20.0,0,0,56,1,32455.596105710632,147,2,Male,40-59
98909,17.0,17.0,22.0,4.0,0.73,19.0,0,0,68,1,22380.661475583638,137,2,Male,60-79
98910,9.0,21.0,16.0,4.6,1.04,10.0,0,0,22,1,30006.421675721765,141,1,Male,20-39
98912,,,,,,,,,37,1,35470.721280308426,146,2,Male,20-39
98914,23.0,22.0,14.0,3.9,0.79,20.0,0,0,63,2,89218.8921123399,145,1,Female,60-79
98916,16.0,20.0,23.0,4.3,1.05,17.0,0,0,67,1,7293.941216955188,147,1,Male,60-79
98917,32.0,28.0,19.0,4.7,0.84,19.0,0,0,56,2,115017.82520745671,142,1,Female,40-59
98918,11.0,18.0,15.0,4.4,0.82,10.0,0,0,24,1,24664.88916396786,145,1,Male,20-39
98920,18.0,16.0,13.0,4.5,0.81,9.0,0,0,23,1,43086.007822996435,139,2,Male,20-39
98921,47.0,28.0,52.0,4.1,0.64,13.0,0,0,26,2,98614.29470167744,147,1,Female,20-39
98922,13.0,16.0,11.0,4.1,1.01,16.0,0,0,80,1,41610.35013256209,136,2,Male,80+
98923,14.0,17.0,35.0,3.7,0.8,10.0,0,0,48,2,11939.876345099397,145,2,Female,40-59
98924,37.0,35.0,61.0,4.5,0.63,13.0,0,0,60,1,9360.174491780681,140,1,Male,60-79
98925,39.0,28.0,21.0,3.8,0.55,12.0,0,0,21,2,47206.96498490212,136,2,Female,20-39
98926,16.0,19.0,18.0,4.4,0.5,14.0,0,0,48,2,18930.065720768736,138,1,Female,40-59
98928,15.0,14.0,20.0,3.2,0.54,16.0,0,0,64,1,7463.083329245795,148,2,Male,60-79
98929,22.0,17.0,20.0,4.2,0.96,20.0,0,0,62,1,16791.432084108357,148,1,Male,60-79
98931,24.0,26.0,11.0,4.3,0.9,13.0,0,0,68,2,18947.172906832995,143,1,Female,60-79
98932,58.0,36.0,39.0,4.3,0.79,13.0,0,0,45,1,27132.39751833086,148,2,Male,40-59
98933,11.0,13.0,57.0,4.0,0.68,13.0,0,0,46,2,106964.9427844101,141,1,Female,40-59
98934,22.0,19.0,20.0,3.4,1.61,35.0,0,0,80,2,47298.04633751157,138,2,Female,80+
98935,17.0,25.0,27.0,4.1,0.98,14.0,0,0,25,1,54886.8181179087,138,1,Male,20-39
98936,98.0,107.0,1192.0,3.9,0.93,15.0,0,0,27,1,41044.13489402432,146,1,Male,20-39
98940,20.0,17.0,23.0,4.1,0.7,15.0,0,0,64,2,16661.1616176421,148,2,Female,60-79
98941,19.0,20.0,15.0,4.3,0.57,15.0,0,0,59,2,12348.397234539545,148,2,Female,40-59
98944,25.0,19.0,25.0,4.2,0.92,11.0,0,0,27,1,49678.477788204014,140,1,Male,20-39
98945,49.0,28.0,41.0,4.0,1.11,14.0,0,0,43,1,25708.375059587295,142,1,Male,40-59
98946,,,,,,,,,65,2,60764.514554923815,145,2,Female,60-79
98947,,,,,,,,,48,1,12017.35895709155,144,2,Male,40-59
98948,86.0,54.0,212.0,4.2,0.9,16.0,0,0,33,1,196474.7140152814,136,1,Male,20-39
98951,22.0,16.0,56.0,2.4,1.26,26.0,0,0,52,2,25624.209446323217,143,2,Female,40-59
98952,115.0,52.0,106.0,4.3,0.61,11.0,0,0,24,1,23445.828883898248,142,2,Male,20-39
98955,,,,,,,,,21,1,59653.758330517616,142,1,Male,20-39
98957,27.0,23.0,48.0,3.9,1.2,31.0,0,0,74,1,16879.032260182124,141,2,Male,60-79
98958,11.0,15.0,7.0,4.6,0.57,12.0,0,0,23,2,77634.25717681415,141,2,Female,20-39
98959,28.0,28.0,42.0,4.6,0.81,14.0,0,0,75,1,14172.373851491104,141,2,Male,60-79
98960,24.0,14.0,39.0,4.2,0.83,13.0,0,0,35,1,65028.14622239322,140,1,Male,20-39
98961,14.0,19.0,47.0,3.7,1.03,32.0,0,0,77,2,24083.679519503698,148,1,Female,60-79
98964,8.0,14.0,33.0,3.9,1.05,12.0,0,0,80,1,11199.315841769856,147,1,Male,80+
98965,14.0,9.0,29.0,3.6,0.59,13.0,0,0,67,2,6074.109343446805,148,2,Female,60-79
98966,64.0,43.0,121.0,4.4,0.73,15.0,0,0,68,2,19908.15940075527,148,1,Female,60-79
98968,90.0,43.0,79.0,4.3,0.87,17.0,0,0,33,1,86120.63307292887,142,1,Male,20-39
98971,42.0,36.0,27.0,3.7,0.98,10.0,0,0,28,2,17967.375720646683,145,2,Female,20-39
98972,12.0,17.0,10.0,3.8,0.66,16.0,0,0,67,2,33193.91103089297,142,2,Female,60-79
98976,,,,,,,,,57,2,12617.124477072051,148,2,Female,40-59
98977,,,,,,,,,67,2,9840.837778509513,141,2,Female,60-79
98980,37.0,35.0,48.0,3.8,0.81,14.0,0,0,54,1,53278.90830990466,136,1,Male,40-59
98981,10.0,18.0,12.0,4.9,0.83,9.0,0,0,31,1,25430.041089328955,144,1,Male,20-39
98982,13.0,18.0,19.0,3.7,0.94,11.0,0,0,25,2,20753.44416918632,140,2,Female,20-39
98983,18.0,24.0,36.0,4.4,0.94,26.0,0,0,57,1,32833.93795594415,145,2,Male,40-59
98985,11.0,19.0,9.0,4.3,0.68,13.0,0,0,31,2,17088.895220862152,142,1,Female,20-39
98988,19.0,15.0,22.0,3.4,0.46,17.0,0,0,59,2,21658.431040985048,137,2,Female,40-59
98989,13.0,17.0,16.0,3.6,1.25,31.0,0,0,76,2,28003.391916668617,139,2,Female,60-79
98990,20.0,39.0,12.0,3.9,1.05,21.0,0,0,64,1,29880.61865579903,143,2,Male,60-79
98992,34.0,28.0,41.0,4.3,1.18,20.0,0,0,56,1,38761.265329935726,144,2,Male,40-59
98994,32.0,24.0,31.0,4.4,0.92,19.0,0,0,30,1,30542.40576445615,137,1,Male,20-39
98995,17.0,19.0,11.0,4.5,0.8,14.0,0,0,55,2,19424.848286426106,140,1,Female,40-59
98996,8.0,23.0,23.0,4.2,0.88,14.0,0,0,69,2,11867.610791178897,139,1,Female,60-79
98997,50.0,26.0,49.0,4.3,0.92,11.0,0,0,73,1,13905.99403700042,134,2,Male,60-79
98998,8.0,15.0,20.0,3.7,0.85,16.0,0,0,51,2,17914.014418660674,144,2,Female,40-59
99001,11.0,17.0,30.0,3.9,1.0,17.0,0,0,37,1,27255.51607309801,143,2,Male,20-39
99002,39.0,35.0,96.0,3.9,1.42,32.0,0,0,73,1,19124.580308031993,136,1,Male,60-79
99005,20.0,22.0,40.0,3.9,0.81,9.0,0,0,26,2,45651.75801343754,139,1,Female,20-39
99007,16.0,39.0,11.0,4.7,0.61,16.0,0,0,26,1,51859.77537340206,142,1,Male,20-39
99009,10.0,17.0,10.0,4.1,0.75,11.0,0,0,38,2,34478.462588816634,139,2,Female,20-39
99011,10.0,16.0,11.0,4.0,0.92,16.0,0,0,77,1,13173.995963155976,145,1,Male,60-79
99012,59.0,51.0,165.0,4.3,0.68,14.0,0,0,51,2,25100.69115341263,134,1,Female,40-59
99014,34.0,22.0,25.0,4.2,0.88,13.0,0,0,68,1,169187.24626502828,137,1,Male,60-79
99016,19.0,15.0,15.0,4.5,0.94,22.0,0,0,36,1,91159.20599118338,134,1,Male,20-39
99018,34.0,27.0,33.0,4.0,0.9,14.0,0,0,68,2,24731.000147523508,139,2,Female,60-79
99019,15.0,17.0,14.0,3.6,0.68,10.0,0,0,41,2,48020.370514581584,135,1,Female,40-59
99023,16.0,15.0,21.0,4.4,0.93,13.0,0,0,32,1,282808.7470779319,144,2,Male,20-39
99024,16.0,21.0,8.0,4.0,0.82,22.0,0,0,38,2,13376.020162502607,145,2,Female,20-39
99025,13.0,20.0,10.0,3.7,0.7,10.0,0,0,45,2,207632.2170683533,138,2,Female,40-59
99026,9.0,12.0,18.0,4.1,0.64,20.0,0,0,75,2,13912.232448709834,148,1,Female,60-79
99028,8.0,11.0,18.0,3.7,1.01,11.0,0,0,42,2,32457.5676597562,143,2,Female,40-59
99029,58.0,44.0,105.0,4.4,0.75,7.0,0,0,46,1,33896.73027362073,144,1,Male,40-59
99033,15.0,14.0,26.0,4.2,0.88,14.0,0,0,56,1,81145.36247633545,145,2,Male,40-59
99036,24.0,19.0,28.0,4.1,1.19,17.0,0,0,44,1,21184.576597002946,142,1,Male,40-59
99038,9.0,13.0,23.0,3.8,0.82,9.0,0,0,27,2,23047.058254656986,144,1,Female,20-39
99042,13.0,17.0,30.0,4.8,1.5,21.0,0,0,63,1,12065.937113576163,138,1,Male,60-79
99044,12.0,17.0,15.0,4.1,0.67,12.0,0,0,71,2,36616.8802674014,146,1,Female,60-79
99047,16.0,20.0,14.0,4.2,0.83,19.0,0,0,80,2,29357.068681597615,142,1,Female,80+
99056,22.0,39.0,149.0,3.8,2.15,45.0,0,0,80,2,15189.324324190053,139,2,Female,80+
99057,16.0,18.0,59.0,3.9,0.87,13.0,0,0,61,1,11200.590019325693,134,2,Male,60-79
99058,15.0,18.0,44.0,4.0,0.52,10.0,0,0,64,2,13791.108700807248,148,1,Female,60-79
99060,29.0,15.0,41.0,3.7,0.84,22.0,0,0,55,1,109691.14780520783,142,1,Male,40-59
99062,105.0,74.0,69.0,4.4,0.66,16.0,0,0,29,2,46498.54943093096,144,2,Female,20-39
99063,10.0,16.0,15.0,4.0,1.09,16.0,0,0,41,1,22926.610339725663,140,2,Male,40-59
99064,26.0,22.0,30.0,4.0,0.9,9.0,0,0,60,2,36375.74474101475,135,2,Female,60-79
99067,20.0,20.0,9.0,4.5,0.91,17.0,0,0,39,1,47659.91086489895,142,1,Male,20-39
99068,15.0,18.0,20.0,3.1,1.5,15.0,0,0,76,1,9786.374964154902,142,2,Male,60-79
99069,14.0,16.0,22.0,3.7,0.95,24.0,0,0,80,2,14744.680752585537,147,1,Female,80+
99070,18.0,33.0,25.0,3.5,1.12,9.0,0,0,70,1,8301.265093477,147,1,Male,60-79
99074,21.0,18.0,19.0,3.6,1.06,11.0,0,0,67,1,14025.501242267177,148,2,Male,60-79
99081,14.0,19.0,18.0,3.7,0.67,15.0,0,0,59,1,17770.344640434778,147,1,Male,40-59
99083,7.0,13.0,12.0,3.4,0.81,12.0,0,0,78,1,43848.82800354019,143,2,Male,60-79
99084,10.0,16.0,6.0,3.5,0.81,11.0,0,0,80,2,34981.82383636457,140,1,Female,80+
99087,,,,,,,,,66,1,6964.950346832928,137,2,Male,60-79
99089,14.0,14.0,21.0,4.0,0.74,8.0,0,0,25,2,28801.635899811212,144,1,Female,20-39
99095,17.0,15.0,16.0,3.9,0.54,10.0,0,0,47,2,12541.182986282322,148,2,Female,40-59
99098,27.0,18.0,43.0,4.2,0.55,11.0,0,0,39,2,15599.154804683252,148,1,Female,20-39
99099,10.0,10.0,15.0,3.0,0.74,18.0,0,0,45,2,14190.513922509195,137,2,Female,40-59
99100,15.0,15.0,13.0,4.3,0.98,23.0,0,0,75,1,9399.508736215776,145,1,Male,60-79
99101,16.0,25.0,12.0,4.4,0.81,10.0,0,0,80,2,16009.091968630679,135,2,Female,80+
99102,8.0,18.0,31.0,4.4,0.85,13.0,0,0,50,1,18125.1196614806,147,1,Male,40-59
99103,75.0,35.0,105.0,4.3,0.99,11.0,0,0,39,1,18660.753470959666,143,2,Male,20-39
99104,27.0,29.0,26.0,4.1,0.94,17.0,0,0,63,2,154220.76287430862,147,2,Female,60-79
99105,15.0,16.0,17.0,4.2,0.72,13.0,0,0,39,2,20365.160538144224,138,2,Female,20-39
99108,57.0,67.0,116.0,4.4,0.64,8.0,0,0,51,1,35513.67161938204,143,2,Male,40-59
99110,16.0,19.0,13.0,4.2,0.59,12.0,0,0,20,2,50185.655926500556,146,1,Female,20-39
99111,42.0,72.0,216.0,3.6,0.79,10.0,0,0,48,2,14098.740098066864,145,2,Female,40-59
99114,34.0,22.0,61.0,3.9,0.75,16.0,0,0,41,1,31054.306048993374,147,2,Male,40-59
99116,21.0,22.0,49.0,4.2,0.6,14.0,0,0,53,2,11872.884744761996,148,1,Female,40-59
99117,11.0,14.0,12.0,4.2,0.82,18.0,0,0,72,2,13134.689230572276,146,2,Female,60-79
99121,10.0,10.0,17.0,4.1,0.86,16.0,0,0,20,2,21057.399469595704,148,2,Female,20-39
99123,,,,,,,,,29,1,21459.835313862437,138,2,Male,20-39
99125,10.0,15.0,23.0,4.2,0.72,9.0,0,0,20,2,29820.397047817205,138,2,Female,20-39
99127,15.0,15.0,12.0,3.9,0.53,8.0,0,0,67,2,18855.28810151586,145,2,Female,60-79
99128,22.0,38.0,35.0,4.3,1.06,8.0,0,0,36,1,44699.182128447974,134,2,Male,20-39
99130,,,,,,,,,59,1,43702.63623998931,148,2,Male,40-59
99131,23.0,15.0,38.0,3.9,0.66,12.0,0,0,56,2,36376.86776749328,135,1,Female,40-59
99133,22.0,28.0,51.0,3.8,0.79,15.0,0,0,74,1,39692.57337057876,145,1,Male,60-79
99134,9.0,15.0,17.0,3.8,0.94,13.0,0,0,71,1,6519.191029146114,137,2,Male,60-79
99136,19.0,21.0,15.0,3.0,1.15,13.0,0,0,40,1,19952.565195616564,145,1,Male,40-59
99138,12.0,18.0,9.0,3.9,0.88,6.0,0,0,31,1,24879.791383547934,145,2,Male,20-39
99140,20.0,20.0,27.0,4.3,0.75,13.0,0,0,62,2,7000.242597609837,144,1,Female,60-79
99144,7.0,10.0,20.0,3.9,0.81,15.0,0,0,78,2,37680.81077845435,141,1,Female,60-79
99148,9.0,16.0,21.0,3.3,0.64,12.0,0,0,78,2,44263.456861892504,135,1,Female,60-79
99151,10.0,14.0,11.0,4.2,0.8,16.0,0,0,22,2,12288.804147308452,143,2,Female,20-39
99152,12.0,15.0,19.0,3.8,0.8,15.0,0,0,72,2,46022.68956246184,141,2,Female,60-79
99153,15.0,20.0,8.0,4.4,0.75,14.0,0,0,53,2,30671.70055979904,135,1,Female,40-59
99154,33.0,21.0,33.0,4.3,0.92,14.0,0,0,24,1,10288.5910511096,140,2,Male,20-39
99155,8.0,14.0,29.0,4.3,0.91,9.0,0,0,28,1,16293.005645888277,145,2,Male,20-39
99156,21.0,24.0,65.0,3.8,0.55,22.0,0,0,61,1,6583.712950678655,141,2,Male,60-79
99157,11.0,14.0,13.0,3.7,0.67,14.0,0,0,62,2,12710.676389700477,148,2,Female,60-79
99159,31.0,32.0,33.0,4.4,0.63,12.0,0,0,57,2,197924.02694656054,136,2,Female,40-59
99160,8.0,13.0,19.0,3.8,0.76,11.0,0,0,43,2,22832.665179469837,143,1,Female,40-59
99167,11.0,20.0,10.0,3.7,0.74,10.0,0,0,50,2,12189.890359081859,144,1,Female,40-59
99168,12.0,15.0,19.0,4.0,0.42,11.0,0,0,40,2,45890.11173494079,134,1,Female,40-59
99169,15.0,18.0,19.0,3.9,1.16,13.0,0,0,60,1,14814.669886081336,147,2,Male,60-79
99171,33.0,23.0,37.0,4.5,0.91,17.0,0,0,37,1,66537.55522260288,137,1,Male,20-39
99172,78.0,99.0,123.0,3.1,0.95,11.0,0,0,68,1,15363.42239485504,147,2,Male,60-79
99174,21.0,20.0,31.0,4.0,0.89,21.0,0,0,65,2,10943.248279530639,135,2,Female,60-79
99175,12.0,24.0,13.0,4.4,1.23,21.0,0,0,69,1,17202.89791068178,136,1,Male,60-79
99176,16.0,15.0,44.0,4.6,0.61,11.0,0,0,63,2,13194.467160508095,148,1,Female,60-79
99178,19.0,26.0,17.0,2.8,5.12,64.0,0,0,68,1,5716.819888829035,140,2,Male,60-79
99179,7.0,9.0,42.0,4.0,0.95,19.0,0,0,80,2,23080.787864186652,137,1,Female,80+
99181,14.0,18.0,19.0,4.1,0.99,12.0,0,0,29,1,61036.835239548804,146,2,Male,20-39
99182,21.0,21.0,45.0,4.2,0.73,16.0,0,0,34,2,38135.99238119129,134,1,Female,20-39
99183,18.0,21.0,74.0,4.4,1.32,14.0,0,0,68,1,8410.476169515954,145,2,Male,60-79
99186,34.0,21.0,49.0,4.4,0.93,14.0,0,0,26,1,29346.7377488216,135,1,Male,20-39
99187,27.0,18.0,15.0,4.4,0.81,14.0,0,0,42,1,17905.740706817956,145,1,Male,40-59
99188,,,,,,,,,80,1,16455.946631005954,139,2,Male,80+
99190,16.0,18.0,18.0,4.2,0.74,10.0,0,0,53,2,25571.895392991235,136,2,Female,40-59
99191,14.0,20.0,13.0,3.8,0.97,17.0,0,0,80,2,41044.287896230584,142,2,Female,80+
99193,11.0,13.0,19.0,4.2,0.59,11.0,0,0,44,2,16822.657738815837,135,1,Female,40-59
99194,18.0,20.0,32.0,4.2,0.7,11.0,0,0,30,2,18012.812339594017,144,1,Female,20-39
99195,30.0,21.0,40.0,3.9,1.01,16.0,0,0,43,1,243429.27116422978,134,2,Male,40-59
99197,11.0,16.0,12.0,4.4,0.66,11.0,0,0,28,2,56490.637156580524,141,2,Female,20-39
99198,17.0,13.0,50.0,4.3,0.56,16.0,0,0,22,2,14980.186897624037,148,1,Female,20-39
99200,,,,,,,,,49,2,23363.38195594926,138,1,Female,40-59
99204,22.0,19.0,20.0,4.5,0.52,12.0,0,0,65,2,13908.32012245945,135,2,Female,60-79
99207,13.0,17.0,44.0,4.1,0.82,18.0,0,0,24,2,30473.891754175464,144,1,Female,20-39
99208,25.0,19.0,48.0,4.6,0.93,13.0,0,0,41,1,63494.97261993059,141,1,Male,40-59
99209,8.0,16.0,11.0,3.7,0.73,18.0,0,0,80,2,16019.45957818267,138,1,Female,80+
99210,47.0,44.0,21.0,3.7,1.21,20.0,0,0,71,1,12119.735200764711,140,1,Male,60-79
99212,16.0,25.0,13.0,4.3,0.88,10.0,0,0,33,1,47908.34619560755,144,2,Male,20-39
99220,7.0,16.0,22.0,4.0,0.63,10.0,0,0,78,2,17755.73712513087,145,2,Female,60-79
99222,,,,,,,,,66,2,9836.528869007525,146,2,Female,60-79
99224,13.0,29.0,31.0,3.6,0.66,12.0,0,0,46,2,15674.722115028693,141,1,Female,40-59
99226,11.0,13.0,14.0,4.0,0.71,9.0,0,0,47,2,35042.49721281266,137,1,Female,40-59
99227,37.0,24.0,56.0,4.3,0.7,12.0,0,0,52,1,15254.453181447632,143,2,Male,40-59
99230,12.0,17.0,17.0,3.9,0.94,16.0,0,0,61,2,6095.7714564376365,144,1,Female,60-79
99231,17.0,19.0,12.0,3.8,0.72,13.0,0,0,37,2,127772.45026173902,142,2,Female,20-39
99232,56.0,27.0,55.0,4.5,0.88,13.0,0,0,30,1,26065.66974694824,141,2,Male,20-39
99233,12.0,17.0,14.0,4.6,0.73,14.0,0,0,20,2,26451.87076015287,143,2,Female,20-39
99234,18.0,22.0,18.0,4.4,1.22,12.0,0,0,33,1,47000.325630942876,139,2,Male,20-39
99237,17.0,18.0,18.0,4.1,0.77,12.0,0,0,44,2,27294.93902902339,138,2,Female,40-59
99239,18.0,20.0,55.0,4.0,1.71,43.0,0,0,78,2,41018.8577727303,137,1,Female,60-79
99240,11.0,16.0,12.0,4.2,0.63,8.0,0,0,54,2,23811.33695524217,136,2,Female,40-59
99241,16.0,22.0,28.0,4.1,0.79,19.0,0,0,71,1,10240.12623907018,145,1,Male,60-79
99242,18.0,20.0,20.0,4.0,0.78,15.0,0,0,46,2,46828.44932463809,147,1,Female,40-59
99243,17.0,18.0,31.0,3.8,0.6,13.0,0,0,80,1,12890.852199753439,141,2,Male,80+
99246,8.0,14.0,17.0,3.7,0.9,10.0,0,0,39,2,32802.852331064445,147,2,Female,20-39
99247,19.0,19.0,13.0,4.4,1.02,12.0,0,0,23,1,45508.52508455818,146,2,Male,20-39
99248,,,,,,,,,66,1,11037.031195828406,141,1,Male,60-79
99251,26.0,21.0,11.0,4.5,1.04,16.0,0,0,45,1,332785.8662317737,137,2,Male,40-59
99255,11.0,13.0,22.0,3.7,0.87,15.0,0,0,56,2,26549.66749181429,144,2,Female,40-59
99256,26.0,16.0,14.0,3.8,1.18,26.0,0,0,69,1,5189.457307055565,142,2,Male,60-79
99257,18.0,19.0,14.0,3.4,0.68,9.0,0,0,49,2,40892.17594384581,141,2,Female,40-59
99258,29.0,23.0,19.0,4.2,1.06,17.0,0,0,49,1,27650.612110860402,144,1,Male,40-59
99259,13.0,20.0,11.0,4.1,0.68,11.0,0,0,80,2,16050.191057595744,136,2,Female,80+
99260,7.0,8.0,27.0,3.3,0.67,12.0,0,0,48,2,117784.46175797918,135,1,Female,40-59
99262,13.0,17.0,18.0,3.6,0.93,13.0,0,0,63,1,9185.040869372346,142,2,Male,60-79
99263,14.0,14.0,35.0,4.0,0.62,7.0,0,0,50,2,11282.29518866905,148,2,Female,40-59
99265,29.0,19.0,56.0,3.7,0.48,12.0,0,0,67,2,8905.146659428736,140,2,Female,60-79
99269,10.0,16.0,12.0,3.6,1.18,20.0,0,0,79,1,31503.777209025837,142,2,Male,60-79
99270,19.0,26.0,38.0,4.1,0.87,23.0,0,0,62,2,106182.7492528688,139,2,Female,60-79
99271,13.0,15.0,16.0,4.5,0.52,15.0,0,0,56,2,11864.273925914742,144,2,Female,40-59
99274,18.0,20.0,16.0,3.8,0.86,17.0,0,0,53,2,24867.264380397384,137,1,Female,40-59
99277,12.0,17.0,18.0,4.2,0.57,4.0,0,0,58,1,38079.494485257266,143,2,Male,40-59
99278,51.0,29.0,44.0,4.0,1.09,19.0,0,0,35,1,53681.89785722793,142,2,Male,20-39
99279,11.0,15.0,11.0,3.5,0.51,15.0,0,0,34,2,35520.37277178589,136,1,Female,20-39
99280,156.0,87.0,103.0,4.3,1.03,16.0,0,0,31,1,216728.35497933187,144,2,Male,20-39
99282,30.0,19.0,74.0,4.2,0.58,7.0,0,0,42,2,26880.96803997556,144,2,Female,40-59
99283,15.0,15.0,12.0,4.0,0.86,16.0,0,0,68,1,16790.887585239543,138,2,Male,60-79
99284,10.0,18.0,19.0,4.4,0.69,11.0,0,0,37,1,39865.61116422222,138,1,Male,20-39
99285,25.0,22.0,50.0,3.7,0.7,16.0,0,0,61,2,14798.222756902456,135,2,Female,60-79
99287,29.0,28.0,51.0,4.4,0.86,18.0,0,0,57,1,38482.77556885998,148,1,Male,40-59
99289,18.0,21.0,12.0,3.9,0.67,15.0,0,0,64,2,62405.10239012473,142,1,Female,60-79
99290,20.0,26.0,19.0,4.4,1.01,16.0,0,0,61,1,90138.72263664553,139,2,Male,60-79
99291,61.0,28.0,65.0,4.2,0.81,12.0,0,0,42,1,11676.652621943937,147,1,Male,40-59
99292,10.0,15.0,18.0,4.2,0.85,12.0,0,0,29,1,80084.21953755654,142,2,Male,20-39
99293,11.0,13.0,20.0,3.9,1.77,33.0,0,0,75,1,16743.697742665976,134,2,Male,60-79
99296,19.0,27.0,9.0,4.1,0.77,11.0,0,0,77,2,36155.39401578188,139,1,Female,60-79
99297,18.0,14.0,18.0,3.9,0.82,13.0,0,0,32,1,25738.565270537267,140,1,Male,20-39
99298,,,,,,,,,59,2,10611.906614288184,135,2,Female,40-59
99299,21.0,15.0,19.0,3.9,0.77,29.0,0,0,62,2,14969.626453525458,141,2,Female,60-79
99300,13.0,19.0,10.0,4.1,0.64,9.0,0,0,44,2,33731.595198509116,138,1,Female,40-59
99303,13.0,23.0,51.0,4.0,1.96,14.0,0,0,68,2,18561.062331793393,147,1,Female,60-79
99304,32.0,29.0,111.0,4.2,0.84,15.0,0,0,29,1,93077.3385952862,134,1,Male,20-39
99305,22.0,23.0,66.0,3.9,1.0,20.0,0,0,50,1,20627.2276433354,140,2,Male,40-59
99308,17.0,19.0,28.0,4.0,0.68,8.0,0,0,26,1,22671.944656789674,147,1,Male,20-39
99309,9.0,17.0,7.0,4.1,0.75,25.0,0,0,80,2,35679.80557892981,141,2,Female,80+
99310,14.0,17.0,17.0,3.5,0.69,20.0,0,0,74,2,12551.419104083117,148,2,Female,60-79
99311,20.0,20.0,59.0,3.9,0.83,17.0,0,0,80,1,60961.62348217897,144,1,Male,80+
99312,29.0,22.0,15.0,4.5,1.03,8.0,0,0,70,1,9341.255636326114,135,2,Male,60-79
99313,22.0,25.0,13.0,3.9,0.76,22.0,0,0,64,2,12020.121817557882,139,2,Female,60-79
99315,19.0,23.0,13.0,4.3,0.93,12.0,0,0,22,1,39493.40944380747,140,2,Male,20-39
99316,24.0,22.0,28.0,4.4,0.64,10.0,0,0,47,1,65890.48408021328,136,2,Male,40-59
99318,11.0,19.0,15.0,3.8,1.08,11.0,0,0,28,2,20311.661638605907,141,1,Female,20-39
99320,10.0,15.0,12.0,4.3,0.81,18.0,0,0,30,2,28378.27602342696,144,2,Female,20-39
99321,37.0,27.0,23.0,4.8,0.85,22.0,0,0,45,1,11422.15010671211,134,1,Male,40-59
99322,13.0,18.0,34.0,4.0,0.9,8.0,0,0,35,2,41007.86435842011,139,1,Female,20-39
99327,21.0,20.0,120.0,4.0,0.98,12.0,0,0,59,1,19141.19367835021,145,2,Male,40-59
99329,17.0,20.0,27.0,4.0,1.08,18.0,0,0,60,1,16859.66861395346,137,1,Male,60-79
99330,40.0,27.0,80.0,4.4,0.79,12.0,0,0,35,1,90173.99439182812,145,1,Male,20-39
99332,17.0,18.0,25.0,4.0,0.5,12.0,0,0,63,2,17734.618301871586,146,1,Female,60-79
99333,,,,,,,,,73,2,11360.817879637078,148,2,Female,60-79
99335,25.0,27.0,101.0,3.5,1.0,10.0,0,0,46,1,26815.61606600003,141,2,Male,40-59
99338,10.0,13.0,14.0,3.5,0.68,10.0,0,0,37,2,53728.42225066606,144,2,Female,20-39
99339,8.0,13.0,5.0,3.0,0.48,6.0,0,0,21,2,60795.26926804702,136,2,Female,20-39
99340,9.0,11.0,10.0,4.2,0.73,8.0,0,0,52,2,60312.82153242248,142,1,Female,40-59
99341,14.0,20.0,6.0,3.8,0.96,17.0,0,0,63,2,170220.75398267456,141,1,Female,60-79
99343,11.0,14.0,19.0,3.9,2.18,31.0,0,0,80,2,47596.71806596258,136,1,Female,80+
99344,22.0,20.0,24.0,4.4,0.9,12.0,0,0,45,1,18965.547000822502,138,2,Male,40-59
99345,42.0,34.0,41.0,4.3,0.76,11.0,0,0,52,1,17213.880379545408,144,2,Male,40-59
99346,9.0,16.0,12.0,4.3,1.0,11.0,0,0,26,1,27980.50029217674,137,2,Male,20-39
99348,11.0,15.0,10.0,3.7,0.76,14.0,0,0,80,2,25687.06334365011,139,2,Female,80+
99349,54.0,45.0,21.0,4.3,1.16,15.0,0,0,37,1,74572.86166057321,138,1,Male,20-39
99351,13.0,18.0,18.0,3.6,1.79,16.0,0,0,80,1,32083.948124477633,139,1,Male,80+
99353,10.0,15.0,28.0,3.8,0.8,11.0,0,0,30,2,35190.20838350729,144,1,Female,20-39
99358,18.0,20.0,21.0,4.3,1.02,15.0,0,0,43,1,22632.912330494786,134,2,Male,40-59
99359,23.0,14.0,16.0,3.6,0.8,18.0,0,0,37,2,21462.475001459177,138,2,Female,20-39
99361,11.0,11.0,16.0,4.0,1.11,12.0,0,0,34,1,92007.67289029727,142,1,Male,20-39
99364,28.0,26.0,30.0,4.0,0.73,14.0,0,0,52,1,20277.62344794664,137,2,Male,40-59
99366,13.0,14.0,29.0,3.5,0.58,7.0,0,0,47,2,46444.58732916766,143,2,Female,40-59
99370,18.0,16.0,45.0,3.6,0.88,19.0,0,0,48,2,12745.175087775322,144,1,Female,40-59
99372,26.0,24.0,9.0,3.9,0.96,15.0,0,0,67,2,251699.87079562145,147,2,Female,60-79
99374,17.0,15.0,14.0,4.2,0.6,8.0,0,0,60,2,33134.481428085506,137,2,Female,60-79
99376,17.0,16.0,63.0,4.0,1.29,16.0,0,0,53,1,20457.143429823172,147,1,Male,40-59
99377,15.0,17.0,96.0,3.6,0.73,23.0,0,0,80,2,27252.696003331963,134,2,Female,80+
99378,17.0,21.0,11.0,4.0,0.62,9.0,0,0,36,2,36224.45065043591,148,2,Female,20-39
99380,10.0,18.0,9.0,3.5,0.9,27.0,0,0,80,2,81444.14991339452,143,2,Female,80+
99381,13.0,19.0,17.0,3.5,0.65,14.0,0,0,80,2,21062.38943905068,138,2,Female,80+
99383,10.0,19.0,15.0,4.4,1.36,27.0,0,0,75,2,9320.54387746001,145,1,Female,60-79
99385,16.0,19.0,14.0,4.2,0.83,16.0,0,0,68,2,189142.30294891077,135,1,Female,60-79
99387,,,,,,,,,80,2,33401.16735172922,141,2,Female,80+
99388,20.0,18.0,15.0,3.8,0.68,14.0,0,0,55,2,17290.908971835048,145,2,Female,40-59
99389,18.0,14.0,29.0,3.6,0.6,10.0,0,0,59,2,145519.6123391161,137,2,Female,40-59
99390,8.0,13.0,8.0,3.9,0.8,13.0,0,0,41,2,28726.224618310425,147,1,Female,40-59
99391,,,,,,,,,72,1,18403.322733578236,144,2,Male,60-79
99392,,,,,,,,,48,2,38483.57071872065,144,1,Female,40-59
99393,19.0,19.0,23.0,4.3,1.0,15.0,0,0,70,1,15123.994241594153,145,1,Male,60-79
99394,14.0,20.0,19.0,4.6,1.04,14.0,0,0,20,1,15054.77117045377,147,1,Male,20-39
99396,36.0,23.0,42.0,3.9,0.56,11.0,0,0,22,2,31753.74585229734,144,2,Female,20-39
99400,13.0,19.0,13.0,3.9,0.56,11.0,0,0,26,2,40352.95217299723,135,1,Female,20-39
99401,10.0,21.0,10.0,4.2,0.74,11.0,0,0,22,2,20890.80158979772,135,2,Female,20-39
99402,24.0,18.0,31.0,4.0,1.26,13.0,0,0,60,1,9627.455683523522,139,1,Male,60-79
99404,11.0,16.0,8.0,4.1,0.6,13.0,0,0,34,2,83646.42062302885,146,2,Female,20-39
99405,38.0,28.0,27.0,4.1,1.07,21.0,0,0,54,1,52312.612661409796,142,2,Male,40-59
99407,17.0,19.0,15.0,4.0,0.8,11.0,0,0,49,2,19859.68300403279,144,1,Female,40-59
99410,14.0,18.0,13.0,3.5,0.57,8.0,0,0,52,2,13877.958143862135,143,2,Female,40-59
99412,18.0,20.0,32.0,4.2,1.02,14.0,0,0,70,1,10980.243619235602,147,1,Male,60-79
99415,53.0,39.0,46.0,4.0,0.72,16.0,0,0,73,2,35831.99654224145,136,1,Female,60-79
99416,48.0,49.0,31.0,4.2,1.03,18.0,0,0,45,1,96775.6462840563,144,2,Male,40-59
99418,14.0,17.0,19.0,3.9,0.9,16.0,0,0,61,2,27714.642353392046,140,2,Female,60-79
99419,61.0,39.0,312.0,4.4,0.98,13.0,0,0,46,1,17988.40146719644,136,2,Male,40-59
99420,26.0,23.0,28.0,4.4,0.88,20.0,0,0,51,2,26093.103852011423,144,1,Female,40-59
99421,23.0,23.0,25.0,3.9,0.87,17.0,0,0,61,1,6214.242375086312,144,1,Male,60-79
99422,27.0,29.0,23.0,3.9,0.93,14.0,0,0,57,1,16780.056817005778,137,1,Male,40-59
99424,6.0,14.0,22.0,4.0,1.27,9.0,0,0,54,1,16147.60423790875,145,1,Male,40-59
99425,33.0,31.0,43.0,3.7,0.84,6.0,0,0,57,2,13124.508911735238,140,1,Female,40-59
99427,16.0,12.0,16.0,3.7,0.89,13.0,0,0,45,2,24952.686033593203,145,1,Female,40-59
99429,,,,,,,,,62,2,9971.454486332288,147,2,Female,60-79
99430,51.0,21.0,34.0,3.7,0.89,16.0,0,0,36,1,79032.33466450064,142,2,Male,20-39
99431,,,,,,,,,48,2,15767.031055261103,144,1,Female,40-59
99434,,,,,,,,,34,1,15212.279210409491,138,2,Male,20-39
99435,15.0,23.0,19.0,4.9,0.98,16.0,0,0,20,1,54946.984121138514,146,1,Male,20-39
99436,158.0,124.0,305.0,4.1,0.63,10.0,0,0,22,2,22536.59955211861,147,2,Female,20-39
99437,12.0,21.0,11.0,4.2,1.24,31.0,0,0,80,2,53929.68332349794,137,2,Female,80+
99438,20.0,26.0,13.0,4.1,0.71,12.0,0,0,41,2,18894.202233020642,144,1,Female,40-59
99439,14.0,16.0,23.0,4.1,0.62,10.0,0,0,34,2,20757.615660258743,136,2,Female,20-39
99440,9.0,16.0,24.0,4.1,0.65,17.0,0,0,55,2,16693.864807083402,138,1,Female,40-59
99441,9.0,18.0,18.0,4.0,0.69,17.0,0,0,65,2,27935.32955809417,147,2,Female,60-79
99442,8.0,13.0,10.0,4.1,0.62,8.0,0,0,35,2,23906.36373071284,139,2,Female,20-39
99443,26.0,20.0,75.0,4.1,1.02,15.0,0,0,57,1,124884.45693850421,135,2,Male,40-59
99444,43.0,27.0,62.0,4.0,0.89,17.0,0,0,52,1,21988.97325964715,137,1,Male,40-59
99446,24.0,22.0,9.0,4.5,0.84,22.0,0,0,29,2,65200.46556191332,135,1,Female,20-39
99448,18.0,29.0,11.0,3.8,1.13,17.0,0,0,49,1,24500.754002262373,139,2,Male,40-59
99449,27.0,16.0,34.0,4.4,1.18,15.0,0,0,41,1,18529.796878040335,147,2,Male,40-59
99452,37.0,49.0,106.0,3.4,0.88,18.0,0,0,63,2,42251.317854226916,140,1,Female,60-79
99453,13.0,15.0,11.0,4.2,0.63,10.0,0,0,29,2,19340.522058911127,140,2,Female,20-39
99454,15.0,25.0,54.0,3.5,4.28,11.0,0,0,57,1,18549.631481991124,146,2,Male,40-59
99456,66.0,34.0,26.0,4.7,0.83,8.0,0,0,26,1,12351.870511449406,144,2,Male,20-39
99457,18.0,20.0,17.0,4.4,0.85,20.0,0,0,40,1,30546.16851947345,147,2,Male,40-59
99459,11.0,13.0,15.0,4.0,0.76,10.0,0,0,20,2,41076.72159565412,144,2,Female,20-39
99460,32.0,30.0,15.0,4.0,0.88,9.0,0,0,30,1,36260.22712152658,146,2,Male,20-39
99461,20.0,38.0,13.0,4.3,0.9,24.0,0,0,61,1,9971.037914931972,136,2,Male,60-79
99463,19.0,17.0,18.0,4.1,0.66,14.0,0,0,23,2,53906.58469974554,137,2,Female,20-39
99464,13.0,12.0,23.0,3.6,0.73,12.0,0,0,48,1,155778.33588923255,136,1,Male,40-59
99465,12.0,23.0,15.0,4.0,0.76,9.0,0,0,70,2,25323.083957698313,134,2,Female,60-79
99466,12.0,11.0,12.0,3.6,0.5,12.0,0,0,29,2,22591.711265182883,147,1,Female,20-39
99469,36.0,22.0,24.0,3.9,1.01,16.0,0,0,59,1,236419.3642399322,140,2,Male,40-59
99470,16.0,21.0,56.0,3.7,0.75,13.0,0,0,56,2,21913.208570481664,144,2,Female,40-59
99473,23.0,22.0,17.0,3.9,1.01,12.0,0,0,41,1,214086.93362587527,143,2,Male,40-59
99474,21.0,17.0,22.0,4.0,1.28,22.0,0,0,63,2,33134.481428085506,135,1,Female,60-79
99475,44.0,56.0,24.0,4.1,1.54,8.0,0,0,60,1,6718.396448505198,144,1,Male,60-79
99477,18.0,19.0,31.0,4.2,0.83,18.0,0,0,63,1,11284.22729765528,137,1,Male,60-79
99479,20.0,26.0,26.0,3.5,0.52,10.0,0,0,58,2,12760.378824906626,148,2,Female,40-59
99481,11.0,16.0,7.0,4.1,0.81,10.0,0,0,32,2,41688.9373505086,139,2,Female,20-39
99483,18.0,25.0,24.0,4.7,1.07,19.0,0,0,74,1,24906.691007971065,142,2,Male,60-79
99484,35.0,23.0,40.0,3.8,0.62,13.0,0,0,51,2,13689.446709524342,140,2,Female,40-59
99486,29.0,25.0,105.0,3.9,0.64,8.0,0,0,62,1,11022.31169835541,134,2,Male,60-79
99488,37.0,23.0,23.0,4.0,0.95,17.0,0,0,57,1,37792.245565417645,143,2,Male,40-59
99489,17.0,18.0,24.0,4.7,0.76,13.0,0,0,51,1,12266.247663969783,143,1,Male,40-59
99492,13.0,19.0,32.0,3.7,0.86,14.0,0,0,80,1,56868.90765695447,146,1,Male,80+
99494,14.0,17.0,20.0,3.6,0.65,15.0,0,0,46,2,14629.279361759456,137,2,Female,40-59
99495,8.0,13.0,12.0,4.2,0.63,9.0,0,0,43,2,83042.00790151171,138,1,Female,40-59
99496,16.0,18.0,65.0,4.0,0.59,11.0,0,0,43,2,21330.078016897776,144,2,Female,40-59
99497,27.0,21.0,61.0,4.0,0.65,14.0,0,0,56,2,27851.930984629566,135,2,Female,40-59
99498,22.0,23.0,16.0,4.4,0.78,15.0,0,0,32,1,18433.46626223132,136,2,Male,20-39
99499,33.0,24.0,33.0,4.0,1.04,15.0,0,0,70,1,27241.47092688905,134,2,Male,60-79
99500,16.0,18.0,22.0,4.3,1.0,20.0,0,0,61,1,14569.453569066407,135,2,Male,60-79
99501,18.0,23.0,24.0,4.1,0.84,17.0,0,0,78,2,14260.866046896597,134,1,Female,60-79
99503,22.0,20.0,56.0,4.3,0.79,18.0,0,0,61,2,9367.957247728194,139,1,Female,60-79
99505,,,,,,,,,45,2,27856.782450198578,135,2,Female,40-59
99506,30.0,25.0,23.0,3.2,1.3,23.0,0,0,69,1,4751.229363011819,148,2,Male,60-79
99507,,,,,,,,,78,2,18598.954974991928,144,1,Female,60-79
99509,20.0,25.0,14.0,4.2,0.79,14.0,0,0,73,2,28105.121379929857,139,2,Female,60-79
99510,17.0,19.0,15.0,4.3,0.45,7.0,0,0,35,2,17495.31896402768,138,1,Female,20-39
99511,43.0,30.0,15.0,4.4,0.77,15.0,0,0,55,2,281295.98402826756,145,1,Female,40-59
99512,7.0,13.0,20.0,3.9,0.84,12.0,0,0,65,2,6999.4012085970235,147,1,Female,60-79
99513,9.0,10.0,9.0,4.1,0.82,15.0,0,0,36,2,18414.216061207593,141,1,Female,20-39
99514,,,,,,,,,73,1,26787.451653607397,144,2,Male,60-79
99517,11.0,14.0,20.0,4.3,0.78,12.0,0,0,39,2,38006.43001628704,142,1,Female,20-39
99518,23.0,18.0,58.0,3.9,1.88,40.0,0,0,80,1,17009.41728715997,136,1,Male,80+
99519,,,,,,,,,65,2,137734.3869566012,136,2,Female,60-79
99521,10.0,13.0,15.0,3.5,0.96,18.0,0,0,77,2,17379.169251480565,142,2,Female,60-79
99522,14.0,18.0,16.0,3.9,1.32,16.0,0,0,68,1,15302.249505393196,140,2,Male,60-79
99524,20.0,21.0,45.0,3.9,1.29,17.0,0,0,80,1,17045.995811453617,146,2,Male,80+
99525,14.0,14.0,9.0,4.5,0.73,8.0,0,0,26,2,61526.907835915976,146,2,Female,20-39
99526,12.0,13.0,18.0,4.0,0.65,11.0,0,0,29,2,23806.028090448304,141,1,Female,20-39
99531,12.0,16.0,27.0,3.6,0.62,7.0,0,0,55,2,18218.08350100814,135,1,Female,40-59
99532,12.0,19.0,9.0,4.4,0.7,15.0,0,0,63,2,7772.2765297271,138,1,Female,60-79
99533,14.0,16.0,16.0,3.9,0.63,14.0,0,0,73,2,77270.99796015296,140,2,Female,60-79
99534,19.0,18.0,21.0,3.6,0.62,12.0,0,0,67,2,15847.412375726195,138,2,Female,60-79
99535,20.0,16.0,68.0,4.0,0.89,15.0,0,0,72,1,15162.440110858739,148,2,Male,60-79
99536,12.0,15.0,36.0,4.1,0.88,17.0,0,0,36,2,18406.08399529067,137,1,Female,20-39
99538,23.0,27.0,68.0,4.0,1.08,14.0,0,0,66,1,182443.74137350303,142,1,Male,60-79
99539,56.0,47.0,119.0,3.7,1.48,14.0,0,0,22,1,39125.599693728254,142,2,Male,20-39
99540,14.0,15.0,18.0,4.0,1.36,16.0,0,0,57,1,25205.802938934914,139,1,Male,40-59
99541,24.0,21.0,47.0,4.2,0.9,14.0,0,0,43,1,38051.70724272164,141,1,Male,40-59
99543,23.0,26.0,25.0,4.0,0.85,14.0,0,0,69,1,8625.740239179018,134,1,Male,60-79
99545,211.0,115.0,309.0,4.7,0.75,11.0,0,0,29,1,20707.41182737659,147,1,Male,20-39
99548,15.0,15.0,16.0,4.0,0.9,20.0,0,0,66,1,17472.017935780506,137,1,Male,60-79
99554,23.0,22.0,69.0,4.3,1.26,17.0,0,0,72,1,51182.80039769171,146,2,Male,60-79
99556,,,,,,,,,62,2,164558.36938864377,146,2,Female,60-79
99563,14.0,17.0,30.0,4.1,1.29,17.0,0,0,52,1,24869.95598403499,144,1,Male,40-59
99564,10.0,17.0,11.0,3.9,0.84,20.0,0,0,76,2,38662.26741322257,142,2,Female,60-79
99565,13.0,16.0,41.0,3.8,1.14,26.0,0,0,80,1,11941.725073246558,142,2,Male,80+
99568,39.0,26.0,49.0,4.0,0.68,22.0,0,0,52,2,44644.851168800094,134,2,Female,40-59
99573,12.0,23.0,21.0,4.2,1.11,7.0,0,0,25,1,33646.295471976155,147,2,Male,20-39
99574,16.0,17.0,46.0,4.1,1.04,16.0,0,0,63,1,125218.48560707521,142,1,Male,60-79
99575,14.0,16.0,21.0,3.6,0.84,15.0,0,0,74,2,158002.05397342643,148,1,Female,60-79
99577,69.0,38.0,25.0,4.1,0.77,16.0,0,0,27,2,9883.4583757006,136,2,Female,20-39
99580,15.0,25.0,27.0,4.3,0.88,7.0,0,0,66,1,111349.57106509629,146,2,Male,60-79
99583,9.0,15.0,9.0,4.5,0.73,14.0,0,0,23,2,104368.1218467227,137,2,Female,20-39
99584,128.0,53.0,47.0,4.5,0.91,11.0,0,0,21,1,92440.18705743154,136,2,Male,20-39
99585,22.0,25.0,52.0,4.3,1.05,13.0,0,0,35,1,60830.23332971913,139,1,Male,20-39
99589,,,,,,,,,56,1,24871.596320484918,146,2,Male,40-59
99590,23.0,21.0,12.0,4.4,0.82,13.0,0,0,54,2,37046.17168395673,140,1,Female,40-59
99593,14.0,18.0,12.0,4.5,1.21,15.0,0,0,34,1,22280.623401519155,144,2,Male,20-39
99596,18.0,18.0,11.0,4.2,1.06,15.0,0,0,48,1,22531.89579257589,136,2,Male,40-59
99597,18.0,18.0,39.0,3.7,1.23,17.0,0,0,80,1,30681.020528722715,142,1,Male,80+
99599,17.0,21.0,7.0,3.4,0.78,9.0,0,0,48,2,254660.52086479633,142,1,Female,40-59
99600,13.0,14.0,26.0,4.0,0.74,9.0,0,0,55,2,30499.963987435574,148,2,Female,40-59
99602,11.0,10.0,17.0,4.0,0.74,24.0,0,0,64,2,9819.729882734026,136,1,Female,60-79
99603,35.0,24.0,25.0,4.1,1.14,19.0,0,0,70,1,78493.46118219662,141,1,Male,60-79
99604,32.0,25.0,15.0,4.5,2.0,21.0,0,0,80,1,30330.630952468582,147,1,Male,80+
99605,46.0,24.0,25.0,4.1,0.86,12.0,0,0,46,1,100139.23201940984,141,2,Male,40-59
99606,10.0,13.0,19.0,3.7,0.86,17.0,0,0,70,2,46559.27244201436,148,1,Female,60-79
99609,16.0,16.0,24.0,3.7,0.84,16.0,0,0,46,1,28140.050124079513,146,2,Male,40-59
99610,13.0,15.0,17.0,3.4,1.18,27.0,0,0,65,1,8265.03728992112,145,1,Male,60-79
99613,30.0,30.0,57.0,3.9,1.17,15.0,0,0,38,1,54689.37909089714,140,2,Male,20-39
99615,20.0,20.0,19.0,3.8,1.01,20.0,0,0,63,2,33134.481428085506,137,2,Female,60-79
99616,84.0,46.0,45.0,3.3,0.68,8.0,0,0,39,2,131784.6708828513,142,2,Female,20-39
99618,20.0,34.0,20.0,4.3,1.01,11.0,0,0,46,1,27304.490554760592,136,1,Male,40-59
99619,22.0,19.0,24.0,4.0,0.98,8.0,0,0,50,1,14159.51885114673,135,2,Male,40-59
99621,26.0,17.0,24.0,4.0,0.67,18.0,0,0,63,1,10885.643242074671,148,1,Male,60-79
99622,19.0,12.0,24.0,3.8,0.62,14.0,0,0,61,2,272076.7834195397,145,2,Female,60-79
99624,30.0,21.0,43.0,4.4,1.07,16.0,0,0,45,1,29666.275373154574,139,2,Male,40-59
99625,18.0,21.0,12.0,4.2,1.06,25.0,0,0,68,1,307165.2600892197,143,1,Male,60-79
99628,14.0,12.0,17.0,4.4,0.45,13.0,0,0,52,2,30469.296980845826,148,1,Female,40-59
99630,17.0,17.0,14.0,4.2,0.95,23.0,0,0,73,1,7845.677067997216,139,2,Male,60-79
99631,15.0,22.0,15.0,4.4,0.8,9.0,0,0,40,1,13344.489966825684,143,2,Male,40-59
99633,20.0,15.0,28.0,4.0,1.13,17.0,0,0,60,1,15088.862379177961,148,1,Male,60-79
99635,18.0,30.0,26.0,3.9,0.7,7.0,0,0,65,2,20403.90183973977,143,2,Female,60-79
99636,15.0,15.0,20.0,3.6,0.64,11.0,0,0,53,2,19396.291034019414,144,2,Female,40-59
99637,28.0,18.0,35.0,4.5,0.94,15.0,0,0,30,1,17202.968404445393,141,2,Male,20-39
99641,11.0,14.0,17.0,4.0,1.07,11.0,0,0,23,1,19623.701815303484,143,2,Male,20-39
99643,10.0,12.0,42.0,3.4,0.55,9.0,0,0,80,2,21006.517203768177,142,1,Female,80+
99645,8.0,13.0,14.0,3.8,0.89,15.0,0,0,80,2,16470.218493556284,139,1,Female,80+
99647,14.0,19.0,27.0,3.8,1.13,24.0,0,0,76,1,15638.6289775029,146,2,Male,60-79
99653,21.0,19.0,20.0,4.6,1.07,17.0,0,0,53,1,27860.875137324085,145,1,Male,40-59
99655,5.0,11.0,8.0,4.7,1.09,8.0,0,0,38,1,42502.69730552908,147,1,Male,20-39
99658,10.0,13.0,46.0,3.5,4.05,25.0,0,0,66,2,18357.09058934264,143,2,Female,60-79
99659,11.0,15.0,14.0,4.2,0.78,12.0,0,0,41,2,20246.905360294983,143,1,Female,40-59
99660,16.0,12.0,18.0,3.1,0.73,22.0,0,0,75,1,65771.95893047091,140,2,Male,60-79
99661,26.0,26.0,129.0,4.2,0.74,17.0,0,0,48,2,10355.01790659957,148,2,Female,40-59
99662,26.0,31.0,41.0,3.9,0.86,19.0,0,0,65,2,15389.502653741547,146,2,Female,60-79
99665,15.0,18.0,10.0,3.3,0.77,16.0,0,0,46,2,19137.66366333898,138,2,Female,40-59
99668,22.0,20.0,27.0,4.1,1.02,15.0,0,0,63,1,7965.880207652902,140,1,Male,60-79
99670,9.0,13.0,43.0,3.5,2.62,27.0,0,0,66,1,9894.224775289551,146,2,Male,60-79
99672,9.0,12.0,19.0,4.0,0.46,11.0,0,0,32,2,17667.439330064644,148,1,Female,20-39
99674,14.0,16.0,28.0,4.2,0.76,16.0,0,0,71,1,70857.04113312575,134,1,Male,60-79
99675,18.0,13.0,18.0,3.9,0.59,22.0,0,0,53,2,253959.91043227512,146,2,Female,40-59
99676,14.0,18.0,10.0,3.9,0.61,11.0,0,0,51,2,36783.32784372025,139,1,Female,40-59
99678,,,,,,,,,38,2,34041.35887924057,136,1,Female,20-39
99679,26.0,23.0,52.0,4.3,0.9,18.0,0,0,61,1,17818.035509777947,143,1,Male,60-79
99680,13.0,16.0,15.0,3.7,0.97,10.0,0,0,62,1,10147.059679432108,146,2,Male,60-79
99682,17.0,21.0,14.0,3.9,1.01,23.0,0,0,80,1,71078.65519740571,147,2,Male,80+
99683,15.0,19.0,8.0,4.0,0.76,17.0,0,0,80,2,29053.46370564996,140,1,Female,80+
99684,9.0,16.0,15.0,4.0,0.6,16.0,0,0,64,2,17032.710512964164,134,2,Female,60-79
99686,10.0,12.0,16.0,3.9,0.83,14.0,0,0,40,1,36182.59433268347,138,1,Male,40-59
99689,12.0,20.0,11.0,4.7,1.03,20.0,0,0,28,1,46738.020910604166,136,2,Male,20-39
99691,13.0,18.0,22.0,3.4,0.69,11.0,0,0,44,2,79640.68385562567,144,2,Female,40-59
99694,33.0,23.0,18.0,4.0,0.86,10.0,0,0,48,1,176836.54407164198,142,2,Male,40-59
99695,12.0,13.0,16.0,3.8,0.74,12.0,0,0,37,2,85777.52884965208,139,2,Female,20-39
99698,7.0,10.0,19.0,3.4,1.23,24.0,0,0,74,2,18254.71734910021,136,1,Female,60-79
99700,14.0,19.0,45.0,4.0,1.04,17.0,0,0,70,1,8026.09616769126,139,2,Male,60-79
99702,29.0,35.0,48.0,4.1,1.21,14.0,0,0,65,1,9703.547252790622,144,1,Male,60-79
99703,10.0,20.0,10.0,4.2,0.7,19.0,0,0,80,2,18591.492468951834,139,1,Female,80+
99705,,,,,,,,,40,2,32982.27354369695,138,2,Female,40-59
99708,,,,,,,,,63,2,25639.531357714233,141,1,Female,60-79
99709,9.0,13.0,7.0,4.5,0.92,14.0,0,0,26,1,15581.489033230986,137,2,Male,20-39
99710,8.0,14.0,12.0,4.0,0.64,13.0,0,0,30,2,4920.603922793248,140,2,Female,20-39
99711,24.0,15.0,29.0,3.8,0.83,20.0,0,0,58,2,9955.939953980249,136,1,Female,40-59
99714,14.0,15.0,12.0,4.3,0.64,8.0,0,0,35,2,71312.94122781816,142,1,Female,20-39
99715,8.0,13.0,14.0,3.4,0.54,11.0,0,0,24,2,30112.747179255482,147,1,Female,20-39
99716,135.0,121.0,35.0,4.0,0.55,9.0,0,0,35,1,7391.875278309208,135,2,Male,20-39
99717,11.0,15.0,21.0,4.0,0.73,15.0,0,0,60,2,13135.574605854972,137,2,Female,60-79
99719,10.0,22.0,18.0,4.2,0.97,12.0,0,0,60,2,14595.896952534615,145,1,Female,60-79
99720,62.0,46.0,57.0,3.9,1.08,13.0,0,0,53,1,13595.943930200396,138,2,Male,40-59
99721,9.0,12.0,18.0,3.8,0.79,10.0,0,0,20,2,36573.24834703451,146,2,Female,20-39
99724,56.0,39.0,89.0,4.1,0.84,11.0,0,0,56,1,42996.3199505155,138,1,Male,40-59
99726,24.0,25.0,26.0,4.0,0.62,21.0,0,0,77,2,59032.09170104026,145,2,Female,60-79
99727,15.0,18.0,16.0,4.1,1.01,28.0,0,0,78,2,61132.83680672937,135,1,Female,60-79
99736,19.0,17.0,19.0,4.8,1.11,15.0,0,0,62,1,9541.304018157425,145,1,Male,60-79
99740,14.0,17.0,27.0,4.6,1.1,20.0,0,0,64,1,118085.05185851357,138,2,Male,60-79
99741,12.0,20.0,22.0,4.5,1.05,13.0,0,0,80,1,14344.695132053765,138,1,Male,80+
99742,15.0,16.0,90.0,3.5,1.24,15.0,0,0,79,1,9930.912330702018,141,2,Male,60-79
99743,20.0,18.0,14.0,4.0,0.79,13.0,0,0,80,2,36249.23520812654,143,2,Female,80+
99744,9.0,17.0,11.0,4.0,0.92,10.0,0,0,51,2,84725.34731270155,145,1,Female,40-59
99745,41.0,26.0,24.0,4.3,0.92,16.0,0,0,33,1,23012.066507356038,148,1,Male,20-39
99747,9.0,16.0,10.0,4.1,1.28,30.0,0,0,80,2,25648.36852795109,140,1,Female,80+
99749,19.0,15.0,36.0,3.6,0.71,10.0,0,0,33,2,31523.799980450418,145,2,Female,20-39
99751,19.0,17.0,30.0,4.5,0.73,10.0,0,0,27,2,60451.96855015758,142,1,Female,20-39
99754,,,,,,,,,36,1,121365.78254895148,146,2,Male,20-39
99758,21.0,18.0,30.0,4.0,0.78,22.0,0,0,80,2,32867.49910497672,134,1,Female,80+
99759,58.0,37.0,31.0,4.0,0.81,18.0,0,0,50,1,13931.730946724518,136,2,Male,40-59
99760,18.0,17.0,35.0,4.1,0.78,17.0,0,0,67,1,8069.600642213308,147,1,Male,60-79
99761,15.0,17.0,8.0,3.5,0.57,7.0,0,0,20,2,60016.15343896096,134,2,Female,20-39
99762,13.0,16.0,15.0,4.4,0.95,25.0,0,0,55,2,21002.990326377527,138,1,Female,40-59
99763,19.0,17.0,27.0,4.2,0.5,11.0,0,0,54,2,20178.848956495658,141,2,Female,40-59
99765,12.0,15.0,24.0,3.6,0.91,15.0,0,0,46,2,28342.761326365282,148,2,Female,40-59
99766,27.0,21.0,28.0,4.1,0.68,9.0,0,0,49,1,18072.816431395826,144,2,Male,40-59
99768,41.0,21.0,64.0,3.9,0.66,14.0,0,0,28,2,169162.64400119198,143,2,Female,20-39
99772,7.0,11.0,15.0,3.2,0.72,7.0,0,0,43,2,21630.208850761992,147,2,Female,40-59
99774,34.0,35.0,35.0,3.9,0.56,9.0,0,0,80,2,23171.198302069166,136,1,Female,80+
99776,16.0,12.0,17.0,4.1,1.11,22.0,0,0,71,1,22195.129683953674,148,1,Male,60-79
99777,30.0,28.0,17.0,4.2,1.13,17.0,0,0,21,1,115821.69541255139,145,1,Male,20-39
99778,,,,,,,,,46,1,18113.797874550917,144,2,Male,40-59
99779,12.0,15.0,15.0,3.4,0.68,9.0,0,0,41,2,25404.43881487004,144,2,Female,40-59
99782,60.0,83.0,74.0,4.1,0.73,9.0,0,0,53,2,29226.494964903402,147,2,Female,40-59
99783,35.0,19.0,44.0,4.3,0.54,13.0,0,0,35,1,75759.77432563282,136,2,Male,20-39
99785,19.0,19.0,30.0,3.7,0.93,21.0,0,0,80,2,96170.7051406744,147,2,Female,80+
99786,19.0,21.0,24.0,4.4,1.06,16.0,0,0,44,1,20913.09069840314,145,1,Male,40-59
99790,20.0,21.0,15.0,4.4,1.06,14.0,0,0,24,1,28436.960477377914,135,2,Male,20-39
99792,15.0,20.0,12.0,4.2,1.07,15.0,0,0,69,1,17402.69453894784,139,2,Male,60-79
99793,14.0,21.0,7.0,4.3,0.56,11.0,0,0,26,2,170644.41505755932,144,2,Female,20-39
99795,9.0,12.0,61.0,3.6,0.63,11.0,0,0,21,2,51876.590040869305,145,1,Female,20-39
99797,6.0,24.0,28.0,3.0,1.02,17.0,0,0,65,1,36744.55976138909,146,2,Male,60-79
99798,,,,,,,,,29,1,70557.88464991574,146,2,Male,20-39
99804,35.0,23.0,24.0,4.1,1.04,19.0,0,0,61,1,49679.98166132306,142,1,Male,60-79
99806,25.0,24.0,28.0,4.4,0.88,20.0,0,0,70,2,32589.68298104138,138,1,Female,60-79
99807,29.0,18.0,43.0,4.7,0.94,19.0,0,0,27,1,58923.72899171701,140,2,Male,20-39
99808,12.0,16.0,25.0,3.7,0.71,11.0,0,0,39,2,46459.73654303183,134,2,Female,20-39
99811,17.0,14.0,39.0,3.6,0.54,19.0,0,0,48,2,25602.19084318703,147,1,Female,40-59
99813,,,,,,,,,48,1,16933.65118204518,138,2,Male,40-59
99815,16.0,20.0,25.0,3.9,0.63,13.0,0,0,71,2,17500.644906967973,148,2,Female,60-79
99816,20.0,16.0,31.0,4.4,0.81,9.0,0,0,55,2,180906.46368690478,137,2,Female,40-59
99817,9.0,12.0,21.0,4.7,0.85,13.0,0,0,57,2,18578.404218413125,145,2,Female,40-59
99819,33.0,25.0,21.0,4.0,0.96,14.0,0,0,50,1,294522.5334925484,134,2,Male,40-59
99820,23.0,22.0,11.0,3.9,0.53,29.0,0,0,80,1,26273.869652087134,135,1,Male,80+
99822,,,,,,,,,28,2,34578.952119197456,138,2,Female,20-39
99824,14.0,24.0,5.0,4.0,0.94,14.0,0,0,33,2,14788.271337868786,137,1,Female,20-39
99825,17.0,14.0,19.0,3.9,0.82,18.0,0,0,67,1,5153.812872254941,147,1,Male,60-79
99831,10.0,22.0,31.0,4.6,1.13,11.0,0,0,58,1,37308.21398386002,144,1,Male,40-59
99833,33.0,30.0,52.0,4.5,0.93,22.0,0,0,70,1,70528.6030809053,135,1,Male,60-79
99834,36.0,28.0,42.0,4.4,0.82,18.0,0,0,44,1,20541.667248303496,140,2,Male,40-59
99838,15.0,14.0,57.0,3.8,0.91,12.0,0,0,48,2,64760.97828117153,146,2,Female,40-59
99839,15.0,16.0,20.0,3.8,0.79,15.0,0,0,42,1,16171.906432164315,144,1,Male,40-59
99840,11.0,15.0,14.0,3.8,0.54,9.0,0,0,74,2,24978.42678377148,137,1,Female,60-79
99841,16.0,19.0,31.0,4.8,0.66,9.0,0,0,21,1,27474.511812313172,138,1,Male,20-39
99842,44.0,25.0,10.0,3.8,0.94,15.0,0,0,47,1,150147.03903889572,146,2,Male,40-59
99844,47.0,24.0,31.0,3.9,1.0,11.0,0,0,45,1,14691.299075939476,144,1,Male,40-59
99848,36.0,38.0,33.0,4.2,0.75,8.0,0,0,39,2,52087.849075979306,141,2,Female,20-39
99851,10.0,17.0,26.0,4.2,1.19,31.0,0,0,71,2,6408.795885072726,148,2,Female,60-79
99852,,,,,,,,,21,2,44984.585565520756,145,2,Female,20-39
99854,10.0,18.0,10.0,3.9,1.08,22.0,0,0,69,2,32476.496107435756,139,2,Female,60-79
99855,25.0,30.0,14.0,4.0,0.99,17.0,0,0,34,1,19640.28158582368,139,1,Male,20-39
99856,13.0,18.0,22.0,4.0,0.92,8.0,0,0,54,1,26561.668414030635,143,1,Male,40-59
99857,25.0,20.0,30.0,3.6,0.68,11.0,0,0,36,2,46305.26569330613,148,2,Female,20-39
99858,25.0,20.0,38.0,3.9,0.96,20.0,0,0,58,1,93917.311350984,142,1,Male,40-59
99861,17.0,20.0,19.0,4.5,0.72,8.0,0,0,30,2,23157.50731639342,145,2,Female,20-39
99864,21.0,15.0,14.0,3.4,0.69,13.0,0,0,36,2,48565.65548883249,142,2,Female,20-39
99866,18.0,18.0,23.0,3.9,0.82,15.0,0,0,61,1,23179.65544785499,136,1,Male,60-79
99867,28.0,24.0,28.0,4.1,0.94,10.0,0,0,29,1,110144.92176848484,146,2,Male,20-39
99868,23.0,35.0,23.0,3.8,1.19,27.0,0,0,70,2,170077.08413851622,145,2,Female,60-79
99869,18.0,22.0,11.0,4.3,1.21,15.0,0,0,24,1,47188.89040672424,142,2,Male,20-39
99870,22.0,20.0,48.0,3.8,0.98,15.0,0,0,80,1,17543.715275086866,146,2,Male,80+
99871,25.0,17.0,17.0,3.8,0.74,7.0,0,0,25,2,51165.591521281254,143,2,Female,20-39
99872,27.0,15.0,24.0,2.6,0.72,8.0,0,0,31,2,50331.92177019567,137,1,Female,20-39
99873,,,,,,,,,49,1,16233.755478009334,148,2,Male,40-59
99874,34.0,30.0,12.0,4.1,0.77,18.0,0,0,60,1,11690.102420038182,145,2,Male,60-79
99876,17.0,18.0,34.0,4.4,0.97,12.0,0,0,25,1,111398.70987373986,139,2,Male,20-39
99879,9.0,14.0,12.0,3.9,0.64,7.0,0,0,27,2,39458.5320391045,145,2,Female,20-39
99881,18.0,21.0,33.0,4.4,0.7,12.0,0,0,55,2,23109.663899651216,140,2,Female,40-59
99883,21.0,20.0,30.0,4.5,0.98,13.0,0,0,51,1,52041.21509268557,135,1,Male,40-59
99884,29.0,33.0,51.0,4.4,0.81,19.0,0,0,64,1,125158.75038365094,139,1,Male,60-79
99885,,,,,,,,,30,2,23881.563050788565,144,1,Female,20-39
99886,13.0,15.0,18.0,4.2,0.74,13.0,0,0,63,2,42846.40683808927,140,1,Female,60-79
99887,10.0,16.0,5.0,3.7,0.66,10.0,0,0,27,2,50778.84655196115,142,2,Female,20-39
99890,27.0,25.0,40.0,4.2,0.66,11.0,0,0,68,2,44542.555083868814,145,1,Female,60-79
99891,15.0,21.0,10.0,4.1,0.67,18.0,0,0,36,2,120800.98680811396,144,1,Female,20-39
99893,8.0,10.0,17.0,3.9,0.59,12.0,0,0,41,2,25919.420429303012,140,2,Female,40-59
99894,39.0,22.0,61.0,4.5,0.77,14.0,0,0,32,1,44061.681690022604,136,2,Male,20-39
99895,11.0,16.0,12.0,3.4,1.13,10.0,0,0,73,1,44257.68105125956,134,2,Male,60-79
99896,38.0,23.0,41.0,4.6,0.84,11.0,0,0,47,1,15176.703695240054,148,2,Male,40-59
99898,119.0,67.0,126.0,4.4,0.95,12.0,0,0,33,1,181531.26724283063,137,1,Male,20-39
99899,18.0,23.0,19.0,4.3,1.23,23.0,0,0,59,1,347125.7260391691,143,1,Male,40-59
99900,,,,,,,,,50,1,29050.446797584864,146,2,Male,40-59
99901,11.0,13.0,14.0,3.7,0.83,11.0,0,0,36,2,18851.187198418556,136,1,Female,20-39
99905,33.0,43.0,17.0,4.3,1.36,15.0,0,0,45,1,20617.91310615548,139,1,Male,40-59
99907,13.0,17.0,20.0,3.9,0.99,20.0,0,0,66,2,139660.52137471744,146,2,Female,60-79
99908,22.0,20.0,41.0,4.1,0.61,16.0,0,0,63,2,11935.825203346063,148,1,Female,60-79
99909,39.0,20.0,27.0,4.0,1.01,16.0,0,0,42,1,17195.98084277725,144,2,Male,40-59
99910,9.0,12.0,11.0,4.1,0.82,12.0,0,0,30,2,57240.414215161676,143,1,Female,20-39
99913,13.0,17.0,18.0,4.0,1.2,16.0,0,0,74,1,14132.86068890506,140,1,Male,60-79
99914,8.0,13.0,11.0,4.0,0.86,12.0,0,0,70,2,22378.12796776389,145,1,Female,60-79
99918,12.0,17.0,10.0,3.9,0.63,11.0,0,0,33,2,11559.433960653738,140,2,Female,20-39
99919,10.0,15.0,21.0,3.9,1.21,17.0,0,0,80,1,9790.778221214468,136,1,Male,80+
99920,35.0,20.0,32.0,2.9,0.53,6.0,0,0,36,2,53785.63545885416,140,1,Female,20-39
99922,27.0,22.0,26.0,4.3,0.92,14.0,0,0,63,1,159744.4306522984,141,1,Male,60-79
99924,13.0,21.0,9.0,4.4,0.66,21.0,0,0,21,2,27790.75512430729,138,2,Female,20-39
99925,34.0,24.0,36.0,4.1,1.38,21.0,0,0,38,1,72668.72286911632,134,1,Male,20-39
99926,33.0,29.0,43.0,4.1,0.82,13.0,0,0,54,2,14857.74559907032,144,2,Female,40-59
99927,43.0,29.0,46.0,3.5,0.88,11.0,0,0,25,1,44194.47350615843,137,2,Male,20-39
99928,72.0,30.0,57.0,4.5,0.65,11.0,0,0,29,1,40641.40736632185,136,2,Male,20-39
99929,37.0,37.0,88.0,3.4,0.7,16.0,0,0,39,1,42286.91604977053,141,2,Male,20-39
99930,28.0,27.0,18.0,3.9,0.73,14.0,0,0,63,2,12626.458452698673,134,1,Female,60-79
99931,13.0,15.0,10.0,4.4,0.76,12.0,0,0,20,2,11211.661921254168,142,2,Female,20-39
99932,,,,,,,,,31,1,68718.69256877647,144,2,Male,20-39
99934,,,,,,,,,26,2,86888.89789286717,145,1,Female,20-39
99935,11.0,17.0,8.0,4.4,0.57,9.0,0,0,42,2,25124.33911416733,136,2,Female,40-59
99937,26.0,17.0,29.0,4.4,0.6,10.0,0,0,54,2,31645.99832349315,136,1,Female,40-59
99938,13.0,25.0,29.0,4.4,0.8,7.0,0,0,37,2,14898.077929408299,145,2,Female,20-39
99939,8.0,16.0,12.0,3.9,0.78,8.0,0,0,39,2,31290.43402604222,143,2,Female,20-39
99941,,,,,,,,,56,2,30999.808655765446,138,2,Female,40-59
99942,18.0,15.0,26.0,4.3,0.57,11.0,0,0,35,2,32320.73593403508,141,2,Female,20-39
99945,18.0,21.0,18.0,4.0,0.6,26.0,0,0,74,2,16205.501815300717,134,2,Female,60-79
99947,21.0,18.0,29.0,3.6,0.75,12.0,0,0,56,2,26167.03511482396,142,2,Female,40-59
99948,17.0,21.0,13.0,4.8,0.71,19.0,0,0,80,2,34648.03447638096,146,1,Female,80+
99949,14.0,12.0,17.0,4.0,0.7,12.0,0,0,21,2,33157.98700031551,135,1,Female,20-39
99950,11.0,14.0,20.0,3.9,1.99,22.0,0,0,80,1,12924.759569716649,147,2,Male,80+
99951,17.0,15.0,21.0,3.8,0.65,11.0,0,0,38,2,49368.626742373744,134,1,Female,20-39
99952,17.0,20.0,13.0,3.6,1.02,16.0,0,0,61,1,177781.40674975913,146,2,Male,60-79
99953,7.0,16.0,13.0,4.5,1.08,11.0,0,0,73,1,10238.315342058324,138,1,Male,60-79
99954,19.0,26.0,15.0,4.0,0.88,13.0,0,0,71,1,11271.877321740403,145,1,Male,60-79
99959,33.0,31.0,23.0,3.8,1.25,16.0,0,0,48,1,13017.161296900116,147,2,Male,40-59
99961,15.0,29.0,18.0,4.1,0.92,14.0,0,0,39,2,19023.123052939416,148,2,Female,20-39
99964,11.0,15.0,13.0,4.0,0.63,12.0,0,0,21,2,30756.5402938152,137,2,Female,20-39
99966,36.0,36.0,39.0,4.2,0.64,11.0,0,0,46,2,15451.143473241313,140,1,Female,40-59
99969,42.0,39.0,168.0,3.8,2.45,32.0,0,0,69,1,9497.497883253618,136,1,Male,60-79
99974,116.0,35.0,310.0,4.6,0.7,13.0,0,0,26,2,88376.03602987863,135,1,Female,20-39
99977,16.0,17.0,22.0,3.7,1.24,16.0,0,0,77,2,19489.979925436688,143,2,Female,60-79
99979,17.0,25.0,15.0,4.0,0.64,21.0,0,0,80,2,30172.033441930045,143,1,Female,80+
99983,8.0,11.0,20.0,3.5,0.71,6.0,0,0,33,2,33009.24955457158,142,2,Female,20-39
99984,26.0,18.0,27.0,3.8,0.87,14.0,0,0,54,2,24708.855055025662,135,2,Female,40-59
99985,9.0,18.0,9.0,3.9,0.76,15.0,0,0,37,2,146847.4087363054,147,2,Female,20-39
99986,12.0,12.0,6.0,3.3,0.52,6.0,0,0,31,2,24811.389708054186,147,1,Female,20-39
99987,24.0,18.0,32.0,3.7,0.97,14.0,0,0,58,1,13329.454748530592,146,2,Male,40-59
99989,13.0,16.0,9.0,3.9,0.67,8.0,0,0,21,2,35605.15912031716,136,2,Female,20-39
99990,24.0,21.0,23.0,3.8,0.9,17.0,0,0,80,1,32729.984904234818,135,1,Male,80+
99991,,,,,,,,,64,1,16198.496066760865,136,2,Male,60-79
99992,19.0,20.0,24.0,4.1,1.07,16.0,0,0,61,2,12110.931311304548,145,2,Female,60-79
99994,25.0,18.0,13.0,4.2,0.57,15.0,0,0,48,2,22151.152954968264,136,2,Female,40-59
99996,37.0,35.0,189.0,3.6,0.91,10.0,0,0,51,2,12660.252247674309,145,1,Female,40-59
99997,11.0,16.0,18.0,3.5,0.65,15.0,0,0,64,2,6271.921274316807,135,1,Female,60-79
99999,24.0,34.0,26.0,4.5,0.87,17.0,0,0,25,1,28081.133872204224,141,2,Male,20-39
100000,16.0,25.0,15.0,4.3,0.7,6.0,0,0,21,2,21723.806830955444,144,1,Female,20-39
100001,22.0,20.0,34.0,4.4,1.16,14.0,0,0,39,1,152100.04131110135,140,2,Male,20-39
100004,11.0,16.0,7.0,4.1,0.57,11.0,0,0,65,2,16884.289056362002,144,2,Female,60-79
100007,13.0,,12.0,4.3,0.67,12.0,0,0,63,2,13647.244580308088,143,1,Female,60-79
100008,44.0,32.0,84.0,3.9,0.68,16.0,0,0,56,2,8488.077708371653,136,1,Female,40-59
100010,,,,,,,,,80,1,78883.86280097556,134,2,Male,80+
100012,34.0,20.0,29.0,3.9,0.96,17.0,0,0,51,1,255038.38098928225,143,2,Male,40-59
100013,16.0,18.0,24.0,3.5,0.53,7.0,0,0,43,2,22986.14429812278,137,1,Female,40-59
100015,22.0,,19.0,3.8,0.86,14.0,0,0,27,1,92057.57789301725,146,2,Male,20-39
100016,36.0,30.0,23.0,4.0,0.76,8.0,0,0,36,1,29106.13009209518,145,2,Male,20-39
100018,13.0,17.0,21.0,4.3,0.83,9.0,0,0,22,1,82521.55170403804,138,1,Male,20-39
100019,,,,,,,,,22,1,31653.18438770674,144,2,Male,20-39
100020,19.0,13.0,19.0,4.1,0.63,16.0,0,0,65,1,23342.20916036024,139,2,Male,60-79
100024,24.0,23.0,21.0,3.7,0.97,15.0,0,0,39,2,52903.6309574792,139,2,Female,20-39
100025,20.0,18.0,23.0,3.9,0.74,10.0,0,0,35,2,46847.92230784345,141,1,Female,20-39
100026,54.0,37.0,26.0,4.3,0.59,11.0,0,0,22,2,20720.13494461181,137,2,Female,20-39
100029,16.0,22.0,16.0,4.6,0.59,9.0,0,0,20,2,44888.35030356202,136,2,Female,20-39
100032,16.0,20.0,20.0,4.4,0.64,11.0,0,0,27,2,28589.023090946885,141,2,Female,20-39
100033,16.0,21.0,14.0,3.9,0.5,18.0,0,0,62,2,24155.0167790912,140,2,Female,60-79
100037,26.0,20.0,16.0,4.3,0.81,12.0,0,0,54,1,39920.41331736612,148,1,Male,40-59
100039,16.0,20.0,18.0,4.8,1.03,13.0,0,0,28,1,152959.68618578478,136,1,Male,20-39
100040,23.0,21.0,26.0,4.3,1.19,12.0,0,0,24,1,88097.69195589676,146,2,Male,20-39
100041,21.0,24.0,14.0,4.0,0.79,14.0,0,0,47,1,167317.62157743762,135,1,Male,40-59
100043,8.0,12.0,18.0,3.6,0.82,9.0,0,0,67,2,10478.593749366228,139,1,Female,60-79
100044,22.0,20.0,21.0,4.5,0.86,19.0,0,0,27,1,18219.907765930155,144,2,Male,20-39
100046,24.0,16.0,16.0,4.4,1.28,19.0,0,0,51,1,20396.428589084226,142,2,Male,40-59
100047,25.0,19.0,26.0,3.9,1.12,12.0,0,0,42,1,35701.0879006607,147,2,Male,40-59
100051,10.0,12.0,13.0,3.6,2.12,36.0,0,0,66,1,31604.630606653045,142,1,Male,60-79
100053,8.0,14.0,9.0,4.0,0.8,16.0,0,0,77,2,27118.246044140677,145,2,Female,60-79
100055,21.0,18.0,26.0,4.1,0.69,14.0,0,0,47,2,17752.94408620301,148,1,Female,40-59
100056,22.0,21.0,29.0,3.8,0.79,14.0,0,0,57,1,53551.11410593029,148,1,Male,40-59
100061,13.0,14.0,13.0,4.2,0.71,16.0,0,0,55,2,12571.055462938484,141,1,Female,40-59
100062,14.0,15.0,27.0,3.8,0.48,10.0,0,0,48,2,17282.682435619892,136,2,Female,40-59
100064,18.0,25.0,22.0,4.2,0.66,8.0,0,0,71,2,16819.891581386633,140,1,Female,60-79
100067,31.0,27.0,85.0,4.0,1.11,20.0,0,0,69,1,7242.758733659009,139,2,Male,60-79
100068,9.0,12.0,9.0,4.0,0.62,13.0,0,0,22,2,101321.21796521115,146,1,Female,20-39
100069,,,,,,,,,20,2,17885.160937690314,144,2,Female,20-39
100070,13.0,14.0,16.0,4.3,0.57,9.0,0,0,28,2,85390.25714983248,142,1,Female,20-39
100071,15.0,19.0,18.0,3.8,1.19,18.0,0,0,71,1,21728.071868442417,146,2,Male,60-79
100072,10.0,13.0,20.0,4.3,0.97,17.0,0,0,33,2,35830.795497110936,142,2,Female,20-39
100077,21.0,17.0,16.0,3.6,0.49,8.0,0,0,32,2,28035.009397421938,137,1,Female,20-39
100079,11.0,19.0,41.0,3.9,0.79,10.0,0,0,80,2,80422.98034293696,146,1,Female,80+
100083,12.0,18.0,16.0,3.6,1.89,60.0,0,0,80,2,31643.418332961035,141,2,Female,80+
100085,18.0,19.0,17.0,4.2,0.93,10.0,0,0,64,1,15822.770812101635,142,1,Male,60-79
100087,16.0,15.0,18.0,4.0,0.75,14.0,0,0,30,2,104861.86265183135,145,1,Female,20-39
100088,18.0,17.0,27.0,4.4,1.82,25.0,0,0,75,1,14071.19527720596,137,1,Male,60-79
100089,9.0,12.0,8.0,4.0,0.57,8.0,0,0,24,2,108139.38997811769,142,2,Female,20-39
100090,16.0,12.0,28.0,3.9,0.51,7.0,0,0,24,2,45717.04705514243,147,1,Female,20-39
100092,13.0,23.0,22.0,4.5,1.14,14.0,0,0,22,1,43841.83916523686,134,2,Male,20-39
100094,45.0,46.0,39.0,4.1,1.01,16.0,0,0,66,2,16317.893989390375,144,1,Female,60-79
100095,12.0,13.0,11.0,3.7,0.82,12.0,0,0,27,2,86149.55742143783,134,2,Female,20-39
100098,17.0,20.0,25.0,4.1,1.14,14.0,0,0,61,1,12622.247476424962,137,1,Male,60-79
100099,47.0,42.0,96.0,4.4,1.14,27.0,0,0,45,1,123426.87097132871,135,1,Male,40-59
100100,20.0,18.0,30.0,4.1,1.22,13.0,0,0,32,1,25403.401068196235,140,2,Male,20-39
100102,24.0,17.0,19.0,4.0,0.73,13.0,0,0,41,1,11009.860298373524,140,2,Male,40-59
100103,25.0,20.0,44.0,4.0,0.9,20.0,0,0,61,1,12817.757796454638,144,1,Male,60-79
100105,21.0,21.0,64.0,3.8,0.72,21.0,0,0,50,2,23629.066237128867,142,2,Female,40-59
100107,,,,,,,,,23,1,39119.43050069615,147,1,Male,20-39
100108,18.0,26.0,8.0,4.0,0.75,10.0,0,0,27,2,177758.4989829121,134,2,Female,20-39
100110,13.0,15.0,20.0,4.5,1.15,14.0,0,0,26,1,30395.26640320935,144,1,Male,20-39
100111,25.0,25.0,10.0,4.6,0.8,15.0,0,0,26,1,83194.66114692975,135,2,Male,20-39
100112,14.0,19.0,11.0,4.1,0.65,20.0,0,0,57,2,70149.76201824589,138,2,Female,40-59
100113,47.0,60.0,27.0,4.2,0.91,30.0,0,0,79,1,139598.13934117177,134,1,Male,60-79
100114,10.0,20.0,30.0,4.5,0.86,11.0,0,0,79,1,17126.460167711746,136,2,Male,60-79
100115,88.0,45.0,13.0,4.1,0.96,18.0,0,0,47,2,130915.67352924091,141,1,Female,40-59
100116,10.0,15.0,18.0,3.9,0.82,17.0,0,0,63,2,6216.672907414709,137,1,Female,60-79
100117,12.0,14.0,34.0,3.9,0.77,14.0,0,0,29,2,30938.38515206775,137,1,Female,20-39
100118,10.0,15.0,14.0,3.8,0.9,12.0,0,0,78,1,11453.728501877198,142,2,Male,60-79
100119,30.0,29.0,20.0,4.1,0.56,9.0,0,0,47,2,188388.36355020714,138,1,Female,40-59
100122,17.0,20.0,40.0,4.2,0.96,14.0,0,0,65,1,16356.930904361838,140,2,Male,60-79
100123,16.0,18.0,30.0,4.0,0.8,24.0,0,0,57,1,25233.26108600871,146,2,Male,40-59
100127,18.0,17.0,26.0,4.3,0.66,13.0,0,0,55,1,23860.59016289141,144,2,Male,40-59
100128,22.0,18.0,27.0,4.2,0.81,18.0,0,0,47,1,205345.20439388097,140,1,Male,40-59
100129,18.0,19.0,29.0,4.4,1.05,13.0,0,0,72,1,15253.466190393163,142,2,Male,60-79
100133,,,,,,,,,20,1,46083.88284840661,145,1,Male,20-39
100136,15.0,15.0,44.0,3.4,1.08,21.0,0,0,67,1,40105.86270356197,135,2,Male,60-79
100137,11.0,12.0,17.0,3.7,0.71,24.0,0,0,43,2,28975.484960255373,146,2,Female,40-59
100142,25.0,31.0,18.0,4.1,1.05,15.0,0,0,72,1,50257.36235818675,140,1,Male,60-79
100143,15.0,17.0,23.0,3.7,1.22,32.0,0,0,80,2,46712.61139955648,140,2,Female,80+
100144,9.0,13.0,15.0,3.9,0.88,9.0,0,0,33,2,70350.00264475126,143,1,Female,20-39
100145,36.0,22.0,79.0,4.1,0.54,10.0,0,0,45,2,34313.687150946535,148,1,Female,40-59
100148,19.0,21.0,21.0,4.5,0.9,8.0,0,0,22,2,50187.73017832614,134,2,Female,20-39
100149,15.0,24.0,12.0,4.3,0.71,17.0,0,0,80,2,34834.635563664844,140,1,Female,80+
100150,14.0,15.0,20.0,3.8,0.62,12.0,0,0,51,2,19743.682785595254,135,2,Female,40-59
100151,19.0,15.0,22.0,3.9,0.55,7.0,0,0,60,1,6898.043318489338,137,1,Male,60-79
100152,,,,,,,,,34,2,31681.386404440716,146,2,Female,20-39
100154,20.0,17.0,19.0,4.1,0.64,12.0,0,0,66,1,5946.195415967272,135,1,Male,60-79
100158,7.0,10.0,17.0,3.4,1.52,11.0,0,0,61,1,7125.984548608515,147,2,Male,60-79
100160,10.0,14.0,8.0,3.7,0.71,10.0,0,0,26,2,72730.21848457628,142,2,Female,20-39
100162,23.0,21.0,269.0,4.0,0.64,9.0,0,0,64,2,10049.31522288444,137,1,Female,60-79
100163,29.0,20.0,34.0,4.0,0.75,18.0,0,0,69,2,22778.675505287043,144,1,Female,60-79
100165,34.0,27.0,49.0,3.7,1.03,13.0,0,0,56,1,265263.55739925784,142,2,Male,40-59
100167,16.0,18.0,18.0,3.8,1.13,25.0,0,0,75,1,31190.325328607767,143,2,Male,60-79
100168,27.0,23.0,21.0,4.7,1.0,15.0,0,0,51,1,38712.43024451881,140,1,Male,40-59
100171,10.0,12.0,13.0,3.9,0.58,11.0,0,0,28,2,41519.83415526798,135,2,Female,20-39
100172,23.0,19.0,11.0,4.2,0.8,14.0,0,0,42,2,320792.7261222312,137,2,Female,40-59
100173,,,,,,,,,47,1,46520.68919721265,142,2,Male,40-59
100175,26.0,24.0,33.0,4.0,1.14,9.0,0,0,33,1,21081.572010150823,147,1,Male,20-39
100178,17.0,17.0,39.0,3.6,0.77,19.0,0,0,40,2,47633.08100639088,139,2,Female,40-59
100180,24.0,25.0,23.0,4.0,1.18,18.0,0,0,45,1,14329.888555610682,146,1,Male,40-59
100181,18.0,17.0,10.0,3.8,0.94,11.0,0,0,37,2,9881.352852549191,136,2,Female,20-39
100185,11.0,14.0,14.0,3.6,0.81,9.0,0,0,63,1,294436.24738835794,143,2,Male,60-79
100186,29.0,20.0,35.0,4.0,0.61,10.0,0,0,32,1,22280.623401519155,144,2,Male,20-39
100188,14.0,17.0,14.0,4.0,1.32,19.0,0,0,80,2,24595.290261834092,135,1,Female,80+
100190,22.0,18.0,15.0,4.1,0.73,10.0,0,0,32,2,29143.874890526786,140,1,Female,20-39
100191,6.0,10.0,10.0,3.8,1.08,13.0,0,0,42,2,24942.002211698287,142,1,Female,40-59
100192,23.0,15.0,37.0,3.9,1.14,16.0,0,0,56,1,30124.430628138878,137,2,Male,40-59
100194,28.0,38.0,39.0,4.2,1.01,13.0,0,0,60,1,11360.035352744402,134,2,Male,60-79
100195,8.0,15.0,8.0,3.7,0.69,15.0,0,0,32,2,13274.514914171314,146,2,Female,20-39
100196,8.0,13.0,10.0,3.9,0.87,11.0,0,0,32,2,18917.93769398521,147,1,Female,20-39
100200,22.0,15.0,48.0,4.0,0.87,20.0,0,0,43,2,37858.472466356034,135,1,Female,40-59
100201,23.0,19.0,17.0,4.1,0.95,13.0,0,0,43,1,28490.477873608816,139,2,Male,40-59
100202,17.0,17.0,16.0,4.2,0.61,12.0,0,0,22,2,72327.40859880477,136,2,Female,20-39
100203,11.0,16.0,28.0,4.3,0.88,16.0,0,0,39,1,47243.45195955673,136,1,Male,20-39
100204,15.0,18.0,49.0,3.5,0.88,18.0,0,0,36,2,16839.898063720233,138,2,Female,20-39
100205,29.0,21.0,43.0,4.1,0.78,11.0,0,0,48,1,22307.599890336005,147,1,Male,40-59
100206,28.0,29.0,230.0,3.9,0.72,21.0,0,0,62,2,18095.130068958508,140,1,Female,60-79
100210,9.0,15.0,11.0,3.8,0.71,10.0,0,0,60,2,100106.88874595404,142,2,Female,60-79
100211,,,,,,,,,41,2,54577.64661710816,144,2,Female,40-59
100212,9.0,14.0,11.0,4.0,1.23,27.0,0,0,58,1,37511.108865330876,140,2,Male,40-59
100213,31.0,27.0,30.0,4.5,0.98,15.0,0,0,66,1,41535.121189608806,143,1,Male,60-79
100214,62.0,37.0,63.0,2.9,0.79,18.0,0,0,57,1,43245.38804837841,144,2,Male,40-59
100216,17.0,21.0,12.0,4.4,0.63,17.0,0,0,42,2,28847.387236073708,137,2,Female,40-59
100219,22.0,28.0,22.0,4.1,1.53,13.0,0,0,74,1,8713.511759754956,147,1,Male,60-79
100221,11.0,23.0,9.0,3.8,0.81,8.0,0,0,30,2,15843.565274380404,147,2,Female,20-39
100222,24.0,34.0,337.0,3.8,2.11,49.0,0,0,65,2,7362.46873852964,145,2,Female,60-79
100228,32.0,37.0,29.0,4.1,0.92,16.0,0,0,74,2,45824.105331566694,139,2,Female,60-79
100229,11.0,14.0,37.0,3.6,1.15,38.0,0,0,59,1,35272.00429462086,142,2,Male,40-59
100230,,,,,,,,,59,2,7137.610612323704,148,2,Female,40-59
100231,15.0,28.0,34.0,3.4,0.58,16.0,0,0,69,2,14520.304531493503,137,2,Female,60-79
100233,13.0,15.0,22.0,3.6,1.05,19.0,0,0,65,2,9389.86239726985,143,2,Female,60-79
100234,22.0,20.0,12.0,4.0,0.5,14.0,0,0,30,2,17223.64174733597,143,1,Female,20-39
100235,12.0,15.0,18.0,3.8,1.0,10.0,0,0,77,1,127791.91941360147,134,2,Male,60-79
100236,27.0,24.0,25.0,4.0,0.9,14.0,0,0,61,1,49317.15032173287,142,2,Male,60-79
100238,19.0,16.0,39.0,4.2,0.75,26.0,0,0,58,1,219486.01786196005,142,1,Male,40-59
100241,7.0,13.0,8.0,4.4,0.72,14.0,0,0,36,2,144132.2465304812,137,2,Female,20-39
100242,15.0,17.0,21.0,4.0,0.65,7.0,0,0,32,2,24808.212706769125,144,2,Female,20-39
100243,19.0,24.0,15.0,4.1,0.91,8.0,0,0,70,1,8211.448942543524,139,2,Male,60-79
100244,45.0,24.0,16.0,4.1,1.23,26.0,0,0,62,1,39713.53190713231,141,2,Male,60-79
100246,14.0,19.0,36.0,4.0,0.75,12.0,0,0,22,2,24758.41679642752,138,2,Female,20-39
100247,115.0,78.0,386.0,3.7,1.23,25.0,0,0,61,2,28021.321158367333,142,2,Female,60-79
100248,21.0,26.0,22.0,4.7,1.07,19.0,0,0,28,1,16427.91310944205,143,1,Male,20-39
100250,24.0,28.0,38.0,4.4,0.78,15.0,0,0,57,2,23003.797631954345,135,1,Female,40-59
100251,12.0,17.0,39.0,4.0,0.84,10.0,0,0,45,2,30766.14914292788,136,2,Female,40-59
100252,14.0,25.0,48.0,3.7,0.89,28.0,0,0,80,1,23635.111859732642,134,1,Male,80+
100253,30.0,20.0,46.0,4.8,0.91,14.0,0,0,30,1,110714.04630364226,143,1,Male,20-39
100254,12.0,20.0,14.0,3.7,0.76,8.0,0,0,28,2,35922.258900090936,146,2,Female,20-39
100257,,,,,,,,,55,2,11257.397552034423,148,2,Female,40-59
100258,9.0,10.0,5.0,3.4,0.54,6.0,0,0,25,2,83832.08383265737,142,1,Female,20-39
100261,14.0,23.0,21.0,4.0,1.04,24.0,0,0,80,2,63437.217515419674,138,2,Female,80+
100264,27.0,24.0,16.0,4.2,0.76,13.0,0,0,26,1,29498.556023897916,137,1,Male,20-39
100265,17.0,21.0,10.0,4.1,0.59,13.0,0,0,55,2,11059.698174433468,148,2,Female,40-59
100266,9.0,19.0,11.0,4.4,0.63,12.0,0,0,40,2,56769.0616654709,135,1,Female,40-59
100268,49.0,37.0,86.0,3.6,0.69,22.0,0,0,60,2,22055.08744342097,147,2,Female,60-79
100269,9.0,13.0,12.0,4.3,1.1,22.0,0,0,24,2,54286.94815777385,135,1,Female,20-39
100270,21.0,19.0,13.0,4.8,0.82,18.0,0,0,36,1,50866.13209752856,135,2,Male,20-39
100271,16.0,17.0,18.0,4.2,0.71,15.0,0,0,36,2,68579.16896140986,138,1,Female,20-39
100272,16.0,12.0,43.0,3.9,1.08,18.0,0,0,35,1,21423.094808335525,134,1,Male,20-39
100273,18.0,20.0,37.0,4.3,1.18,11.0,0,0,71,1,8287.516262365321,144,1,Male,60-79
100274,13.0,18.0,35.0,3.7,0.76,13.0,0,0,60,2,23286.33379541856,138,1,Female,60-79
100278,21.0,23.0,18.0,3.4,1.0,14.0,0,0,75,2,79986.0236976545,134,2,Female,60-79
100280,8.0,11.0,8.0,3.5,0.85,11.0,0,0,33,2,155897.8240932865,143,2,Female,20-39
100281,22.0,17.0,28.0,4.4,0.58,16.0,0,0,59,2,156240.05733558285,140,1,Female,40-59
100282,10.0,12.0,21.0,4.8,0.97,24.0,0,0,60,1,13677.541623585408,137,1,Male,60-79
100283,25.0,30.0,23.0,3.7,0.69,9.0,0,0,65,2,11224.011918400258,138,1,Female,60-79
100286,7.0,11.0,20.0,4.2,0.76,12.0,0,0,45,2,24507.22168748821,139,1,Female,40-59
100288,21.0,18.0,32.0,3.7,0.55,11.0,0,0,43,2,14002.50774145524,148,2,Female,40-59
100289,14.0,17.0,25.0,3.8,0.8,13.0,0,0,66,1,7643.57737384055,148,2,Male,60-79
100291,17.0,18.0,48.0,3.9,0.96,20.0,0,0,61,2,12110.931311304548,145,2,Female,60-79
100292,17.0,12.0,27.0,4.1,0.87,13.0,0,0,56,2,52043.92699653963,142,2,Female,40-59
100293,76.0,178.0,216.0,4.4,0.82,5.0,0,0,29,2,39167.36618664535,147,2,Female,20-39
100294,11.0,14.0,15.0,4.1,0.56,16.0,0,0,40,2,18936.221910582393,141,1,Female,40-59
100295,21.0,17.0,28.0,4.0,1.25,14.0,0,0,36,1,50221.57164338507,141,1,Male,20-39
100297,25.0,29.0,49.0,4.3,0.95,12.0,0,0,70,1,133053.32347906913,143,1,Male,60-79
100298,12.0,18.0,13.0,3.9,0.77,8.0,0,0,47,2,59754.11360628503,138,2,Female,40-59
100299,20.0,22.0,18.0,3.8,0.63,15.0,0,0,27,2,45733.164835530544,143,1,Female,20-39
100301,7.0,10.0,10.0,3.3,0.78,12.0,0,0,53,2,10906.852258103498,143,2,Female,40-59
100303,100.0,78.0,91.0,4.2,0.77,14.0,0,0,60,1,13204.980582591008,143,2,Male,60-79
100305,26.0,19.0,63.0,4.0,0.79,15.0,0,0,48,1,13424.957672113838,138,1,Male,40-59
100309,20.0,21.0,10.0,3.9,0.75,25.0,0,0,80,2,70428.92888250438,134,2,Female,80+
100311,21.0,16.0,122.0,4.1,0.77,12.0,0,0,55,1,23152.826343278088,144,2,Male,40-59
100313,14.0,18.0,9.0,4.0,0.75,11.0,0,0,35,2,37551.43893784844,142,1,Female,20-39
100315,24.0,20.0,47.0,4.1,0.93,15.0,0,0,62,1,11950.085272531987,138,2,Male,60-79
100318,61.0,25.0,254.0,4.1,1.37,15.0,0,0,41,1,47700.08733456673,140,2,Male,40-59
100319,31.0,20.0,27.0,3.6,0.67,11.0,0,0,47,2,53476.251919236616,135,1,Female,40-59
100321,,,,,,,,,62,1,9980.14198760757,141,2,Male,60-79
100324,19.0,14.0,20.0,3.8,0.48,14.0,0,0,46,2,51720.74686087299,134,1,Female,40-59
100325,11.0,14.0,22.0,3.9,0.61,9.0,0,0,35,2,23576.801420670225,134,2,Female,20-39
100326,7.0,12.0,9.0,3.5,0.75,9.0,0,0,21,2,42842.247923422976,147,1,Female,20-39
100329,9.0,12.0,16.0,3.8,0.58,10.0,0,0,27,2,31314.99618033284,134,1,Female,20-39
100332,21.0,21.0,21.0,4.3,0.83,16.0,0,0,43,1,138987.48089651018,142,2,Male,40-59
100333,54.0,34.0,42.0,4.6,1.01,8.0,0,0,29,1,15955.887156702443,139,1,Male,20-39
100334,,,,,,,,,25,1,18648.328769599946,135,2,Male,20-39
100338,22.0,17.0,19.0,4.4,0.75,13.0,0,0,45,1,31420.395565281106,143,1,Male,40-59
100346,13.0,17.0,11.0,4.1,0.67,20.0,0,0,79,2,18940.50724718918,136,1,Female,60-79
100347,22.0,18.0,28.0,4.1,0.96,19.0,0,0,57,1,79621.8082311023,140,2,Male,40-59
100348,21.0,21.0,17.0,4.0,0.67,14.0,0,0,49,2,24283.744760868904,144,1,Female,40-59
100353,20.0,22.0,22.0,4.7,0.58,7.0,0,0,59,1,12017.051857155848,148,2,Male,40-59
100354,13.0,21.0,35.0,3.8,1.12,26.0,0,0,80,2,20944.741326423584,140,2,Female,80+
100356,13.0,16.0,29.0,4.4,0.88,10.0,0,0,39,2,24874.320267641346,145,1,Female,20-39
100357,17.0,20.0,17.0,3.8,0.51,9.0,0,0,63,2,11790.46293716258,138,2,Female,60-79
100358,28.0,29.0,128.0,2.6,0.92,19.0,0,0,62,2,12312.442677167466,143,2,Female,60-79
100361,38.0,24.0,26.0,4.0,1.09,16.0,0,0,57,1,18499.76826945307,141,2,Male,40-59
100362,9.0,19.0,6.0,4.2,0.46,9.0,0,0,70,2,90523.85085998721,134,2,Female,60-79
100363,15.0,24.0,27.0,4.0,1.29,13.0,0,0,63,1,9104.024372026184,137,1,Male,60-79
100365,8.0,13.0,7.0,4.1,0.63,9.0,0,0,22,2,24357.020496101704,147,1,Female,20-39
100366,23.0,27.0,93.0,4.3,1.13,18.0,0,0,77,1,20960.748706949755,134,2,Male,60-79
100369,32.0,37.0,19.0,4.1,0.68,23.0,0,0,55,2,17310.89501316175,137,1,Female,40-59
100373,17.0,20.0,14.0,4.3,0.89,18.0,0,0,74,1,21278.68532455309,148,1,Male,60-79
100376,15.0,20.0,12.0,4.0,1.3,18.0,0,0,49,1,35932.741209131076,134,2,Male,40-59
100377,63.0,40.0,147.0,4.0,0.78,12.0,0,0,47,1,10423.518969890385,148,2,Male,40-59
100378,32.0,24.0,107.0,3.3,0.54,11.0,0,0,44,2,120284.19900658641,140,2,Female,40-59
100380,,,,,,,,,45,1,50782.67080001122,146,2,Male,40-59
100382,13.0,9.0,50.0,3.6,0.75,12.0,0,0,45,1,21615.43575158473,135,1,Male,40-59
100386,32.0,19.0,9.0,2.7,0.42,8.0,0,0,37,2,22127.527796768845,135,2,Female,20-39
100388,27.0,14.0,74.0,4.0,0.79,11.0,0,0,56,2,33288.445295184225,137,2,Female,40-59
100389,20.0,16.0,22.0,3.6,1.02,22.0,0,0,55,2,30327.681322408436,142,2,Female,40-59
100390,17.0,19.0,22.0,3.6,1.23,14.0,0,0,67,2,9271.031351230014,144,1,Female,60-79
100393,48.0,34.0,55.0,4.3,0.84,16.0,0,0,52,1,160432.98020040308,135,1,Male,40-59
100395,,,,,,,,,77,2,14568.011855875373,145,2,Female,60-79
100396,19.0,18.0,16.0,3.9,0.6,14.0,0,0,65,2,12030.033455948615,136,2,Female,60-79
100399,10.0,13.0,10.0,3.8,0.9,22.0,0,0,74,2,58845.17265897308,141,2,Female,60-79
100402,17.0,16.0,14.0,4.1,1.0,11.0,0,0,51,2,101242.47675458835,140,2,Female,40-59
100404,17.0,20.0,34.0,4.4,0.58,18.0,0,0,66,2,11815.549898841513,142,2,Female,60-79
100407,24.0,18.0,25.0,4.2,1.23,16.0,0,0,55,1,23757.86732760675,134,1,Male,40-59
100410,16.0,14.0,15.0,4.1,0.55,12.0,0,0,58,2,16476.98422367754,137,2,Female,40-59
100411,16.0,17.0,16.0,3.7,1.17,17.0,0,0,68,1,8633.27610468974,134,2,Male,60-79
100412,53.0,37.0,22.0,4.8,0.5,10.0,0,0,65,2,10074.197075460881,137,1,Female,60-79
100414,13.0,20.0,24.0,4.0,1.49,20.0,0,0,80,1,46483.40879342682,142,2,Male,80+
100415,19.0,22.0,31.0,3.8,0.73,12.0,0,0,49,2,22946.681205863126,142,2,Female,40-59
100418,14.0,20.0,12.0,4.3,0.94,13.0,0,0,31,1,196668.12924605506,141,1,Male,20-39
100419,25.0,16.0,59.0,4.2,1.27,20.0,0,0,40,1,25622.623257336913,140,1,Male,40-59
100420,,,,,,,,,34,1,35318.9345091395,140,1,Male,20-39
100421,12.0,17.0,20.0,3.8,0.64,17.0,0,0,50,2,55500.2622780362,134,2,Female,40-59
100422,25.0,33.0,36.0,3.5,1.11,12.0,0,0,66,1,7096.618477040731,146,1,Male,60-79
100424,,,,,,,,,73,2,13271.334180298749,138,1,Female,60-79
100425,15.0,22.0,28.0,3.8,1.63,18.0,0,0,79,1,11325.890132935583,139,1,Male,60-79
100427,8.0,15.0,17.0,3.8,0.52,9.0,0,0,38,2,67254.30310915323,148,1,Female,20-39
100428,14.0,16.0,14.0,4.5,0.72,16.0,0,0,29,2,12289.744632717793,148,2,Female,20-39
100429,42.0,21.0,17.0,4.3,0.76,14.0,0,0,33,1,66897.6679402158,144,2,Male,20-39
100431,22.0,20.0,13.0,4.0,0.58,14.0,0,0,28,2,75376.69323571044,142,2,Female,20-39
100432,,,,,,,,,29,1,27458.62709254414,141,2,Male,20-39
100433,19.0,18.0,28.0,4.0,0.8,16.0,0,0,67,1,10774.861771980697,135,1,Male,60-79
100434,14.0,14.0,14.0,4.1,0.61,11.0,0,0,32,2,47992.44562892405,141,2,Female,20-39
100436,16.0,17.0,16.0,3.7,0.64,13.0,0,0,48,2,62243.9903132519,142,2,Female,40-59
100438,15.0,17.0,9.0,4.2,0.68,12.0,0,0,22,2,20472.010977374463,135,2,Female,20-39
100440,13.0,13.0,9.0,4.3,0.63,17.0,0,0,28,2,44888.35030356202,136,2,Female,20-39
100442,14.0,18.0,35.0,3.9,1.05,14.0,0,0,68,2,190541.56796277527,143,2,Female,60-79
100443,,,,,,,,,26,1,48179.71826124978,144,2,Male,20-39
100445,9.0,14.0,19.0,4.2,0.79,24.0,0,0,61,2,21636.630860924695,143,2,Female,60-79
100446,46.0,27.0,43.0,3.7,0.97,12.0,0,0,60,1,11257.582121163103,140,2,Male,60-79
100447,14.0,14.0,15.0,4.0,0.87,18.0,0,0,50,1,37824.625272367935,137,1,Male,40-59
100451,11.0,14.0,19.0,3.9,0.6,11.0,0,0,40,2,27188.82731085248,137,1,Female,40-59
100454,,,,,,,,,52,2,22148.468562390004,137,1,Female,40-59
100455,28.0,19.0,93.0,3.7,2.74,63.0,0,0,80,1,18455.321088043518,140,1,Male,80+
100460,26.0,18.0,14.0,4.2,0.85,8.0,0,0,55,1,80850.9082236445,140,2,Male,40-59
100463,16.0,20.0,17.0,4.0,0.9,12.0,0,0,28,1,34532.31190394711,137,1,Male,20-39
100464,29.0,27.0,24.0,4.2,1.13,15.0,0,0,32,1,37499.75057742822,145,2,Male,20-39
100465,,,,,,,,,30,2,19674.213264798735,141,1,Female,20-39
100468,12.0,14.0,19.0,4.4,0.81,12.0,0,0,52,2,10544.817670949738,147,1,Female,40-59
100469,14.0,17.0,34.0,3.8,1.91,47.0,0,0,75,1,18019.36897367319,147,1,Male,60-79
100474,9.0,14.0,12.0,3.3,0.65,10.0,0,0,67,2,55253.66834089973,146,2,Female,60-79
100476,22.0,19.0,11.0,3.8,0.65,10.0,0,0,38,2,28062.782792277558,134,2,Female,20-39
100480,13.0,28.0,24.0,3.8,0.93,15.0,0,0,80,1,23060.087724472083,134,2,Male,80+
100481,19.0,16.0,20.0,4.6,0.76,25.0,0,0,59,2,15640.712171412375,135,2,Female,40-59
100483,20.0,15.0,45.0,4.2,0.47,13.0,0,0,51,2,18503.78543218126,137,1,Female,40-59
100484,10.0,12.0,15.0,3.7,0.73,13.0,0,0,55,2,52394.690104659334,141,2,Female,40-59
100485,25.0,21.0,27.0,4.0,1.14,18.0,0,0,67,1,165354.9622659442,147,2,Male,60-79
100486,,,,,,,,,74,1,60215.86222392942,142,2,Male,60-79
100490,7.0,15.0,14.0,3.7,1.06,23.0,0,0,80,2,35616.251326064135,139,2,Female,80+
100492,34.0,46.0,46.0,4.1,1.52,15.0,0,0,55,1,21369.608623623866,137,1,Male,40-59
100494,17.0,20.0,13.0,4.4,1.07,20.0,0,0,29,1,27925.59972914538,136,1,Male,20-39
100497,21.0,29.0,51.0,4.4,1.17,30.0,0,0,80,2,28551.210862668162,140,1,Female,80+
100499,11.0,14.0,19.0,3.9,0.61,14.0,0,0,52,2,14190.534259718097,137,2,Female,40-59
100500,10.0,14.0,12.0,2.9,0.7,11.0,0,0,34,2,13138.717070515104,148,1,Female,20-39
100501,15.0,13.0,15.0,4.0,1.1,22.0,0,0,72,1,12420.477238147316,148,1,Male,60-79
100505,15.0,22.0,11.0,3.6,0.76,14.0,0,0,57,2,17661.467175335365,140,1,Female,40-59
100508,15.0,25.0,11.0,4.2,1.28,23.0,0,0,80,2,29388.37179857992,142,1,Female,80+
100509,16.0,15.0,12.0,4.2,0.96,22.0,0,0,79,2,66732.82859847233,142,1,Female,60-79
100510,19.0,17.0,9.0,3.0,0.58,11.0,0,0,37,2,22419.27649976081,143,2,Female,20-39
100511,14.0,17.0,14.0,3.7,0.92,16.0,0,0,64,2,16508.64081585306,145,2,Female,60-79
100513,14.0,31.0,23.0,4.2,0.85,7.0,0,0,56,1,18425.900128877285,144,1,Male,40-59
100514,60.0,30.0,64.0,4.2,0.73,12.0,0,0,37,1,68845.44831571306,136,1,Male,20-39
100515,25.0,27.0,31.0,4.5,0.64,12.0,0,0,70,2,7711.386790800771,143,2,Female,60-79
100516,20.0,20.0,24.0,3.9,0.81,11.0,0,0,61,1,12352.525121180395,145,1,Male,60-79
100517,25.0,25.0,33.0,3.9,0.8,7.0,0,0,39,1,168618.23078603853,143,2,Male,20-39
100521,27.0,34.0,14.0,3.9,0.89,16.0,0,0,58,1,11726.218558257868,148,1,Male,40-59
100524,18.0,21.0,18.0,4.0,0.9,16.0,0,0,20,1,56412.14400981182,142,2,Male,20-39
100526,13.0,16.0,17.0,4.2,0.6,12.0,0,0,33,2,75035.5640439237,140,1,Female,20-39
100528,17.0,18.0,15.0,4.1,0.68,14.0,0,0,47,2,288489.4049815192,135,1,Female,40-59
100530,34.0,32.0,53.0,4.5,1.22,12.0,0,0,52,1,10205.49938619631,138,2,Male,40-59
100531,11.0,17.0,13.0,4.1,0.77,14.0,0,0,80,1,15766.928648476181,140,1,Male,80+
100532,19.0,16.0,24.0,4.0,0.65,13.0,0,0,46,2,26406.11376700752,147,1,Female,40-59
100534,23.0,19.0,21.0,3.5,0.9,22.0,0,0,77,2,18693.822020494834,134,2,Female,60-79
100535,38.0,31.0,57.0,4.7,0.78,15.0,0,0,56,2,15780.845674832883,135,2,Female,40-59
100537,68.0,27.0,47.0,3.7,0.52,9.0,0,0,32,2,21655.051843518617,141,2,Female,20-39
100540,4.0,15.0,10.0,4.2,0.6,9.0,0,0,35,2,49610.520610933425,134,1,Female,20-39
100544,18.0,28.0,78.0,3.6,0.69,6.0,0,0,61,2,11931.97797423952,142,2,Female,60-79
100546,17.0,20.0,18.0,4.3,0.77,20.0,0,0,31,2,98477.90450712272,135,1,Female,20-39
100548,25.0,28.0,12.0,4.4,0.73,10.0,0,0,33,2,227915.56761898324,134,2,Female,20-39
100549,10.0,14.0,17.0,4.0,0.66,19.0,0,0,76,2,45693.757475904546,147,1,Female,60-79
100551,17.0,16.0,14.0,3.9,1.11,18.0,0,0,66,1,221823.4189005952,141,1,Male,60-79
100554,19.0,25.0,24.0,4.0,1.11,23.0,0,0,65,1,5580.4061522491975,145,2,Male,60-79
100556,27.0,24.0,33.0,3.8,0.78,26.0,0,0,65,2,33221.70210941017,139,2,Female,60-79
100557,37.0,26.0,19.0,4.2,1.03,13.0,0,0,52,1,26029.940838899372,134,1,Male,40-59
100558,35.0,19.0,84.0,4.2,1.23,19.0,0,0,60,1,15506.810324647167,148,2,Male,60-79
100560,17.0,20.0,15.0,4.2,0.67,18.0,0,0,74,2,29350.969108149337,139,1,Female,60-79
100563,23.0,23.0,64.0,4.2,0.93,9.0,0,0,45,2,23397.779968881503,146,2,Female,40-59
100565,21.0,21.0,24.0,4.1,0.97,8.0,0,0,70,1,10077.037650845457,139,2,Male,60-79
100568,25.0,12.0,56.0,3.8,0.68,8.0,0,0,46,1,13889.592685405752,136,2,Male,40-59
100570,19.0,20.0,14.0,3.7,0.87,22.0,0,0,69,2,15876.457129484468,137,1,Female,60-79
100571,37.0,,43.0,4.3,0.96,15.0,0,0,30,1,32421.820823037244,144,1,Male,20-39
100572,37.0,27.0,43.0,3.8,0.95,12.0,0,0,41,1,22335.735206235753,143,2,Male,40-59
100574,38.0,26.0,35.0,4.2,0.58,20.0,0,0,53,2,10994.960771548085,138,2,Female,40-59
100575,20.0,27.0,56.0,4.2,0.79,19.0,0,0,50,2,11704.520068890146,140,2,Female,40-59
100576,16.0,17.0,20.0,4.1,1.02,10.0,0,0,62,1,15782.293301527783,140,1,Male,60-79
100577,9.0,14.0,16.0,4.2,0.94,14.0,0,0,27,2,41679.59462975782,144,2,Female,20-39
100579,15.0,17.0,54.0,3.8,1.38,22.0,0,0,59,1,268261.5134782995,146,2,Male,40-59
100580,29.0,25.0,27.0,4.0,1.14,18.0,0,0,65,1,10208.911608167735,138,1,Male,60-79
100581,16.0,19.0,22.0,3.7,1.36,10.0,0,0,78,1,8951.455937327493,145,2,Male,60-79
100582,,,,,,,,,54,1,11677.45249817243,137,1,Male,40-59
100583,15.0,15.0,17.0,3.6,0.54,14.0,0,0,29,2,18116.605257252264,136,2,Female,20-39
100584,14.0,16.0,20.0,4.1,0.97,28.0,0,0,63,1,107744.0110629476,134,1,Male,60-79
100586,28.0,20.0,64.0,3.8,0.77,19.0,0,0,80,1,17027.958198697597,135,2,Male,80+
100589,36.0,28.0,18.0,4.4,0.6,18.0,0,0,33,2,22733.345440706027,136,2,Female,20-39
100590,17.0,18.0,14.0,3.7,0.87,10.0,0,0,24,1,20985.427815749837,135,2,Male,20-39
100594,13.0,40.0,184.0,2.1,0.55,2.0,0,0,59,1,15867.504261411925,145,1,Male,40-59
100597,16.0,17.0,24.0,4.2,0.98,20.0,0,0,71,1,11604.510736427517,136,2,Male,60-79
100599,24.0,21.0,14.0,3.8,0.95,22.0,0,0,54,1,43860.665541953196,140,2,Male,40-59
100608,73.0,74.0,127.0,4.2,0.66,13.0,0,0,64,2,20282.38813571661,140,2,Female,60-79
100610,14.0,18.0,19.0,4.0,0.75,9.0,0,0,41,2,14809.104316372379,144,1,Female,40-59
100611,32.0,24.0,27.0,4.4,0.8,16.0,0,0,43,1,23478.965989011216,137,1,Male,40-59
100613,,,,,,,,,26,1,11323.73985523199,135,2,Male,20-39
100617,31.0,30.0,24.0,4.1,0.99,16.0,0,0,76,1,93068.63810139037,143,2,Male,60-79
100619,25.0,24.0,46.0,4.3,0.79,20.0,0,0,28,2,84653.96980361597,147,2,Female,20-39
100621,18.0,18.0,25.0,4.3,0.65,17.0,0,0,40,1,310518.3884875747,135,2,Male,40-59
100622,15.0,16.0,38.0,4.2,1.13,10.0,0,0,43,1,54682.76417279327,135,1,Male,40-59
100623,8.0,11.0,21.0,4.2,0.85,11.0,0,0,36,2,129734.09806984395,143,2,Female,20-39
100624,15.0,18.0,14.0,4.1,0.79,23.0,0,0,23,1,34018.090785322645,148,2,Male,20-39
100625,22.0,17.0,82.0,4.1,0.51,16.0,0,0,54,2,21002.990326377527,135,1,Female,40-59
100627,7.0,14.0,12.0,4.0,0.87,7.0,0,0,43,2,49571.892814236555,139,2,Female,40-59
100628,30.0,27.0,42.0,4.6,1.63,18.0,0,0,33,1,21041.374045151322,141,1,Male,20-39
100629,7.0,15.0,8.0,4.2,0.66,21.0,0,0,67,1,5798.116256484363,137,1,Male,60-79
100632,41.0,26.0,71.0,4.1,1.21,8.0,0,0,39,1,38677.31116835402,146,1,Male,20-39
100633,,,,,,,,,61,1,10191.871295099598,148,2,Male,60-79
100634,22.0,17.0,69.0,4.3,0.68,6.0,0,0,38,1,34407.893193117474,147,1,Male,20-39
100635,21.0,16.0,17.0,4.1,0.76,15.0,0,0,39,1,27196.589050736307,134,2,Male,20-39
100636,30.0,18.0,31.0,4.1,0.85,12.0,0,0,46,1,15076.732337510417,138,2,Male,40-59
100638,44.0,58.0,130.0,3.8,1.44,22.0,0,0,42,1,29404.21356842099,148,1,Male,40-59
100639,13.0,17.0,23.0,4.1,1.03,36.0,0,0,80,2,21144.55989047236,142,1,Female,80+
100641,14.0,16.0,21.0,3.9,0.83,11.0,0,0,24,2,42015.649931068205,140,2,Female,20-39
100642,14.0,19.0,31.0,4.1,1.34,17.0,0,0,65,1,6279.819428283688,142,2,Male,60-79
100644,17.0,13.0,19.0,4.7,0.66,15.0,0,0,31,2,30006.628727914715,140,1,Female,20-39
100646,11.0,17.0,13.0,3.4,1.18,22.0,0,0,80,1,47558.328192054796,137,2,Male,80+
100647,69.0,28.0,141.0,4.4,1.0,25.0,0,0,33,1,68581.62948350213,141,1,Male,20-39
100649,36.0,24.0,27.0,4.2,1.03,10.0,0,0,43,1,32446.078280594425,142,2,Male,40-59
100650,,,,,,,,,61,2,56398.93664776913,147,2,Female,60-79
100653,120.0,68.0,34.0,4.3,0.97,11.0,0,0,25,1,39554.53593984553,138,1,Male,20-39
100654,13.0,18.0,16.0,3.7,0.68,22.0,0,0,74,2,64788.408749926486,146,1,Female,60-79
100657,11.0,19.0,13.0,3.6,0.79,20.0,0,0,57,2,22919.36216374994,144,2,Female,40-59
100663,14.0,15.0,33.0,3.6,0.88,14.0,0,0,71,2,171414.649051174,147,2,Female,60-79
100667,13.0,23.0,23.0,4.4,1.22,16.0,0,0,20,1,29537.080867663066,141,1,Male,20-39
100670,15.0,29.0,30.0,4.0,1.11,21.0,0,0,41,1,18730.68606661638,134,2,Male,40-59
100672,14.0,15.0,19.0,4.5,0.62,14.0,0,0,25,2,32668.23283826482,135,1,Female,20-39
100673,9.0,15.0,14.0,4.1,0.64,4.0,0,0,35,2,20522.268245083495,145,2,Female,20-39
100674,22.0,28.0,21.0,4.3,1.22,17.0,0,0,80,1,9849.260369141426,140,1,Male,80+
100675,6.0,14.0,15.0,3.9,0.68,9.0,0,0,21,2,45399.07412639096,138,1,Female,20-39
100677,10.0,16.0,9.0,4.0,0.72,8.0,0,0,56,2,57443.01486505906,135,1,Female,40-59
100681,42.0,28.0,62.0,3.6,0.82,16.0,0,0,56,2,18577.27280042828,148,1,Female,40-59
100684,14.0,20.0,27.0,3.7,0.71,8.0,0,0,35,2,27255.02022206622,139,1,Female,20-39
100689,16.0,16.0,24.0,4.3,1.18,13.0,0,0,21,1,32339.98889272834,144,1,Male,20-39
100692,20.0,17.0,24.0,4.0,0.98,17.0,0,0,62,1,142001.40095808572,136,1,Male,60-79
100693,13.0,13.0,24.0,3.6,0.82,9.0,0,0,49,2,27784.46840339759,144,2,Female,40-59
100696,9.0,12.0,24.0,4.1,0.91,15.0,0,0,70,1,25073.476885256587,142,2,Male,60-79
100697,27.0,26.0,16.0,3.8,1.0,15.0,0,0,32,1,79818.10256698779,137,2,Male,20-39
100698,9.0,14.0,8.0,4.3,0.64,13.0,0,0,48,2,16253.378797099098,137,1,Female,40-59
100701,9.0,16.0,31.0,3.7,0.65,10.0,0,0,33,2,30878.071128045416,147,1,Female,20-39
100705,24.0,20.0,14.0,4.3,0.61,11.0,0,0,56,2,160725.956027591,139,1,Female,40-59
100706,,,,,,,,,66,1,25196.31646580964,143,2,Male,60-79
100707,11.0,12.0,12.0,4.3,0.55,17.0,0,0,34,2,115896.93251844934,142,2,Female,20-39
100709,15.0,22.0,22.0,4.2,1.03,18.0,0,0,38,1,31750.542806702306,139,2,Male,20-39
100710,16.0,18.0,10.0,4.0,1.25,18.0,0,0,33,1,35117.40041605838,143,2,Male,20-39
100711,18.0,16.0,19.0,4.0,0.64,15.0,0,0,69,2,138560.39868862787,134,1,Female,60-79
100713,10.0,19.0,12.0,4.6,0.79,15.0,0,0,38,2,125026.31809892593,134,1,Female,20-39
100714,10.0,14.0,13.0,4.1,0.72,11.0,0,0,37,2,70450.00650205095,145,1,Female,20-39
100715,17.0,19.0,15.0,4.1,0.93,18.0,0,0,51,2,90424.87738198058,146,1,Female,40-59
100716,25.0,26.0,67.0,4.1,0.57,11.0,0,0,79,2,15570.655601822813,143,2,Female,60-79
100717,70.0,36.0,140.0,3.8,0.9,11.0,0,0,49,2,16001.137800280112,137,2,Female,40-59
100720,14.0,13.0,16.0,4.3,0.92,25.0,0,0,59,1,50394.29669110366,137,1,Male,40-59
100721,30.0,23.0,16.0,3.9,0.48,15.0,0,0,73,2,17361.295775452578,138,1,Female,60-79
100723,25.0,24.0,28.0,3.8,1.05,15.0,0,0,80,1,13981.74890936651,136,1,Male,80+
100725,24.0,20.0,11.0,4.1,0.91,20.0,0,0,67,2,19710.65273143632,138,2,Female,60-79
100726,17.0,21.0,39.0,4.1,0.75,12.0,0,0,69,2,11463.962023328495,148,1,Female,60-79
100727,11.0,13.0,16.0,3.9,0.85,8.0,0,0,26,1,10224.209243243029,139,2,Male,20-39
100728,24.0,26.0,17.0,4.2,1.05,24.0,0,0,68,2,47363.432538843816,145,1,Female,60-79
100730,14.0,13.0,44.0,3.9,0.68,10.0,0,0,44,2,8528.331361076995,139,2,Female,40-59
100732,123.0,72.0,94.0,4.5,0.96,15.0,0,0,35,1,20434.763683741956,141,2,Male,20-39
100733,21.0,20.0,34.0,3.7,0.5,7.0,0,0,44,2,27351.15746719704,135,2,Female,40-59
100735,13.0,12.0,8.0,3.8,1.0,14.0,0,0,76,2,24038.589918008813,134,1,Female,60-79
100738,24.0,25.0,14.0,3.6,0.56,17.0,0,0,39,2,67312.37043131106,137,2,Female,20-39
100739,21.0,25.0,18.0,3.9,1.24,14.0,0,0,79,1,49928.92075189229,142,1,Male,60-79
100740,24.0,18.0,35.0,4.3,0.92,13.0,0,0,20,1,166329.58636475506,138,2,Male,20-39
100741,21.0,25.0,34.0,4.0,0.81,11.0,0,0,66,1,180912.90521602964,134,1,Male,60-79
100742,12.0,15.0,23.0,4.4,1.06,13.0,0,0,34,1,27280.385981371524,134,2,Male,20-39
100743,7.0,15.0,15.0,4.1,0.74,15.0,0,0,52,2,33838.18950928648,135,1,Female,40-59
100745,22.0,19.0,37.0,4.6,0.86,15.0,0,0,64,1,5935.779832067948,135,1,Male,60-79
100747,43.0,20.0,24.0,4.4,0.75,22.0,0,0,55,2,278720.9866209337,141,1,Female,40-59
100748,16.0,21.0,45.0,4.3,0.88,19.0,0,0,62,2,14735.928684554072,136,1,Female,60-79
100749,78.0,51.0,46.0,4.2,1.03,14.0,0,0,21,1,47238.57149200864,137,2,Male,20-39
100752,18.0,20.0,21.0,4.5,0.95,18.0,0,0,42,1,10515.974157855151,143,1,Male,40-59
100754,24.0,20.0,76.0,4.2,0.83,16.0,0,0,54,1,47302.53933951553,143,1,Male,40-59
100756,20.0,23.0,37.0,4.3,1.3,19.0,0,0,60,1,8559.612904055743,135,1,Male,60-79
100759,28.0,35.0,42.0,4.3,0.86,10.0,0,0,35,1,40377.215234144074,143,2,Male,20-39
100760,13.0,18.0,15.0,4.0,0.65,18.0,0,0,63,2,103133.9284926917,135,2,Female,60-79
100761,16.0,23.0,16.0,4.0,1.07,35.0,0,0,80,1,45153.35436256776,140,1,Male,80+
100764,,,,,,,,,47,2,13185.35041674763,140,1,Female,40-59
100765,28.0,22.0,17.0,3.9,0.76,17.0,0,0,48,2,16232.533670031398,137,1,Female,40-59
100768,11.0,25.0,37.0,3.9,0.73,14.0,0,0,42,2,24873.80921757684,136,1,Female,40-59
100771,11.0,15.0,13.0,3.9,1.36,31.0,0,0,68,2,41816.099852777035,145,1,Female,60-79
100772,16.0,16.0,28.0,3.5,0.83,7.0,0,0,45,2,26880.96803997556,144,2,Female,40-59
100774,37.0,25.0,89.0,4.3,1.21,18.0,0,0,61,1,10895.77346770102,138,1,Male,60-79
100775,7.0,12.0,7.0,4.0,0.71,13.0,0,0,21,2,92029.60142534628,142,2,Female,20-39
100780,21.0,18.0,52.0,3.9,0.84,16.0,0,0,54,1,29969.981351254923,146,1,Male,40-59
100782,27.0,20.0,25.0,4.3,0.87,17.0,0,0,39,1,82606.91548557914,143,2,Male,20-39
100787,20.0,20.0,37.0,4.1,1.27,16.0,0,0,72,1,62446.30869398567,142,1,Male,60-79
100788,81.0,48.0,28.0,4.0,1.08,9.0,0,0,35,1,39016.930707046515,142,2,Male,20-39
100790,26.0,21.0,99.0,4.6,0.98,19.0,0,0,60,2,8476.633485975151,144,1,Female,60-79
100792,9.0,14.0,11.0,3.7,1.5,27.0,0,0,68,2,9526.040503556225,144,1,Female,60-79
100795,17.0,20.0,14.0,4.3,0.81,15.0,0,0,78,1,102822.18490319095,136,2,Male,60-79
100800,11.0,18.0,11.0,4.0,0.66,15.0,0,0,76,2,44200.787424371876,135,1,Female,60-79
100801,31.0,21.0,33.0,3.9,0.84,15.0,0,0,34,1,30167.976618596414,139,2,Male,20-39
100802,15.0,13.0,19.0,3.9,0.66,13.0,0,0,51,2,28248.985857630403,141,1,Female,40-59
100805,9.0,21.0,11.0,4.2,1.09,22.0,0,0,80,2,32893.37165074156,136,1,Female,80+
100815,,,,,,,,,53,2,54379.29702612979,142,2,Female,40-59
100816,27.0,24.0,23.0,3.9,0.7,21.0,0,0,43,2,23278.686469417822,139,2,Female,40-59
100817,39.0,47.0,41.0,3.9,0.73,10.0,0,0,60,2,10377.100227119827,138,1,Female,60-79
100818,,,,,,,,,27,2,20332.743514501737,147,2,Female,20-39
100819,23.0,23.0,25.0,4.1,0.91,12.0,0,0,30,1,17807.2503952654,144,1,Male,20-39
100821,18.0,20.0,20.0,4.1,0.54,8.0,0,0,68,2,17056.92957509466,140,1,Female,60-79
100825,13.0,17.0,13.0,4.3,0.63,10.0,0,0,37,2,16798.42122616251,146,1,Female,20-39
100827,,,,,,,,,45,2,320792.7261222312,137,2,Female,40-59
100829,17.0,15.0,28.0,3.7,0.89,11.0,0,0,43,1,19949.982223467912,147,2,Male,40-59
100831,,,,,,,,,74,2,19580.848967143793,134,2,Female,60-79
100832,,,,,,,,,36,2,69723.47766770922,136,1,Female,20-39
100834,9.0,16.0,18.0,4.3,0.86,18.0,0,0,80,1,13496.860282936734,135,2,Male,80+
100836,11.0,15.0,18.0,4.2,0.67,15.0,0,0,63,1,18581.756048030864,137,1,Male,60-79
100837,20.0,19.0,17.0,4.1,1.35,22.0,0,0,68,1,32975.446957983535,137,2,Male,60-79
100838,29.0,17.0,26.0,3.8,0.78,9.0,0,0,37,2,38527.910247992964,136,1,Female,20-39
100840,26.0,49.0,19.0,4.4,0.87,14.0,0,0,76,1,35190.000267120966,140,1,Male,60-79
100841,12.0,16.0,17.0,4.1,0.68,10.0,0,0,41,2,14073.25042848256,134,1,Female,40-59
100843,50.0,45.0,61.0,4.2,1.08,6.0,0,0,33,1,27120.152356764356,146,2,Male,20-39
100844,11.0,20.0,16.0,3.8,0.83,14.0,0,0,59,1,23446.478625179472,147,1,Male,40-59
100846,23.0,18.0,20.0,4.3,1.06,18.0,0,0,29,1,37989.342463533176,140,2,Male,20-39
100847,,,,,,,,,57,2,45355.102162265975,144,2,Female,40-59
100848,19.0,22.0,42.0,4.4,0.66,12.0,0,0,70,2,151132.153271412,141,1,Female,60-79
100849,49.0,29.0,43.0,4.3,0.88,16.0,0,0,26,1,38976.48216325078,148,1,Male,20-39
100851,17.0,18.0,39.0,3.8,0.78,24.0,0,0,71,2,85172.5994847058,140,1,Female,60-79
100853,46.0,54.0,86.0,3.7,1.73,27.0,0,0,80,1,26547.75301055036,136,2,Male,80+
100855,12.0,19.0,5.0,4.0,0.76,6.0,0,0,30,2,66143.52163885793,145,1,Female,20-39
100856,43.0,42.0,82.0,4.1,0.81,21.0,0,0,75,2,17725.740957173133,136,1,Female,60-79
100860,6.0,10.0,17.0,3.5,0.87,9.0,0,0,36,2,40726.225279777274,140,2,Female,20-39
100861,50.0,33.0,19.0,4.2,0.87,16.0,0,0,36,1,26780.245171863447,139,2,Male,20-39
100862,18.0,19.0,17.0,4.1,0.67,15.0,0,0,62,2,11969.013292173655,140,1,Female,60-79
100865,,,,,,,,,52,2,29522.876305052152,139,2,Female,40-59
100866,31.0,30.0,43.0,4.1,1.06,18.0,0,0,46,1,22020.88080482827,145,1,Male,40-59
100872,13.0,13.0,16.0,4.1,0.5,14.0,0,0,71,2,16817.609789251022,142,2,Female,60-79
100874,27.0,23.0,21.0,3.9,0.9,14.0,0,0,55,1,12003.687410249064,144,2,Male,40-59
100875,22.0,25.0,17.0,4.1,0.74,15.0,0,0,80,1,23842.77067034827,140,2,Male,80+
100876,32.0,30.0,32.0,3.9,1.17,19.0,0,0,77,1,22058.663907010276,148,1,Male,60-79
100877,16.0,21.0,26.0,4.3,1.14,11.0,0,0,25,1,34743.380533944684,142,2,Male,20-39
100879,12.0,14.0,28.0,4.1,1.04,9.0,0,0,71,1,7854.228926291468,141,1,Male,60-79
100880,13.0,14.0,20.0,3.8,1.14,18.0,0,0,46,1,30515.626842863814,139,2,Male,40-59
100881,21.0,26.0,18.0,4.5,1.33,15.0,0,0,26,1,34374.30993985832,137,1,Male,20-39
100886,15.0,21.0,23.0,4.2,1.09,18.0,0,0,72,2,41459.142850942415,139,1,Female,60-79
100887,19.0,14.0,26.0,4.0,0.76,15.0,0,0,64,2,8764.744441781675,144,1,Female,60-79
100890,21.0,31.0,36.0,3.5,0.57,13.0,0,0,68,2,8750.815659310729,145,2,Female,60-79
100892,13.0,16.0,11.0,4.6,1.09,12.0,0,0,23,1,52180.474562318,137,2,Male,20-39
100895,27.0,20.0,14.0,4.0,0.76,13.0,0,0,58,2,22060.443059866164,135,2,Female,40-59
100896,35.0,22.0,48.0,3.7,0.62,17.0,0,0,28,2,125852.79446100617,142,2,Female,20-39
100898,8.0,18.0,15.0,3.8,0.67,13.0,0,0,42,2,28776.475892953076,139,2,Female,40-59
100902,12.0,13.0,14.0,4.2,0.73,13.0,0,0,52,2,16672.25153702141,136,1,Female,40-59
100905,23.0,22.0,35.0,4.4,1.01,12.0,0,0,80,1,34730.59204275586,144,1,Male,80+
100907,19.0,16.0,19.0,4.4,0.99,16.0,0,0,41,1,137240.78017808945,142,1,Male,40-59
100910,,,,,,,,,27,1,115702.56472725626,142,1,Male,20-39
100911,20.0,16.0,33.0,4.2,0.97,15.0,0,0,26,1,173848.56111772815,135,1,Male,20-39
100913,23.0,20.0,19.0,4.0,0.77,10.0,0,0,23,2,37736.88037288557,143,2,Female,20-39
100914,14.0,19.0,11.0,3.6,0.81,14.0,0,0,80,2,37544.69618377364,136,2,Female,80+
100915,21.0,21.0,33.0,4.1,0.94,11.0,0,0,67,1,159258.30526372994,145,2,Male,60-79
100919,13.0,22.0,13.0,4.3,0.95,17.0,0,0,80,1,13963.273258991156,141,2,Male,80+
100920,17.0,20.0,13.0,3.8,0.96,14.0,0,0,61,2,77431.75535764932,145,2,Female,60-79
100923,13.0,13.0,23.0,4.0,0.74,7.0,0,0,22,1,35617.34233008446,139,1,Male,20-39
100924,17.0,16.0,18.0,4.1,0.75,17.0,0,0,40,2,29031.825734988928,142,1,Female,40-59
100925,12.0,20.0,38.0,3.6,1.11,9.0,0,0,45,2,24275.238922084354,146,1,Female,40-59
100926,,,,,,,,,51,1,9520.458248664672,141,1,Male,40-59
100928,12.0,20.0,17.0,4.6,0.86,18.0,0,0,25,1,143271.6380725632,146,1,Male,20-39
100929,27.0,22.0,44.0,3.6,0.83,6.0,0,0,40,2,39945.67246731284,144,1,Female,40-59
100930,35.0,29.0,51.0,4.4,0.67,12.0,0,0,59,2,18608.965626639103,140,1,Female,40-59
100933,18.0,19.0,14.0,3.9,0.6,16.0,0,0,65,2,17354.471239967217,138,1,Female,60-79
100934,12.0,15.0,7.0,3.8,0.77,9.0,0,0,37,2,75167.33891552038,135,1,Female,20-39
100935,23.0,27.0,35.0,3.9,0.9,17.0,0,0,20,1,42180.80214731316,143,2,Male,20-39
100936,29.0,26.0,38.0,3.7,0.59,17.0,0,0,57,2,16685.348383979508,136,1,Female,40-59
100937,30.0,30.0,49.0,4.5,1.02,16.0,0,0,55,1,41071.69378233806,135,1,Male,40-59
100938,,,,,,,,,37,2,48184.98620767232,134,2,Female,20-39
100941,8.0,15.0,33.0,3.4,0.75,17.0,0,0,80,2,14568.011855875373,145,2,Female,80+
100942,16.0,13.0,16.0,4.1,0.94,8.0,0,0,20,1,75215.42376816728,142,2,Male,20-39
100943,,,,,,,,,42,2,23876.068134324196,136,2,Female,40-59
100947,16.0,15.0,59.0,4.2,0.86,15.0,0,0,37,2,44147.13766617874,146,2,Female,20-39
100948,39.0,32.0,30.0,4.1,0.85,9.0,0,0,68,2,11436.861186555105,134,2,Female,60-79
100949,17.0,19.0,19.0,3.6,0.88,17.0,0,0,51,2,8658.813699447186,135,2,Female,40-59
100950,53.0,113.0,369.0,3.4,1.12,15.0,0,0,61,2,10949.323883907093,143,2,Female,60-79
100951,5.0,7.0,11.0,3.1,1.63,48.0,0,0,62,1,23458.97376670248,135,2,Male,60-79
100952,28.0,21.0,77.0,4.3,0.85,14.0,0,0,21,1,162895.7971493766,143,1,Male,20-39
100954,86.0,34.0,31.0,4.5,0.93,14.0,0,0,47,1,11623.629197618764,137,1,Male,40-59
100955,57.0,34.0,646.0,4.2,0.88,9.0,0,0,64,1,5933.617952020022,146,2,Male,60-79
100961,11.0,18.0,8.0,4.1,0.84,8.0,0,0,20,2,56031.44516974626,139,2,Female,20-39
100963,,,,,,,,,80,1,9398.50665514892,141,1,Male,80+
100965,15.0,20.0,9.0,3.8,0.83,11.0,0,0,25,2,27854.895564121365,139,1,Female,20-39
100966,12.0,15.0,6.0,4.4,0.56,22.0,0,0,37,2,46337.57709616471,142,1,Female,20-39
100967,12.0,18.0,13.0,4.4,0.81,13.0,0,0,38,2,65465.23294137083,147,2,Female,20-39
100968,14.0,14.0,18.0,3.9,0.76,27.0,0,0,65,2,9078.80902615503,148,2,Female,60-79
100969,12.0,15.0,10.0,3.8,3.1,46.0,0,0,61,2,22801.400832230152,146,2,Female,60-79
100971,16.0,18.0,32.0,3.9,0.65,11.0,0,0,22,2,22076.6976209214,143,2,Female,20-39
100972,21.0,24.0,23.0,4.3,1.4,12.0,0,0,57,1,27899.7837459968,139,1,Male,40-59
100973,29.0,23.0,32.0,3.8,0.92,12.0,0,0,28,1,21195.184817234305,145,1,Male,20-39
100975,,,,,,,,,34,1,27847.957913371083,147,1,Male,20-39
100980,,,,,,,,,30,2,15696.780447754114,138,2,Female,20-39
100983,13.0,16.0,17.0,4.3,0.68,15.0,0,0,42,2,22421.7854846825,139,1,Female,40-59
100985,27.0,64.0,17.0,4.6,1.03,13.0,0,0,23,1,302433.2148348379,141,1,Male,20-39
100986,20.0,16.0,22.0,4.1,0.58,6.0,0,0,50,2,16616.54677795446,136,2,Female,40-59
100987,31.0,30.0,24.0,4.3,0.81,12.0,0,0,60,1,19995.31590517798,138,1,Male,60-79
100988,19.0,21.0,44.0,4.3,0.64,15.0,0,0,80,1,41074.00172611027,134,2,Male,80+
100989,10.0,19.0,17.0,3.9,0.92,16.0,0,0,68,2,15009.050667431331,136,1,Female,60-79
100992,125.0,81.0,43.0,4.0,1.41,18.0,0,0,27,1,80911.74747741033,137,2,Male,20-39
100994,18.0,18.0,23.0,4.4,0.69,11.0,0,0,28,1,54410.38390194132,136,2,Male,20-39
100996,23.0,20.0,19.0,4.2,1.0,13.0,0,0,52,1,185328.33125808035,137,2,Male,40-59
100997,14.0,17.0,17.0,3.6,0.74,15.0,0,0,60,2,7459.076088923075,140,1,Female,60-79
100999,9.0,13.0,14.0,4.0,0.66,7.0,0,0,29,2,46999.354125963015,135,2,Female,20-39
101001,19.0,18.0,16.0,4.0,1.0,11.0,0,0,67,1,7672.738838656948,145,2,Male,60-79
101002,8.0,16.0,12.0,4.4,0.76,12.0,0,0,37,2,65157.03088470699,138,2,Female,20-39
101003,30.0,23.0,31.0,4.3,0.81,15.0,0,0,56,1,21077.976899298137,148,2,Male,40-59
101004,11.0,19.0,10.0,4.5,1.0,6.0,0,0,29,1,74273.62741542727,141,2,Male,20-39
101005,12.0,16.0,8.0,4.1,0.81,14.0,0,0,29,2,64903.82663747937,148,2,Female,20-39
101006,21.0,28.0,93.0,3.6,0.96,22.0,0,0,76,1,109731.69276978713,144,2,Male,60-79
101007,19.0,18.0,17.0,4.2,0.81,12.0,0,0,43,2,34454.180110844616,142,1,Female,40-59
101009,20.0,13.0,30.0,3.7,0.61,15.0,0,0,21,2,64795.88678220435,143,2,Female,20-39
101010,17.0,19.0,36.0,3.9,0.99,18.0,0,0,71,1,42595.98204644457,139,2,Male,60-79
101011,34.0,24.0,46.0,4.1,0.91,12.0,0,0,23,1,171836.1798236663,134,1,Male,20-39
101013,13.0,16.0,39.0,3.9,0.77,11.0,0,0,44,2,13647.421271859355,144,1,Female,40-59
101014,8.0,12.0,12.0,4.0,0.66,8.0,0,0,42,2,38366.40772376933,142,1,Female,40-59
101015,13.0,15.0,20.0,4.1,0.75,14.0,0,0,80,2,25049.251486658057,142,1,Female,80+
101017,10.0,13.0,19.0,3.6,1.36,21.0,0,0,65,1,14801.85645179684,139,2,Male,60-79
101018,23.0,27.0,12.0,3.8,1.4,21.0,0,0,77,1,90204.36303358845,135,2,Male,60-79
101019,43.0,24.0,18.0,4.2,0.96,16.0,0,0,49,1,110963.92855048331,141,1,Male,40-59
101021,14.0,19.0,27.0,3.8,1.16,10.0,0,0,61,1,11178.052789454609,145,2,Male,60-79
101022,,,,,,,,,75,1,8525.504624132047,147,2,Male,60-79
101023,17.0,17.0,22.0,4.1,1.0,13.0,0,0,52,1,419056.5762119974,144,2,Male,40-59
101024,32.0,23.0,30.0,4.1,1.17,16.0,0,0,53,1,93917.311350984,142,1,Male,40-59
101025,10.0,18.0,9.0,3.9,0.73,10.0,0,0,23,2,33148.32734503777,137,2,Female,20-39
101026,18.0,18.0,21.0,3.8,0.62,8.0,0,0,61,2,9621.022431512003,141,2,Female,60-79
101027,19.0,18.0,42.0,3.9,0.74,10.0,0,0,55,1,20208.948957338824,135,1,Male,40-59
101028,15.0,19.0,18.0,3.9,0.72,10.0,0,0,59,2,24181.99726176501,138,1,Female,40-59
101030,5.0,12.0,8.0,4.0,0.6,19.0,0,0,30,2,21663.814501322056,141,1,Female,20-39
101031,30.0,18.0,35.0,4.5,0.9,17.0,0,0,27,1,23438.046812567416,141,1,Male,20-39
101033,34.0,20.0,31.0,4.0,1.16,18.0,0,0,63,1,16816.1983580307,143,1,Male,60-79
101034,8.0,13.0,7.0,3.7,0.9,15.0,0,0,46,2,37879.88716260801,142,1,Female,40-59
101036,10.0,20.0,34.0,4.8,1.13,17.0,0,0,80,2,25149.858130424225,141,1,Female,80+
101037,30.0,22.0,114.0,3.8,0.72,15.0,0,0,41,2,137050.41003504573,139,2,Female,40-59
101040,18.0,17.0,45.0,3.7,0.96,7.0,0,0,61,1,9630.491601460872,147,2,Male,60-79
101043,18.0,18.0,14.0,4.0,0.97,15.0,0,0,72,1,27760.63628561814,145,2,Male,60-79
101046,19.0,20.0,16.0,4.0,0.74,11.0,0,0,68,1,29154.346688182915,146,1,Male,60-79
101049,14.0,12.0,31.0,3.6,0.67,21.0,0,0,57,2,13433.635641566092,146,2,Female,40-59
101051,22.0,13.0,54.0,3.8,0.69,11.0,0,0,57,1,10229.449248221488,144,1,Male,40-59
101052,12.0,18.0,23.0,3.7,0.78,15.0,0,0,49,2,31817.447254262795,141,1,Female,40-59
101060,,,,,,,,,71,1,8048.476949975566,146,2,Male,60-79
101063,14.0,23.0,22.0,3.8,1.24,19.0,0,0,80,1,7740.450717166787,139,2,Male,80+
101064,80.0,34.0,71.0,4.5,1.18,14.0,0,0,28,1,17301.46866687039,137,1,Male,20-39
101065,23.0,28.0,43.0,4.3,0.85,12.0,0,0,44,2,56242.55454245144,137,1,Female,40-59
101068,16.0,22.0,10.0,3.6,0.76,17.0,0,0,55,2,197924.02694656054,136,2,Female,40-59
101069,30.0,24.0,53.0,4.3,0.95,15.0,0,0,32,1,19453.453377006004,147,1,Male,20-39
101070,23.0,19.0,27.0,3.8,0.67,11.0,0,0,34,2,34796.4884418699,135,2,Female,20-39
101073,28.0,27.0,15.0,4.0,0.78,16.0,0,0,62,1,7293.591327805998,147,1,Male,60-79
101075,26.0,23.0,49.0,4.6,1.34,20.0,0,0,67,1,28345.584909032776,140,2,Male,60-79
101076,17.0,11.0,9.0,4.3,0.79,16.0,0,0,22,2,33025.259400914416,140,2,Female,20-39
101077,35.0,27.0,19.0,4.6,0.92,11.0,0,0,36,1,38928.493130046154,135,1,Male,20-39
101078,25.0,18.0,29.0,4.1,1.2,20.0,0,0,62,1,6681.4112405625865,144,1,Male,60-79
101079,10.0,15.0,11.0,4.5,0.57,9.0,0,0,51,2,23222.320315418136,138,1,Female,40-59
101084,8.0,12.0,11.0,4.5,0.56,13.0,0,0,46,2,219800.5159078886,136,1,Female,40-59
101085,49.0,24.0,24.0,4.2,0.96,16.0,0,0,31,1,106180.75538300506,143,2,Male,20-39
101086,54.0,45.0,28.0,4.2,0.97,13.0,0,0,32,1,134126.47114564944,136,2,Male,20-39
101087,11.0,17.0,13.0,3.7,0.49,12.0,0,0,51,2,125625.84152328703,143,2,Female,40-59
101088,18.0,19.0,34.0,4.3,0.81,18.0,0,0,80,2,39292.92218477286,140,1,Female,80+
101091,9.0,18.0,14.0,3.8,0.97,12.0,0,0,58,2,36753.52481128823,144,1,Female,40-59
101093,,,,,,,,,63,2,13865.944405951786,136,1,Female,60-79
101095,5.0,22.0,12.0,4.5,0.59,13.0,0,0,56,2,20968.5214398635,137,1,Female,40-59
101096,23.0,18.0,13.0,4.1,0.73,15.0,0,0,56,2,23572.017806434833,134,1,Female,40-59
101097,21.0,40.0,47.0,3.5,0.69,9.0,0,0,39,2,53164.65907130273,134,2,Female,20-39
101099,16.0,16.0,8.0,4.3,0.62,9.0,0,0,23,2,83144.5693821028,140,1,Female,20-39
101101,68.0,37.0,34.0,4.2,1.25,15.0,0,0,22,1,80073.59800669666,146,1,Male,20-39
101102,22.0,26.0,10.0,4.0,0.89,27.0,0,0,80,1,8391.43418380889,139,2,Male,80+
101103,16.0,17.0,18.0,3.8,1.04,11.0,0,0,53,2,40889.29689719021,137,2,Female,40-59
101106,10.0,14.0,26.0,4.1,0.83,11.0,0,0,49,2,11344.613803777185,144,1,Female,40-59
101107,17.0,17.0,33.0,3.6,0.48,10.0,0,0,44,2,29619.132266659464,135,2,Female,40-59
101108,15.0,24.0,21.0,3.7,0.76,8.0,0,0,59,2,13183.29204720991,139,1,Female,40-59
101109,10.0,11.0,32.0,3.5,1.77,37.0,0,0,60,2,14605.414607463767,143,1,Female,60-79
101111,27.0,17.0,23.0,3.9,1.11,11.0,0,0,22,1,23887.525612152444,144,1,Male,20-39
101112,12.0,17.0,16.0,4.1,0.92,14.0,0,0,45,2,12357.423172951701,141,2,Female,40-59
101115,18.0,16.0,21.0,3.7,0.66,9.0,0,0,36,2,29477.693010648323,144,1,Female,20-39
101118,50.0,30.0,35.0,4.1,0.67,13.0,0,0,26,1,32162.46483623808,138,2,Male,20-39
101119,,,,,,,,,48,2,27010.22840494154,144,2,Female,40-59
101120,,,,,,,,,80,2,35108.490582219885,138,1,Female,80+
101122,66.0,72.0,120.0,3.9,0.98,14.0,0,0,30,1,37619.89331355553,135,2,Male,20-39
101123,18.0,22.0,36.0,3.6,0.64,6.0,0,0,59,2,162335.03990924195,142,1,Female,40-59
101124,29.0,23.0,20.0,4.0,1.46,20.0,0,0,76,1,65304.1230824253,135,1,Male,60-79
101125,33.0,29.0,26.0,3.5,0.86,14.0,0,0,33,2,56192.44956046994,146,2,Female,20-39
101126,,,,,,,,,37,1,93850.454669837,135,1,Male,20-39
101127,,,,,,,,,25,1,31124.42795708749,136,1,Male,20-39
101132,22.0,25.0,37.0,4.5,1.07,12.0,0,0,31,1,18297.174669098258,139,1,Male,20-39
101134,15.0,14.0,12.0,3.5,0.81,13.0,0,0,30,2,187547.75408056175,145,2,Female,20-39
101136,22.0,28.0,24.0,4.1,1.41,24.0,0,0,76,1,13510.028307681456,138,1,Male,60-79
101138,20.0,21.0,16.0,4.0,0.78,19.0,0,0,33,2,140633.1546794646,140,2,Female,20-39
101139,13.0,17.0,8.0,4.2,0.43,12.0,0,0,33,2,65070.74424804744,140,1,Female,20-39
101141,127.0,128.0,414.0,4.0,0.9,10.0,0,0,54,1,28622.16412897445,142,2,Male,40-59
101143,14.0,17.0,22.0,3.9,1.3,27.0,0,0,80,1,8649.349991832078,140,1,Male,80+
101147,28.0,31.0,41.0,3.8,0.64,19.0,0,0,58,2,19204.533864414276,136,1,Female,40-59
101148,,,,,,,,,80,2,13823.581732737824,146,2,Female,80+
101149,16.0,21.0,110.0,4.1,0.67,8.0,0,0,59,1,36881.95380881123,141,2,Male,40-59
101151,,,,,,,,,29,2,10658.018696992958,135,2,Female,20-39
101153,24.0,39.0,23.0,3.9,1.32,14.0,0,0,42,1,45506.00429064257,143,1,Male,40-59
101155,11.0,12.0,20.0,3.6,0.79,14.0,0,0,52,2,19967.8984782181,140,1,Female,40-59
101160,11.0,17.0,26.0,4.3,0.65,10.0,0,0,49,2,43125.35814708651,135,1,Female,40-59
101162,12.0,14.0,25.0,4.1,1.89,23.0,0,0,62,1,11982.357034632438,147,1,Male,60-79
101163,14.0,15.0,37.0,4.3,0.49,9.0,0,0,60,2,8750.815659310729,145,2,Female,60-79
101164,15.0,16.0,23.0,4.6,0.59,14.0,0,0,26,2,21637.833783991366,148,1,Female,20-39
101166,14.0,17.0,16.0,3.7,0.68,11.0,0,0,28,2,82749.65268943255,145,2,Female,20-39
101169,20.0,22.0,55.0,4.0,0.76,11.0,0,0,58,2,29227.915848723555,145,1,Female,40-59
101171,19.0,16.0,12.0,3.7,0.53,9.0,0,0,47,2,143795.41860964047,146,2,Female,40-59
101173,10.0,14.0,12.0,4.4,0.74,18.0,0,0,66,2,78997.0445453924,145,2,Female,60-79
101174,14.0,16.0,15.0,4.1,1.1,11.0,0,0,35,1,21831.55169421249,147,1,Male,20-39
101175,18.0,17.0,33.0,4.7,1.1,17.0,0,0,55,1,25398.213615350793,145,1,Male,40-59
101176,8.0,17.0,14.0,3.7,1.11,18.0,0,0,80,2,23458.485905662743,134,1,Female,80+
101177,16.0,24.0,14.0,4.7,0.82,20.0,0,0,64,1,6898.043318489338,137,1,Male,60-79
101179,15.0,20.0,11.0,4.1,0.6,16.0,0,0,62,2,22467.299718152564,148,2,Female,60-79
101180,10.0,19.0,14.0,4.1,1.14,22.0,0,0,80,2,33267.32729707548,144,1,Female,80+
101181,12.0,18.0,16.0,3.7,0.93,16.0,0,0,50,2,43108.43438703596,134,1,Female,40-59
101182,59.0,31.0,41.0,4.2,1.09,14.0,0,0,58,1,30646.03291531359,144,1,Male,40-59
101183,11.0,18.0,19.0,3.8,0.92,16.0,0,0,80,2,45657.67421882169,142,1,Female,80+
101185,25.0,18.0,48.0,4.4,0.69,19.0,0,0,57,2,14399.846132318658,136,2,Female,40-59
101186,30.0,39.0,18.0,4.6,1.04,22.0,0,0,35,1,79471.54413716347,134,1,Male,20-39
101187,22.0,24.0,23.0,4.5,0.95,19.0,0,0,33,1,50576.20534647177,140,2,Male,20-39
101190,16.0,15.0,49.0,4.2,0.94,9.0,0,0,21,1,80500.75813213844,144,2,Male,20-39
101191,14.0,15.0,13.0,3.8,0.7,15.0,0,0,35,2,91803.92187368024,146,2,Female,20-39
101193,24.0,26.0,47.0,4.0,0.64,20.0,0,0,63,1,18501.069540685417,135,2,Male,60-79
101194,11.0,18.0,6.0,3.9,0.87,11.0,0,0,48,2,88795.0544911682,142,1,Female,40-59
101195,17.0,23.0,24.0,4.7,0.88,11.0,0,0,71,2,68691.76141257028,140,1,Female,60-79
101196,6.0,9.0,17.0,3.6,0.94,16.0,0,0,71,2,13790.863485335096,142,2,Female,60-79
101199,12.0,16.0,15.0,3.9,1.01,30.0,0,0,61,2,236115.07849881807,143,1,Female,60-79
101200,11.0,15.0,24.0,4.2,2.69,53.0,0,0,73,1,13666.28574604303,142,1,Male,60-79
101201,38.0,26.0,35.0,4.0,1.26,24.0,0,0,55,1,12709.66471344271,136,1,Male,40-59
101204,10.0,20.0,21.0,3.3,1.0,18.0,0,0,80,1,32179.89215692552,142,2,Male,80+
101206,26.0,18.0,33.0,4.2,1.01,16.0,0,0,34,1,60328.5037781273,135,1,Male,20-39
101207,19.0,19.0,22.0,3.6,0.62,13.0,0,0,70,2,91384.36913912023,137,1,Female,60-79
101209,,,,,,,,,62,2,10943.248279530639,135,2,Female,60-79
101211,26.0,32.0,54.0,4.0,1.08,14.0,0,0,61,2,20696.158541345074,143,1,Female,60-79
101212,29.0,20.0,16.0,4.1,0.64,14.0,0,0,62,2,6999.135661603198,148,2,Female,60-79
101213,,,,,,,,,60,1,20798.05920894942,137,1,Male,60-79
101214,13.0,16.0,10.0,4.1,1.02,19.0,0,0,23,1,17655.424447295794,135,2,Male,20-39
101216,32.0,32.0,224.0,3.6,0.84,10.0,0,0,55,2,20825.547897130167,145,1,Female,40-59
101217,11.0,16.0,28.0,4.1,1.66,32.0,0,0,80,1,16308.166994365178,139,1,Male,80+
101218,,,,,,,,,74,1,13799.752958787303,143,2,Male,60-79
101220,11.0,14.0,14.0,3.9,0.69,15.0,0,0,35,2,25806.024873538172,144,2,Female,20-39
101221,14.0,22.0,24.0,3.5,1.7,15.0,0,0,54,1,28988.607151259974,147,2,Male,40-59
101222,25.0,21.0,60.0,4.2,0.91,13.0,0,0,48,1,13972.02465948723,141,1,Male,40-59
101226,28.0,17.0,20.0,4.1,0.78,9.0,0,0,44,1,14484.270129106068,148,2,Male,40-59
101227,17.0,19.0,41.0,4.2,1.12,16.0,0,0,60,1,13696.25147572413,144,1,Male,60-79
101228,22.0,21.0,57.0,4.1,0.72,11.0,0,0,30,2,46803.21795197583,139,2,Female,20-39
101229,15.0,17.0,15.0,4.2,0.56,11.0,0,0,38,2,44614.067789641085,137,1,Female,20-39
101230,39.0,30.0,44.0,3.9,0.73,12.0,0,0,50,2,27337.44281405408,137,1,Female,40-59
101232,13.0,16.0,18.0,4.6,0.82,28.0,0,0,65,1,24656.3172903359,142,1,Male,60-79
101236,13.0,15.0,10.0,4.4,0.69,6.0,0,0,26,1,39259.65200652216,145,2,Male,20-39
101238,8.0,15.0,24.0,4.4,0.86,11.0,0,0,36,1,50695.047804523936,138,1,Male,20-39
101239,14.0,24.0,13.0,4.3,0.75,12.0,0,0,80,2,40979.6801545399,144,1,Female,80+
101241,26.0,20.0,14.0,4.0,0.94,20.0,0,0,27,1,38983.93848636373,138,2,Male,20-39
101242,16.0,18.0,16.0,3.8,0.75,7.0,0,0,57,2,34706.85663394949,147,2,Female,40-59
101243,17.0,17.0,56.0,3.6,0.74,10.0,0,0,63,1,47120.185083484175,142,2,Male,60-79
101246,11.0,16.0,76.0,3.5,1.18,21.0,0,0,54,1,26886.939690755415,144,2,Male,40-59
101247,22.0,21.0,13.0,4.3,0.85,13.0,0,0,38,1,17845.837692402492,141,1,Male,20-39
101248,,,,,,,,,52,1,20282.885214733997,144,1,Male,40-59
101249,26.0,18.0,22.0,4.2,0.72,12.0,0,0,63,2,7101.657339448211,140,1,Female,60-79
101250,17.0,21.0,18.0,3.9,0.84,20.0,0,0,38,2,176978.8906024644,147,2,Female,20-39
101252,8.0,13.0,6.0,3.4,0.63,12.0,0,0,33,2,15067.42033878175,144,2,Female,20-39
101253,16.0,18.0,33.0,3.9,0.98,14.0,0,0,57,1,13971.776675876255,147,2,Male,40-59
101254,15.0,20.0,24.0,4.0,0.77,10.0,0,0,29,2,51148.7930987336,144,2,Female,20-39
101255,28.0,42.0,46.0,3.8,0.72,9.0,0,0,62,2,8307.145488591785,147,1,Female,60-79
101256,16.0,17.0,60.0,3.8,0.71,9.0,0,0,34,2,13215.888980858408,144,1,Female,20-39
101258,16.0,16.0,18.0,3.1,8.36,43.0,0,0,45,1,46395.95635082326,146,2,Male,40-59
101260,9.0,14.0,8.0,3.3,1.03,24.0,0,0,80,2,27615.441965760165,141,2,Female,80+
101262,29.0,19.0,44.0,4.5,0.83,17.0,0,0,25,1,51910.71975172593,141,2,Male,20-39
101264,,,,,,,,,31,1,19736.56376874337,138,2,Male,20-39
101265,22.0,19.0,15.0,3.9,0.8,13.0,0,0,47,2,16091.915417072656,145,2,Female,40-59
101266,12.0,15.0,23.0,3.6,1.01,23.0,0,0,67,2,8998.314927521787,134,1,Female,60-79
101273,28.0,20.0,33.0,4.2,0.98,15.0,0,0,67,1,18035.301220546484,140,1,Male,60-79
101274,19.0,25.0,36.0,4.2,1.12,20.0,0,0,65,2,21126.35145539358,147,2,Female,60-79
101275,10.0,15.0,13.0,3.5,1.27,27.0,0,0,80,1,12853.607930488723,147,2,Male,80+
101277,24.0,26.0,13.0,4.0,0.78,15.0,0,0,75,1,9879.637612210206,139,2,Male,60-79
101278,21.0,15.0,24.0,4.1,1.11,10.0,0,0,44,1,15721.00823697446,137,1,Male,40-59
101281,9.0,,7.0,4.0,0.49,,0,0,34,2,37216.60799749895,138,2,Female,20-39
101282,18.0,16.0,41.0,4.4,0.91,15.0,0,0,60,1,213902.49625406985,139,1,Male,60-79
101283,21.0,15.0,59.0,4.1,0.81,15.0,0,0,56,2,17524.699792635543,144,1,Female,40-59
101284,21.0,19.0,50.0,4.0,0.94,9.0,0,0,65,2,15534.244894650366,146,2,Female,60-79
101285,28.0,19.0,27.0,3.8,0.85,13.0,0,0,30,1,148338.96206392374,145,1,Male,20-39
101286,10.0,16.0,35.0,3.8,0.97,15.0,0,0,52,2,15802.572555047413,148,2,Female,40-59
101288,21.0,20.0,23.0,4.1,1.03,27.0,0,0,62,2,26463.2840255815,141,1,Female,60-79
101289,18.0,17.0,10.0,3.6,0.59,11.0,0,0,26,2,27768.677268200743,136,2,Female,20-39
101291,,,,,,,,,61,2,9842.645016344415,142,2,Female,60-79
101294,11.0,15.0,13.0,3.8,0.95,13.0,0,0,39,2,30697.826408030953,139,1,Female,20-39
101298,20.0,18.0,15.0,4.0,0.95,22.0,0,0,60,2,32246.39012867915,142,1,Female,60-79
101300,17.0,17.0,9.0,3.9,0.57,9.0,0,0,35,2,61372.62552737625,134,1,Female,20-39
101307,57.0,78.0,96.0,3.9,0.61,9.0,0,0,47,2,19393.876689561024,137,1,Female,40-59
101308,11.0,15.0,17.0,4.2,0.94,11.0,0,0,25,2,110410.52882623603,140,2,Female,20-39
101311,21.0,13.0,18.0,4.0,12.74,64.0,0,0,30,1,36504.02050606823,134,2,Male,20-39
101312,18.0,26.0,30.0,3.8,0.89,18.0,0,0,80,2,49193.359944079544,142,2,Female,80+
101313,12.0,13.0,20.0,2.9,0.61,7.0,0,0,42,2,19992.29327155828,134,2,Female,40-59
101316,12.0,17.0,14.0,4.5,1.07,16.0,0,0,22,1,50391.10898895036,136,1,Male,20-39
101319,10.0,10.0,15.0,4.2,1.03,12.0,0,0,34,1,62492.91941421,143,2,Male,20-39
101320,11.0,17.0,14.0,3.9,1.24,20.0,0,0,80,1,73691.9906495254,146,1,Male,80+
101322,28.0,,56.0,4.0,1.08,28.0,0,0,57,1,14978.415257699231,136,2,Male,40-59
101323,6.0,10.0,20.0,3.5,0.94,12.0,0,0,74,2,17084.569914148946,145,2,Female,60-79
101324,17.0,22.0,40.0,4.0,1.47,18.0,0,0,35,1,16859.179783205724,140,2,Male,20-39
101327,14.0,19.0,12.0,4.0,0.76,17.0,0,0,52,2,41456.14248394275,136,1,Female,40-59
101328,11.0,16.0,29.0,4.6,0.79,9.0,0,0,67,2,17394.545383331246,139,1,Female,60-79
101330,7.0,15.0,9.0,3.9,0.64,13.0,0,0,22,2,74232.7328262553,138,1,Female,20-39
101333,8.0,17.0,17.0,3.7,1.02,17.0,0,0,71,2,23034.059509056326,141,1,Female,60-79
101335,13.0,21.0,26.0,4.1,1.33,20.0,0,0,80,1,8934.53164376236,139,1,Male,80+
101336,17.0,24.0,22.0,3.9,0.63,11.0,0,0,72,2,41540.993216400304,139,2,Female,60-79
101339,49.0,42.0,79.0,4.0,0.63,8.0,0,0,63,1,6964.950346832928,137,2,Male,60-79
101340,19.0,22.0,13.0,4.2,1.38,18.0,0,0,80,1,54720.859097815526,143,2,Male,80+
101342,13.0,14.0,16.0,3.6,0.66,11.0,0,0,41,2,32181.78022910626,141,2,Female,40-59
101343,37.0,36.0,16.0,4.6,1.25,37.0,0,0,80,1,48724.43811645534,138,1,Male,80+
101345,17.0,15.0,17.0,4.0,0.71,8.0,0,0,29,2,36314.40799268055,145,1,Female,20-39
101348,,,,,,,,,80,2,42666.66298989858,137,2,Female,80+
101349,,,,,,,,,69,2,11320.250418642256,134,1,Female,60-79
101350,22.0,,15.0,4.1,0.81,16.0,0,0,46,1,24735.82090896616,145,1,Male,40-59
101351,11.0,15.0,12.0,4.1,0.71,21.0,0,0,79,2,27118.246044140677,145,2,Female,60-79
101355,57.0,33.0,192.0,4.4,1.02,14.0,0,0,46,1,23247.741771939895,146,1,Male,40-59
101356,22.0,27.0,43.0,4.5,0.86,19.0,0,0,54,2,174956.95399407027,146,1,Female,40-59
101357,13.0,13.0,19.0,3.6,0.78,12.0,0,0,72,2,15886.304737452967,139,1,Female,60-79
101359,31.0,23.0,24.0,3.8,0.8,14.0,0,0,52,2,23297.66256005918,135,1,Female,40-59
101360,47.0,26.0,50.0,3.8,1.0,11.0,0,0,46,1,116060.47935739945,142,2,Male,40-59
101362,18.0,29.0,20.0,3.9,0.79,10.0,0,0,74,2,59778.289466963324,140,1,Female,60-79
101363,56.0,143.0,618.0,3.7,0.6,8.0,0,0,69,2,9221.760658187457,141,2,Female,60-79
101365,10.0,16.0,23.0,4.6,0.77,12.0,0,0,30,1,38161.94074793699,135,2,Male,20-39
101366,12.0,15.0,11.0,4.1,0.55,8.0,0,0,52,2,27705.045760620804,134,2,Female,40-59
101369,15.0,15.0,31.0,4.3,0.89,19.0,0,0,53,2,27161.531216170093,138,1,Female,40-59
101370,12.0,17.0,11.0,4.0,0.51,12.0,0,0,31,2,78705.73264882094,138,2,Female,20-39
101372,10.0,13.0,9.0,3.7,0.45,14.0,0,0,29,2,26736.74183913786,143,1,Female,20-39
101375,26.0,18.0,22.0,3.9,0.92,17.0,0,0,53,1,16134.772875823612,148,1,Male,40-59
101378,15.0,17.0,15.0,4.1,0.65,13.0,0,0,34,2,32913.68798391762,140,2,Female,20-39
101379,33.0,34.0,29.0,3.8,1.02,19.0,0,0,55,1,14659.940109263647,145,1,Male,40-59
101382,24.0,21.0,13.0,4.1,0.9,21.0,0,0,64,2,109771.07754874534,146,2,Female,60-79
101384,21.0,22.0,26.0,4.1,0.9,11.0,0,0,22,1,50627.903368749474,144,1,Male,20-39
101385,,,,,,,,,28,2,28056.747230140492,145,2,Female,20-39
101386,,,,,,,,,49,2,19152.082355663963,142,2,Female,40-59
101387,14.0,23.0,15.0,4.2,0.75,13.0,0,0,73,2,20425.611504001456,140,2,Female,60-79
101389,71.0,,106.0,4.2,0.96,9.0,0,0,42,1,16240.789479947347,144,1,Male,40-59
101390,32.0,23.0,16.0,4.5,0.99,16.0,0,0,40,1,98796.68672170003,146,1,Male,40-59
101391,22.0,24.0,14.0,4.2,0.87,19.0,0,0,74,2,29352.90095293019,141,2,Female,60-79
101393,,,,,,,,,80,2,10491.224084626494,140,2,Female,80+
101394,13.0,17.0,9.0,4.5,0.67,14.0,0,0,39,1,20910.61451757151,138,1,Male,20-39
101396,18.0,19.0,10.0,3.9,0.96,20.0,0,0,80,2,67943.06041159626,146,1,Female,80+
101397,54.0,34.0,24.0,4.4,1.08,11.0,0,0,25,1,41483.67416971239,137,2,Male,20-39
101398,46.0,50.0,219.0,4.3,0.82,16.0,0,0,75,1,6362.880240940752,139,2,Male,60-79
101399,21.0,23.0,20.0,4.0,0.83,12.0,0,0,41,1,184939.78271601757,147,1,Male,40-59
101400,15.0,17.0,23.0,4.1,0.98,12.0,0,0,53,1,9967.338399625902,144,1,Male,40-59
101401,21.0,18.0,14.0,4.5,0.84,15.0,0,0,52,1,16487.741782853347,137,1,Male,40-59
101402,32.0,26.0,64.0,3.8,0.64,12.0,0,0,75,2,7607.653356038128,135,1,Female,60-79
101404,31.0,31.0,29.0,3.9,1.01,12.0,0,0,31,1,29318.605002111075,147,2,Male,20-39
101405,117.0,75.0,205.0,4.3,0.66,7.0,0,0,56,2,34446.32533752369,136,1,Female,40-59
101407,28.0,25.0,24.0,3.9,0.59,18.0,0,0,65,2,152367.63136491622,142,2,Female,60-79
101411,37.0,34.0,16.0,3.9,0.86,17.0,0,0,59,2,17576.880590747867,145,1,Female,40-59
101412,9.0,15.0,9.0,4.2,0.64,10.0,0,0,39,2,26730.533143856075,136,1,Female,20-39
101414,16.0,37.0,110.0,2.9,0.52,3.0,0,0,56,2,13609.751339528419,140,1,Female,40-59
101415,9.0,17.0,8.0,4.8,0.73,11.0,0,0,38,2,76090.84416855202,141,2,Female,20-39
101416,23.0,20.0,20.0,4.1,0.95,14.0,0,0,44,1,152233.74309778196,144,2,Male,40-59
101421,43.0,26.0,30.0,4.1,0.82,12.0,0,0,58,1,34876.44574271911,136,1,Male,40-59
101423,32.0,21.0,46.0,4.2,0.61,16.0,0,0,61,2,11882.73457098474,148,2,Female,60-79
101426,20.0,23.0,18.0,3.5,0.75,9.0,0,0,41,2,21250.863884683076,142,2,Female,40-59
101427,16.0,22.0,70.0,4.2,0.68,9.0,0,0,24,2,181552.14865649474,138,1,Female,20-39
101430,16.0,21.0,11.0,4.0,0.74,10.0,0,0,42,2,10158.869004503975,148,2,Female,40-59
101431,45.0,52.0,161.0,3.7,0.91,14.0,0,0,38,2,79766.68559494648,138,1,Female,20-39
101432,11.0,14.0,16.0,3.4,0.76,20.0,0,0,74,2,100556.31219906046,137,2,Female,60-79
101434,25.0,24.0,26.0,4.2,0.68,18.0,0,0,70,2,10978.305765395471,140,2,Female,60-79
101438,20.0,22.0,24.0,4.3,0.63,7.0,0,0,48,2,38358.10831841318,136,2,Female,40-59
101439,13.0,13.0,19.0,4.3,1.13,10.0,0,0,38,1,36152.945898763835,145,1,Male,20-39
101442,21.0,20.0,19.0,4.1,0.83,16.0,0,0,67,2,207829.1127583754,141,1,Female,60-79
101443,19.0,22.0,25.0,3.8,1.21,7.0,0,0,59,1,23390.245532191046,146,1,Male,40-59
101444,26.0,18.0,33.0,3.7,1.02,18.0,0,0,63,1,23014.696815155497,144,2,Male,60-79
101446,11.0,12.0,21.0,4.2,0.7,9.0,0,0,30,2,20606.460227968135,143,1,Female,20-39
101448,16.0,17.0,12.0,3.9,1.01,10.0,0,0,49,1,57394.208279958024,146,2,Male,40-59
101449,10.0,12.0,21.0,3.4,0.71,11.0,0,0,59,2,21503.677181115643,144,2,Female,40-59
101450,33.0,22.0,17.0,4.4,1.01,18.0,0,0,39,1,25853.885572528055,137,2,Male,20-39
101454,17.0,15.0,40.0,4.3,0.83,19.0,0,0,55,2,33644.84236923051,137,1,Female,40-59
101455,16.0,16.0,60.0,3.7,0.56,15.0,0,0,66,2,15672.302343092839,134,1,Female,60-79
101458,17.0,18.0,9.0,4.2,0.53,11.0,0,0,67,2,6357.483945329705,137,1,Female,60-79
101461,24.0,29.0,19.0,4.0,0.96,23.0,0,0,59,2,10009.51955059465,135,2,Female,40-59
101462,31.0,25.0,29.0,4.0,0.72,9.0,0,0,23,2,77940.00585533265,142,1,Female,20-39
101463,11.0,16.0,11.0,3.6,0.89,11.0,0,0,62,2,24850.684776919705,139,2,Female,60-79
101464,12.0,16.0,20.0,4.3,0.77,13.0,0,0,50,2,45919.99373431837,144,2,Female,40-59
101467,21.0,14.0,17.0,4.0,1.0,13.0,0,0,39,1,35928.55479296642,135,1,Male,20-39
101468,17.0,14.0,34.0,3.6,1.54,30.0,0,0,65,1,19872.048382149704,136,2,Male,60-79
101470,62.0,50.0,66.0,3.7,0.71,14.0,0,0,57,2,24401.686631670116,139,2,Female,40-59
101472,16.0,24.0,29.0,4.2,0.65,13.0,0,0,51,2,18157.000361110197,141,2,Female,40-59
101475,14.0,15.0,51.0,3.7,0.58,15.0,0,0,50,2,17309.641974598137,141,2,Female,40-59
101478,22.0,20.0,176.0,3.7,0.99,15.0,0,0,60,1,19593.279923011763,138,1,Male,60-79
101479,7.0,11.0,20.0,3.7,0.89,12.0,0,0,73,2,35609.19331747312,140,2,Female,60-79
101480,20.0,26.0,18.0,3.7,1.53,18.0,0,0,64,1,6658.248292370827,138,2,Male,60-79
101481,17.0,14.0,12.0,3.8,0.62,13.0,0,0,29,2,45243.18907132602,141,2,Female,20-39
101483,19.0,19.0,33.0,4.6,0.7,7.0,0,0,70,1,16248.112226152303,138,1,Male,60-79
101484,19.0,20.0,45.0,3.9,0.96,15.0,0,0,49,1,156305.0813438014,140,2,Male,40-59
101486,10.0,15.0,13.0,3.9,0.69,15.0,0,0,60,2,14172.00740097661,135,2,Female,60-79
101487,24.0,23.0,37.0,4.4,0.96,15.0,0,0,73,1,12512.533888499307,136,2,Male,60-79
101488,17.0,18.0,14.0,3.8,0.64,11.0,0,0,64,2,16144.463641083936,137,1,Female,60-79
101489,37.0,28.0,11.0,4.3,0.52,8.0,0,0,51,2,19468.174413935223,145,2,Female,40-59
101490,10.0,15.0,17.0,4.3,0.85,17.0,0,0,78,2,42334.55225034132,140,1,Female,60-79
101493,26.0,22.0,11.0,4.2,0.48,13.0,0,0,34,2,28916.054144601858,136,2,Female,20-39
101498,70.0,73.0,42.0,4.6,0.93,20.0,0,0,71,1,30453.24848913772,139,1,Male,60-79
101500,12.0,14.0,13.0,3.8,0.85,10.0,0,0,67,2,172915.57783741283,147,1,Female,60-79
101501,13.0,19.0,15.0,4.6,0.81,16.0,0,0,30,2,16525.400080910258,135,2,Female,20-39
101502,17.0,20.0,21.0,4.5,0.75,9.0,0,0,68,1,59601.00490438751,142,2,Male,60-79
101505,9.0,15.0,28.0,3.8,0.67,16.0,0,0,62,2,15420.469092927018,145,1,Female,60-79
101508,18.0,17.0,12.0,4.1,0.63,12.0,0,0,61,2,12322.380036265935,148,2,Female,60-79
101510,18.0,19.0,24.0,3.8,0.92,16.0,0,0,64,1,13042.778706983258,139,1,Male,60-79
101513,16.0,19.0,22.0,4.9,0.86,6.0,0,0,35,1,64119.2579991607,146,1,Male,20-39
101515,,,,3.6,1.33,27.0,,,51,1,33192.56307482549,134,1,Male,40-59
101516,13.0,18.0,22.0,4.5,0.8,11.0,0,0,30,2,118081.97070533836,147,2,Female,20-39
101517,11.0,14.0,23.0,4.4,0.89,16.0,0,0,34,2,82995.75543485858,139,1,Female,20-39
101518,10.0,20.0,10.0,4.3,0.86,27.0,0,0,80,2,33704.59747517205,136,2,Female,80+
101520,31.0,21.0,38.0,3.8,0.91,17.0,0,0,52,1,40982.61583390393,137,1,Male,40-59
101522,,,,,,,,,76,1,50677.678236322936,142,1,Male,60-79
101523,,,,,,,,,65,1,10262.119182113805,139,1,Male,60-79
101527,18.0,18.0,23.0,4.8,0.79,13.0,0,0,61,1,10857.985212822803,136,2,Male,60-79
101530,18.0,19.0,13.0,4.2,0.92,13.0,0,0,51,1,35975.363053598245,136,1,Male,40-59
101535,11.0,16.0,23.0,4.0,1.24,32.0,0,0,80,1,35668.294994845186,138,2,Male,80+
101537,32.0,21.0,33.0,4.1,1.22,20.0,0,0,33,1,105127.75360577766,142,1,Male,20-39
101541,10.0,18.0,22.0,4.0,1.19,15.0,0,0,63,1,84653.14053105208,142,1,Male,60-79
101542,24.0,20.0,41.0,4.2,0.96,20.0,0,0,48,1,14179.85212102697,148,2,Male,40-59
101544,10.0,11.0,8.0,4.0,0.84,10.0,0,0,44,2,99707.61918210941,145,1,Female,40-59
101545,43.0,28.0,20.0,4.5,0.98,14.0,0,0,22,1,122835.71954983035,147,2,Male,20-39
101546,20.0,18.0,32.0,3.8,0.9,13.0,0,0,61,1,11077.647300477507,143,2,Male,60-79
101547,10.0,19.0,27.0,3.5,0.66,14.0,0,0,42,2,56276.612767179184,145,1,Female,40-59
101548,20.0,19.0,26.0,4.1,0.83,19.0,0,0,75,2,10195.08945124455,148,2,Female,60-79
101549,17.0,21.0,9.0,4.2,0.65,8.0,0,0,43,2,21610.595490715375,143,2,Female,40-59
101550,37.0,30.0,22.0,4.0,1.26,8.0,0,0,53,1,22516.97950334723,143,1,Male,40-59
101551,21.0,17.0,24.0,4.1,0.69,14.0,0,0,35,2,46229.83665869239,142,2,Female,20-39
101552,19.0,25.0,43.0,4.2,1.23,15.0,0,0,35,1,36080.956286466724,136,1,Male,20-39
101556,,,,,,,,,37,1,23391.19340694204,138,1,Male,20-39
101558,18.0,17.0,27.0,4.2,0.78,12.0,0,0,54,1,22007.073656601984,147,1,Male,40-59
101559,106.0,48.0,96.0,4.1,0.86,12.0,0,0,27,1,31065.42984629782,144,1,Male,20-39
101560,,,,,,,,,25,1,48702.860162328616,146,2,Male,20-39
101562,33.0,38.0,37.0,3.9,1.07,22.0,0,0,63,2,9905.183311201945,137,2,Female,60-79
101563,33.0,16.0,50.0,4.3,0.89,11.0,0,0,21,1,74893.19857219695,144,1,Male,20-39
101565,,,,,,,,,46,1,9714.906881703824,147,1,Male,40-59
101570,16.0,13.0,10.0,3.7,0.49,8.0,0,0,30,2,29168.523432426868,144,2,Female,20-39
101571,18.0,17.0,21.0,3.9,1.31,13.0,0,0,71,1,10995.57936180211,142,2,Male,60-79
101572,21.0,28.0,16.0,4.2,1.28,24.0,0,0,60,1,25266.555641439172,141,2,Male,60-79
101574,18.0,20.0,22.0,4.3,0.8,15.0,0,0,22,2,18236.922495633615,145,1,Female,20-39
101575,,,,,,,,,60,2,23760.75197857381,148,1,Female,60-79
101577,11.0,18.0,12.0,4.2,0.58,19.0,0,0,52,2,17031.13611152343,148,1,Female,40-59
101578,,,,,,,,,55,2,17573.946796959168,136,2,Female,40-59
101579,21.0,19.0,15.0,4.7,0.89,13.0,0,0,70,1,33857.165709348905,143,2,Male,60-79
101580,16.0,13.0,21.0,3.8,1.71,19.0,0,0,61,1,9558.139681060582,134,1,Male,60-79
101581,18.0,23.0,36.0,4.3,3.33,43.0,0,0,62,1,10058.448436739609,139,1,Male,60-79
101584,17.0,23.0,49.0,3.8,0.67,12.0,0,0,55,2,16876.939289687754,138,2,Female,40-59
101587,13.0,17.0,25.0,3.9,3.31,64.0,0,0,76,2,21867.92174104012,144,1,Female,60-79
101588,21.0,24.0,16.0,4.3,0.63,8.0,0,0,23,2,39449.00659461714,138,1,Female,20-39
101589,21.0,17.0,23.0,3.8,0.91,16.0,0,0,63,1,6718.396448505198,144,1,Male,60-79
101590,40.0,25.0,42.0,4.5,0.92,6.0,0,0,24,1,37564.575889009706,141,2,Male,20-39
101593,11.0,17.0,19.0,4.2,0.61,8.0,0,0,49,2,10281.290301108786,138,1,Female,40-59
101594,22.0,19.0,20.0,4.2,0.75,12.0,0,0,43,2,126843.29243180816,140,1,Female,40-59
101596,20.0,13.0,6.0,3.7,0.71,15.0,0,0,44,2,52289.29683276053,144,2,Female,40-59
101597,17.0,20.0,18.0,4.0,0.49,18.0,0,0,77,2,68271.53606208287,142,1,Female,60-79
101599,35.0,28.0,32.0,4.0,0.99,13.0,0,0,22,1,62910.61992215985,137,2,Male,20-39
101601,18.0,23.0,18.0,3.9,1.2,17.0,0,0,62,1,69669.64288828328,139,2,Male,60-79
101604,11.0,18.0,21.0,4.5,0.79,9.0,0,0,22,1,24297.54336724298,138,1,Male,20-39
101605,14.0,14.0,13.0,4.1,1.09,20.0,0,0,66,1,19868.04927956165,145,1,Male,60-79
101606,25.0,29.0,18.0,4.0,0.9,15.0,0,0,58,1,35895.04657590663,141,2,Male,40-59
101608,21.0,19.0,71.0,3.9,0.79,8.0,0,0,62,1,13399.187065520373,146,1,Male,60-79
101609,35.0,105.0,33.0,4.8,0.91,15.0,0,0,22,1,23455.377294190705,143,1,Male,20-39
101612,15.0,19.0,27.0,4.0,1.16,21.0,0,0,75,1,17882.252264220675,134,2,Male,60-79
101613,53.0,32.0,67.0,4.5,0.81,14.0,0,0,53,1,16948.296899590965,138,1,Male,40-59
101616,18.0,20.0,8.0,4.0,1.21,16.0,0,0,56,1,149383.36400644563,142,2,Male,40-59
101620,5.0,18.0,10.0,4.2,0.64,15.0,0,0,29,2,25958.242908260752,141,1,Female,20-39
101621,15.0,23.0,22.0,4.4,1.22,23.0,0,0,80,1,13803.08386721721,146,1,Male,80+
101623,16.0,21.0,24.0,4.3,1.01,15.0,0,0,62,1,14177.068184147138,138,2,Male,60-79
101625,37.0,23.0,26.0,4.4,0.94,12.0,0,0,21,1,23333.350621564565,144,1,Male,20-39
101626,25.0,22.0,19.0,4.1,0.7,13.0,0,0,55,2,186923.97793458015,146,2,Female,40-59
101627,14.0,20.0,16.0,4.2,1.02,19.0,0,0,76,2,11331.256396358034,141,1,Female,60-79
101631,,,,,,,,,73,2,70904.05924984567,142,1,Female,60-79
101634,10.0,12.0,23.0,3.6,0.88,23.0,0,0,80,1,20250.525880460533,148,1,Male,80+
101635,10.0,19.0,17.0,4.1,0.92,9.0,0,0,63,2,135728.62078578156,142,1,Female,60-79
101636,11.0,16.0,25.0,3.5,0.7,15.0,0,0,68,2,7152.16943849592,137,1,Female,60-79
101638,21.0,21.0,14.0,4.1,0.85,15.0,0,0,58,1,222581.32976978133,141,1,Male,40-59
101640,11.0,16.0,26.0,3.7,0.8,13.0,0,0,55,2,13309.0376333469,147,1,Female,40-59
101642,19.0,16.0,22.0,3.8,1.09,19.0,0,0,53,2,16941.817780335474,144,1,Female,40-59
101645,12.0,16.0,17.0,3.9,0.62,11.0,0,0,68,1,21383.87838323279,139,2,Male,60-79
101647,16.0,18.0,14.0,4.1,0.71,8.0,0,0,58,2,27952.732122333873,144,2,Female,40-59
101649,8.0,13.0,21.0,4.1,0.92,16.0,0,0,40,2,174017.58736290355,134,1,Female,40-59
101652,35.0,23.0,40.0,3.8,1.02,9.0,0,0,20,1,20418.671007398447,142,1,Male,20-39
101653,6.0,13.0,8.0,3.9,1.06,19.0,0,0,70,2,25813.7006245059,136,1,Female,60-79
101654,31.0,25.0,45.0,3.7,1.52,34.0,0,0,72,1,10519.610990856521,134,2,Male,60-79
101655,18.0,20.0,22.0,4.7,1.24,16.0,0,0,20,1,33716.961078437496,143,2,Male,20-39
101656,20.0,19.0,28.0,3.7,0.74,15.0,0,0,60,2,23307.30556762364,134,2,Female,60-79
101657,28.0,24.0,15.0,4.1,0.79,18.0,0,0,28,1,69559.6701032851,143,2,Male,20-39
101658,37.0,22.0,112.0,4.1,0.92,13.0,0,0,30,1,34217.87308884339,142,1,Male,20-39
101659,7.0,12.0,6.0,3.8,0.7,13.0,0,0,36,2,98607.98081352738,134,2,Female,20-39
101660,42.0,30.0,27.0,4.2,0.96,16.0,0,0,65,1,11868.799978155495,143,1,Male,60-79
101661,10.0,7.0,22.0,4.0,0.73,13.0,0,0,61,2,13400.905735355578,134,2,Female,60-79
101662,37.0,28.0,33.0,4.2,1.25,19.0,0,0,58,1,18078.98726130096,139,2,Male,40-59
101664,25.0,15.0,26.0,3.6,0.87,13.0,0,0,47,2,37234.99025523477,146,2,Female,40-59
101667,21.0,17.0,23.0,3.3,0.85,16.0,0,0,64,2,6213.4687904269695,138,2,Female,60-79
101668,13.0,12.0,17.0,4.1,0.92,14.0,0,0,38,1,24320.886570486233,137,1,Male,20-39
101669,47.0,36.0,27.0,3.6,0.8,11.0,0,0,28,2,89293.83109095578,146,2,Female,20-39
101670,21.0,17.0,19.0,4.0,0.68,16.0,0,0,36,2,32913.68798391762,140,2,Female,20-39
101671,,,,,,,,,55,2,33955.433779799416,146,1,Female,40-59
101675,41.0,34.0,75.0,4.4,0.53,14.0,0,0,55,2,24181.99726176501,138,1,Female,40-59
101676,11.0,15.0,61.0,4.0,0.75,8.0,0,0,55,1,22744.044601246653,135,2,Male,40-59
101677,21.0,21.0,12.0,4.1,0.8,11.0,0,0,25,1,94512.21320494598,139,1,Male,20-39
101679,12.0,16.0,21.0,3.7,0.74,16.0,0,0,62,2,19613.650591986094,144,2,Female,60-79
101681,16.0,13.0,28.0,4.0,0.73,10.0,0,0,31,2,11500.579211394648,147,1,Female,20-39
101682,29.0,20.0,33.0,4.2,0.83,10.0,0,0,45,2,22979.574193551125,135,1,Female,40-59
101687,13.0,18.0,23.0,3.9,0.85,11.0,0,0,75,2,25374.332737719746,145,2,Female,60-79
101688,10.0,15.0,9.0,4.4,0.69,11.0,0,0,20,2,178346.40475292964,142,2,Female,20-39
101689,14.0,24.0,9.0,3.9,1.09,20.0,0,0,80,1,7826.520734734056,146,1,Male,80+
101690,,,,,,,,,78,1,74508.37237772395,135,1,Male,60-79
101692,22.0,20.0,26.0,4.3,0.79,16.0,0,0,60,2,118365.24892402653,142,1,Female,60-79
101693,15.0,15.0,23.0,4.2,0.87,11.0,0,0,28,2,99139.45853336461,136,1,Female,20-39
101694,17.0,17.0,28.0,3.9,0.7,16.0,0,0,64,1,5304.974169116081,136,2,Male,60-79
101695,62.0,31.0,71.0,3.9,0.59,10.0,0,0,45,2,10675.660509849333,136,2,Female,40-59
101697,35.0,22.0,26.0,4.3,0.56,16.0,0,0,60,2,98047.70792517289,142,1,Female,60-79
101698,22.0,23.0,37.0,4.3,0.73,12.0,0,0,57,2,19416.62223647793,142,2,Female,40-59
101700,10.0,13.0,16.0,4.1,0.98,26.0,0,0,80,2,42632.21385009941,140,2,Female,80+
101701,9.0,12.0,11.0,4.1,0.75,14.0,0,0,26,2,117720.44243210154,134,2,Female,20-39
101702,,,,,,,,,80,2,34934.600582981555,139,2,Female,80+
101704,12.0,14.0,17.0,3.7,1.85,25.0,0,0,80,1,16698.701537645327,136,2,Male,80+
101705,13.0,17.0,13.0,4.2,0.8,14.0,0,0,60,2,23163.560311435464,135,1,Female,60-79
101707,16.0,20.0,13.0,3.3,0.7,20.0,0,0,79,2,61453.031572781154,147,2,Female,60-79
101708,10.0,15.0,12.0,3.4,0.98,23.0,0,0,80,1,38238.46873854105,141,1,Male,80+
101709,9.0,13.0,8.0,3.1,0.5,5.0,0,0,23,2,53178.881535384004,135,1,Female,20-39
101710,26.0,24.0,39.0,4.1,1.34,21.0,0,0,80,2,86951.41744348069,146,1,Female,80+
101711,28.0,28.0,21.0,4.6,0.82,17.0,0,0,43,1,39627.51118527538,141,2,Male,40-59
101714,75.0,72.0,54.0,3.7,1.03,17.0,0,0,36,1,51710.32335815359,137,2,Male,20-39
101716,49.0,28.0,21.0,3.6,0.45,11.0,0,0,33,2,23340.15263202138,148,2,Female,20-39
101718,13.0,14.0,11.0,4.0,0.69,7.0,0,0,39,2,35902.65421123498,146,2,Female,20-39
101721,24.0,30.0,39.0,4.0,0.84,19.0,0,0,28,1,9801.4631368742,137,1,Male,20-39
101722,15.0,18.0,17.0,4.1,0.99,20.0,0,0,72,1,7229.0274391754565,142,2,Male,60-79
101723,15.0,19.0,27.0,4.6,0.82,15.0,0,0,69,2,20437.48329281001,139,1,Female,60-79
101724,13.0,20.0,23.0,4.4,0.97,11.0,0,0,60,1,9912.876283523248,141,2,Male,60-79
101725,15.0,21.0,14.0,4.0,0.81,15.0,0,0,59,2,11704.520068890146,140,2,Female,40-59
101726,61.0,31.0,69.0,4.2,0.83,20.0,0,0,61,1,21031.251891724973,143,1,Male,60-79
101727,43.0,62.0,136.0,3.9,0.67,8.0,0,0,37,1,30392.33444456872,145,1,Male,20-39
101728,19.0,26.0,25.0,4.3,1.3,18.0,0,0,65,1,9003.739730068575,141,1,Male,60-79
101729,,,,,,,,,68,1,9167.946120737948,146,2,Male,60-79
101730,30.0,27.0,25.0,3.7,1.08,21.0,0,0,73,1,9478.713540326507,139,2,Male,60-79
101731,14.0,15.0,26.0,4.2,0.75,13.0,0,0,46,1,87512.45711256703,137,1,Male,40-59
101732,18.0,27.0,15.0,4.6,1.03,32.0,0,0,39,1,126474.18433110317,142,1,Male,20-39
101733,13.0,18.0,11.0,4.3,0.68,10.0,0,0,25,2,32275.225025112362,139,1,Female,20-39
101736,56.0,24.0,59.0,4.1,0.88,12.0,0,0,29,1,68748.45321160798,135,1,Male,20-39
101737,15.0,15.0,21.0,4.0,0.84,16.0,0,0,57,1,30262.41463009523,143,2,Male,40-59
101740,18.0,17.0,26.0,4.2,0.93,11.0,0,0,59,2,10544.817670949738,147,1,Female,40-59
101742,60.0,28.0,31.0,4.5,0.84,17.0,0,0,37,1,11341.700071074765,139,2,Male,20-39
101743,23.0,19.0,22.0,4.0,1.04,18.0,0,0,74,1,15809.804376955992,138,1,Male,60-79
101744,40.0,22.0,57.0,4.5,0.87,18.0,0,0,25,1,158835.5044170948,141,2,Male,20-39
101750,,,,,,,,,71,2,66919.66031298856,136,2,Female,60-79
101753,48.0,47.0,43.0,4.3,0.99,13.0,0,0,46,1,20633.612349554267,136,1,Male,40-59
101754,23.0,20.0,34.0,3.8,1.0,14.0,0,0,56,1,26886.20058418201,138,1,Male,40-59
101755,14.0,14.0,20.0,3.4,0.77,12.0,0,0,66,2,67700.40910249847,140,1,Female,60-79
101756,13.0,15.0,24.0,4.0,0.7,19.0,0,0,61,2,12045.082677452492,147,1,Female,60-79
101758,14.0,15.0,25.0,4.1,1.22,9.0,0,0,37,1,257298.58968211556,144,2,Male,20-39
101760,,,,,,,,,33,2,15696.780447754114,138,2,Female,20-39
101761,31.0,23.0,50.0,4.1,0.8,14.0,0,0,44,1,23040.399550671093,136,2,Male,40-59
101762,15.0,18.0,28.0,3.8,0.95,26.0,0,0,80,2,54932.65707216534,138,2,Female,80+
101763,21.0,19.0,29.0,4.0,0.57,14.0,0,0,54,2,40119.86555042504,143,1,Female,40-59
101764,11.0,12.0,16.0,3.5,9.66,52.0,0,0,49,1,20097.89691081502,134,1,Male,40-59
101765,10.0,13.0,13.0,3.8,0.64,5.0,0,0,32,2,41552.99331885607,144,1,Female,20-39
101766,37.0,25.0,41.0,4.1,0.74,15.0,0,0,55,2,13205.44905540663,136,1,Female,40-59
101768,19.0,20.0,13.0,4.7,1.18,17.0,0,0,24,1,229165.6138855394,141,1,Male,20-39
101771,53.0,28.0,46.0,3.5,1.54,19.0,0,0,80,1,19180.149975526507,138,2,Male,80+
101772,22.0,20.0,35.0,4.5,0.95,20.0,0,0,77,1,12905.453086265044,136,1,Male,60-79
101774,53.0,27.0,85.0,4.2,0.78,15.0,0,0,28,1,85887.66637448769,135,1,Male,20-39
101775,11.0,13.0,8.0,4.2,0.96,13.0,0,0,36,1,20864.343253906056,141,1,Male,20-39
101777,7.0,18.0,11.0,3.8,1.22,19.0,0,0,64,1,13489.443427977734,134,2,Male,60-79
101778,11.0,17.0,12.0,3.7,0.88,14.0,0,0,64,2,20204.41177279032,148,1,Female,60-79
101779,21.0,16.0,22.0,4.0,0.71,15.0,0,0,55,2,251900.6263184599,142,2,Female,40-59
101780,22.0,24.0,14.0,4.2,0.78,20.0,0,0,65,2,111812.85245926154,136,2,Female,60-79
101781,21.0,20.0,19.0,4.1,1.11,18.0,0,0,55,1,37370.72118290917,134,2,Male,40-59
101782,,,,,,,,,54,2,12660.252247674309,145,1,Female,40-59
101783,18.0,20.0,168.0,4.4,0.74,10.0,0,0,51,1,45531.119837222024,147,2,Male,40-59
101784,,,,,,,,,38,1,31805.38903216795,136,1,Male,20-39
101785,20.0,23.0,14.0,3.8,0.94,18.0,0,0,77,2,81998.32319500127,147,1,Female,60-79
101786,15.0,16.0,21.0,4.2,0.91,16.0,0,0,53,1,42513.60640086828,145,1,Male,40-59
101787,22.0,32.0,18.0,4.8,0.93,10.0,0,0,30,1,21336.954409003996,148,2,Male,20-39
101790,21.0,21.0,13.0,3.7,0.7,10.0,0,0,22,2,56533.58427015811,145,2,Female,20-39
101793,17.0,16.0,21.0,4.5,0.86,25.0,0,0,57,1,65389.96283150032,138,2,Male,40-59
101794,12.0,15.0,13.0,3.8,0.73,12.0,0,0,63,1,5200.067971712403,141,2,Male,60-79
101795,14.0,19.0,18.0,4.1,0.62,15.0,0,0,40,2,55650.62119387474,137,2,Female,40-59
101799,10.0,20.0,16.0,4.3,0.83,13.0,0,0,28,2,9413.961850439497,140,1,Female,20-39
101802,29.0,29.0,10.0,4.1,0.68,10.0,0,0,57,2,12375.222113318667,136,2,Female,40-59
101807,13.0,22.0,13.0,4.6,0.75,18.0,0,0,79,2,12649.706411088566,138,1,Female,60-79
101809,7.0,9.0,15.0,3.8,1.11,13.0,0,0,61,1,19836.221695449793,147,2,Male,60-79
101811,21.0,23.0,22.0,4.8,1.21,22.0,0,0,69,1,14361.156878986429,139,1,Male,60-79
101814,32.0,24.0,23.0,3.9,0.64,11.0,0,0,26,2,60314.390324395776,139,1,Female,20-39
101817,27.0,21.0,39.0,4.0,1.08,16.0,0,0,71,1,9040.020408400675,142,1,Male,60-79
101821,12.0,20.0,19.0,3.9,0.66,10.0,0,0,53,2,37082.36557878453,134,1,Female,40-59
101822,21.0,17.0,26.0,4.0,0.93,16.0,0,0,40,1,84038.37408390045,145,1,Male,40-59
101823,8.0,16.0,15.0,4.0,0.8,7.0,0,0,67,1,13311.983754683512,147,2,Male,60-79
101824,,,,,,,,,64,2,11804.379514488986,147,2,Female,60-79
101828,11.0,16.0,8.0,3.8,0.82,10.0,0,0,32,2,34279.930047438786,137,1,Female,20-39
101829,31.0,25.0,17.0,3.9,0.98,16.0,0,0,63,1,104496.09364769873,141,2,Male,60-79
101830,13.0,14.0,10.0,3.9,0.77,12.0,0,0,45,2,19901.8894077722,140,1,Female,40-59
101832,15.0,20.0,13.0,4.7,0.79,17.0,0,0,59,2,136083.09668832514,141,1,Female,40-59
101834,22.0,20.0,17.0,3.8,1.01,14.0,0,0,66,2,26463.2840255815,141,1,Female,60-79
101837,14.0,15.0,25.0,4.3,0.83,21.0,0,0,72,2,36636.67535737191,136,2,Female,60-79
101838,8.0,17.0,21.0,3.4,0.57,6.0,0,0,30,2,30877.530276193505,146,1,Female,20-39
101839,13.0,14.0,15.0,4.2,0.88,22.0,0,0,74,2,112251.2396653439,142,2,Female,60-79
101840,24.0,28.0,42.0,4.3,0.86,6.0,0,0,74,1,10237.307372617164,142,1,Male,60-79
101841,,,,,,,,,48,1,25748.57034825805,144,1,Male,40-59
101842,15.0,19.0,16.0,3.7,0.67,9.0,0,0,30,2,22716.69651359171,137,1,Female,20-39
101843,9.0,13.0,10.0,4.0,0.58,16.0,0,0,77,2,50299.0762286632,140,2,Female,60-79
101844,11.0,17.0,17.0,3.7,0.56,9.0,0,0,21,2,29961.595518968195,138,1,Female,20-39
101845,58.0,42.0,14.0,3.8,0.81,6.0,0,0,38,2,39056.50411001713,135,1,Female,20-39
101846,19.0,17.0,19.0,4.3,1.1,17.0,0,0,51,1,225011.21873072485,142,2,Male,40-59
101847,13.0,17.0,16.0,3.8,0.93,14.0,0,0,63,2,10341.269595873573,137,1,Female,60-79
101848,26.0,37.0,57.0,3.5,1.02,12.0,0,0,56,2,28232.479469549406,141,2,Female,40-59
101850,26.0,25.0,25.0,4.5,1.24,21.0,0,0,28,1,37289.39441711206,136,2,Male,20-39
101851,33.0,22.0,52.0,4.3,0.85,18.0,0,0,40,1,27419.046709021593,141,2,Male,40-59
101852,,,,,,,,,32,1,16558.781963700996,138,1,Male,20-39
101853,25.0,21.0,30.0,4.4,0.79,14.0,0,0,30,1,47281.135870080434,136,2,Male,20-39
101859,8.0,19.0,17.0,3.9,1.17,18.0,0,0,64,2,12843.116532610466,147,2,Female,60-79
101860,,,,,,,,,77,2,14558.552393324118,138,1,Female,60-79
101861,12.0,21.0,13.0,3.8,0.71,12.0,0,0,49,2,123760.1700677804,141,2,Female,40-59
101862,41.0,24.0,34.0,3.8,0.84,15.0,0,0,37,1,38152.65659915963,147,2,Male,20-39
101864,16.0,22.0,20.0,4.0,0.68,24.0,0,0,72,2,10463.392002297876,140,2,Female,60-79
101865,17.0,16.0,37.0,4.2,0.91,19.0,0,0,53,2,31996.45359889318,145,2,Female,40-59
101866,52.0,39.0,69.0,4.0,1.53,18.0,0,0,52,1,31161.048255929087,146,2,Male,40-59
101867,13.0,19.0,12.0,4.1,0.71,15.0,0,0,22,2,44623.920393971945,146,2,Female,20-39
101870,33.0,31.0,15.0,4.6,0.92,19.0,0,0,66,2,302724.83336350607,143,1,Female,60-79
101871,12.0,11.0,12.0,3.5,0.63,13.0,0,0,36,2,60731.14386142036,142,2,Female,20-39
101874,13.0,18.0,21.0,4.4,0.84,15.0,0,0,63,2,16183.876031393815,136,2,Female,60-79
101875,38.0,30.0,35.0,4.0,0.63,9.0,0,0,49,2,20413.50790756158,138,2,Female,40-59
101876,9.0,16.0,28.0,4.3,1.24,8.0,0,0,38,2,32802.852331064445,147,2,Female,20-39
101878,9.0,12.0,34.0,3.9,1.13,16.0,0,0,50,2,21905.798528437997,135,1,Female,40-59
101879,26.0,22.0,41.0,3.6,0.67,9.0,0,0,56,2,38459.11313666254,148,1,Female,40-59
101880,40.0,23.0,15.0,4.2,0.78,12.0,0,0,21,1,24599.643354122752,137,1,Male,20-39
101882,11.0,14.0,10.0,3.5,0.98,11.0,0,0,52,2,28606.828274276286,146,2,Female,40-59
101883,11.0,16.0,29.0,3.8,0.81,12.0,0,0,76,1,47069.60275560377,134,2,Male,60-79
101884,21.0,18.0,19.0,3.9,1.14,17.0,0,0,70,1,101571.61782306872,138,1,Male,60-79
101885,19.0,18.0,16.0,4.2,0.76,13.0,0,0,43,2,35189.16895000233,141,1,Female,40-59
101888,20.0,22.0,11.0,4.2,0.92,17.0,0,0,60,1,17472.017935780506,137,1,Male,60-79
101893,31.0,23.0,34.0,4.2,0.97,11.0,0,0,23,1,43826.99038900061,136,2,Male,20-39
101894,28.0,45.0,212.0,3.6,0.58,6.0,0,0,46,2,6499.457089138125,140,2,Female,40-59
101895,10.0,16.0,16.0,4.0,1.87,32.0,0,0,78,2,16195.436382292173,137,1,Female,60-79
101896,11.0,14.0,15.0,4.1,0.83,14.0,0,0,28,2,98240.42725404078,140,1,Female,20-39
101899,17.0,19.0,27.0,4.1,1.07,6.0,0,0,36,1,25849.133904984858,145,2,Male,20-39
101901,,,,,,,,,25,2,70274.95180182405,143,1,Female,20-39
101903,14.0,17.0,9.0,4.0,0.68,12.0,0,0,33,2,43655.81241403135,135,1,Female,20-39
101904,13.0,13.0,18.0,3.3,0.65,9.0,0,0,33,2,33992.23112403858,134,2,Female,20-39
101905,19.0,16.0,21.0,4.4,1.14,21.0,0,0,70,1,5961.094641766765,136,2,Male,60-79
101910,17.0,22.0,11.0,4.1,0.8,23.0,0,0,80,2,25146.36115439362,139,2,Female,80+
101911,,,,,,,,,22,2,54676.70091388809,136,1,Female,20-39
101912,23.0,22.0,20.0,4.1,0.64,15.0,0,0,31,2,34041.35887924057,136,1,Female,20-39
101915,30.0,32.0,12.0,4.0,0.64,16.0,0,0,69,2,45505.92019207786,147,1,Female,60-79
101917,29.0,41.0,18.0,4.2,0.66,15.0,0,0,66,1,13286.544287056893,146,1,Male,60-79
101919,,,,,,,,,33,1,25235.309305467672,139,1,Male,20-39
101920,26.0,20.0,40.0,4.2,0.91,13.0,0,0,48,1,14741.55654406496,134,2,Male,40-59
101922,14.0,15.0,17.0,4.4,0.82,20.0,0,0,55,1,10772.897472329285,136,2,Male,40-59
101924,,,,,,,,,77,1,11752.572368600255,138,1,Male,60-79
101928,15.0,18.0,24.0,4.0,0.69,13.0,0,0,42,2,19288.959534313424,146,1,Female,40-59
101934,23.0,21.0,25.0,3.9,0.81,15.0,0,0,64,2,13902.707059491784,140,2,Female,60-79
101936,14.0,24.0,11.0,4.2,1.37,30.0,0,0,80,2,19553.831866717872,137,1,Female,80+
101937,13.0,14.0,14.0,4.4,0.95,12.0,0,0,24,1,17769.462003856515,135,1,Male,20-39
101941,8.0,12.0,19.0,3.9,0.65,8.0,0,0,44,2,17627.041168987165,145,2,Female,40-59
101945,12.0,23.0,18.0,3.7,1.39,12.0,0,0,74,1,12141.02155706867,142,1,Male,60-79
101947,107.0,82.0,262.0,3.8,1.3,23.0,0,0,66,1,7087.032155467066,137,2,Male,60-79
101949,19.0,21.0,18.0,4.2,1.38,15.0,0,0,79,1,57099.05913644965,140,1,Male,60-79
101950,40.0,27.0,21.0,4.1,0.87,14.0,0,0,54,1,36239.57512355103,135,1,Male,40-59
101957,11.0,16.0,17.0,3.5,0.56,11.0,0,0,35,2,23065.05648836458,146,2,Female,20-39
101959,19.0,26.0,17.0,3.8,0.6,13.0,0,0,70,2,49975.7598269447,142,1,Female,60-79
101962,30.0,22.0,31.0,4.2,0.98,17.0,0,0,79,1,12469.538057890744,137,1,Male,60-79
101965,23.0,20.0,26.0,4.1,0.6,13.0,0,0,44,2,29550.74314890171,140,2,Female,40-59
101966,8.0,19.0,11.0,4.2,0.9,13.0,0,0,24,1,46728.2918336801,137,2,Male,20-39
101971,15.0,18.0,17.0,4.4,0.88,8.0,0,0,24,1,19433.095420105437,147,1,Male,20-39
101973,,,,,,,,,37,2,48255.85913917322,143,1,Female,20-39
101976,34.0,26.0,43.0,4.3,0.94,14.0,0,0,38,1,35147.734705525516,144,1,Male,20-39
101977,56.0,38.0,36.0,3.9,0.83,10.0,0,0,45,1,13072.39184365541,145,1,Male,40-59
101978,14.0,14.0,13.0,4.2,0.93,11.0,0,0,44,2,35035.76064995681,139,1,Female,40-59
101980,11.0,16.0,10.0,4.3,0.84,6.0,0,0,35,2,59023.2997022611,142,1,Female,20-39
101981,15.0,20.0,10.0,4.4,0.67,12.0,0,0,67,2,19910.367954991292,136,1,Female,60-79
101985,43.0,26.0,62.0,4.2,0.93,12.0,0,0,27,1,65371.75165914854,136,1,Male,20-39
101987,,,,,,,,,66,1,196548.5963869947,134,1,Male,60-79
101989,18.0,23.0,13.0,3.7,1.04,26.0,0,0,80,1,22533.18547191678,136,2,Male,80+
101990,,,,,,,,,23,2,197398.77667183796,138,1,Female,20-39
101993,44.0,43.0,10.0,4.1,0.66,21.0,0,0,67,2,11221.328554766364,148,2,Female,60-79
101995,45.0,91.0,73.0,4.3,0.87,9.0,0,0,59,1,222818.627706047,146,1,Male,40-59
102000,14.0,19.0,12.0,4.1,0.93,13.0,0,0,63,2,6882.109615458976,144,1,Female,60-79
102001,30.0,24.0,93.0,4.0,1.02,13.0,0,0,63,1,16988.772635427253,140,2,Male,60-79
102002,8.0,14.0,21.0,3.9,1.44,31.0,0,0,77,1,98716.95233041927,146,2,Male,60-79
102003,,,,,,,,,25,1,21921.713342939584,147,2,Male,20-39
102005,12.0,14.0,18.0,3.9,0.64,8.0,0,0,36,2,48164.149615249466,145,1,Female,20-39
102007,14.0,18.0,9.0,4.0,0.79,18.0,0,0,55,2,34172.015890850715,138,2,Female,40-59
102008,10.0,16.0,11.0,4.3,0.92,13.0,0,0,47,2,109358.36614593405,143,1,Female,40-59
102012,14.0,13.0,32.0,4.0,0.68,5.0,0,0,48,2,17486.756713974682,144,1,Female,40-59
102015,25.0,21.0,13.0,4.1,0.65,10.0,0,0,20,2,105081.123610655,141,2,Female,20-39
102018,15.0,16.0,52.0,3.6,1.37,27.0,0,0,69,2,7471.679197343068,147,1,Female,60-79
102021,16.0,15.0,28.0,4.5,0.63,17.0,0,0,65,2,15737.078663553943,136,1,Female,60-79
102022,23.0,21.0,17.0,4.3,1.11,13.0,0,0,46,1,166193.52256548396,138,1,Male,40-59
102024,85.0,51.0,50.0,4.4,1.01,14.0,0,0,37,1,11026.027319573408,136,2,Male,20-39
102026,9.0,15.0,7.0,4.0,0.7,10.0,0,0,24,2,154803.0972814324,145,2,Female,20-39
102027,21.0,20.0,25.0,4.6,0.77,16.0,0,0,67,1,16703.967239233833,136,1,Male,60-79
102028,19.0,16.0,21.0,4.7,0.97,9.0,0,0,24,1,17301.46866687039,137,1,Male,20-39
102030,15.0,12.0,22.0,3.4,0.54,11.0,0,0,50,2,41657.0208886589,143,2,Female,40-59
102031,21.0,18.0,19.0,4.1,0.67,12.0,0,0,61,2,162308.4821214407,143,2,Female,60-79
102032,16.0,19.0,21.0,3.7,1.06,15.0,0,0,67,2,19850.616671983684,143,1,Female,60-79
102035,12.0,15.0,14.0,4.4,0.77,11.0,0,0,32,2,50783.90006072839,136,2,Female,20-39
102037,9.0,13.0,9.0,3.6,0.52,7.0,0,0,21,2,86137.28110329293,136,2,Female,20-39
102039,,,,,,,,,22,1,178581.28461241623,141,1,Male,20-39
102041,19.0,18.0,6.0,4.4,1.15,27.0,0,0,42,1,83474.59821594141,138,2,Male,40-59
102044,13.0,18.0,20.0,3.8,0.79,11.0,0,0,33,2,21806.718942659943,148,2,Female,20-39
102045,23.0,28.0,17.0,3.3,0.75,12.0,0,0,55,1,25470.95969769329,143,2,Male,40-59
102046,,,,,,,,,32,2,12517.204679762182,138,1,Female,20-39
102047,,,,4.0,,,,,62,2,13644.001466857118,135,2,Female,60-79
102048,15.0,21.0,24.0,3.7,0.92,19.0,0,0,78,2,17368.990750210432,148,1,Female,60-79
102050,35.0,24.0,55.0,4.4,1.23,17.0,0,0,47,1,25662.9537675502,145,2,Male,40-59
102052,11.0,17.0,12.0,3.9,0.77,19.0,0,0,80,2,15857.628701132036,148,2,Female,80+
102054,13.0,23.0,53.0,3.4,0.72,11.0,0,0,68,2,50812.469910276785,146,2,Female,60-79
102055,17.0,14.0,16.0,3.7,0.94,20.0,0,0,69,2,23363.246176189226,135,1,Female,60-79
102057,15.0,17.0,21.0,4.3,0.91,15.0,0,0,70,1,8327.150154978488,146,1,Male,60-79
102058,13.0,16.0,12.0,3.6,0.85,15.0,0,0,68,2,34066.15665675885,139,2,Female,60-79
102060,14.0,24.0,25.0,3.8,1.13,21.0,0,0,80,2,37318.343779762334,142,1,Female,80+
102064,30.0,34.0,24.0,4.0,0.7,8.0,0,0,35,2,47690.97160521175,135,2,Female,20-39
102067,10.0,18.0,79.0,3.8,0.85,15.0,0,0,55,1,93072.66156932253,146,2,Male,40-59
102068,16.0,15.0,26.0,3.6,0.78,19.0,0,0,65,2,10217.568654120807,141,2,Female,60-79
102070,16.0,20.0,18.0,3.9,0.98,22.0,0,0,80,2,24661.15413911711,140,1,Female,80+
102072,30.0,25.0,29.0,4.2,0.4,11.0,0,0,50,2,12420.827901710498,136,2,Female,40-59
102073,22.0,17.0,36.0,4.0,1.09,20.0,0,0,43,1,30146.19612408027,141,2,Male,40-59
102074,15.0,22.0,15.0,4.7,0.71,8.0,0,0,35,2,21955.30292898489,138,1,Female,20-39
102078,69.0,50.0,398.0,4.4,1.04,11.0,0,0,61,1,7108.8987034430365,147,1,Male,60-79
102079,14.0,22.0,27.0,4.1,0.88,12.0,0,0,60,2,12045.082677452492,147,1,Female,60-79
102081,30.0,18.0,21.0,4.0,0.81,21.0,0,0,49,2,37212.90788370828,139,2,Female,40-59
102082,22.0,15.0,53.0,3.6,0.94,16.0,0,0,58,1,35513.67161938204,143,2,Male,40-59
102088,14.0,17.0,17.0,3.9,0.74,11.0,0,0,29,2,62083.399919863215,142,1,Female,20-39
102091,21.0,20.0,28.0,3.8,1.0,17.0,0,0,32,1,22640.846802782933,147,2,Male,20-39
102092,10.0,16.0,26.0,3.8,0.84,18.0,0,0,60,1,25277.581764452552,147,2,Male,60-79
102093,19.0,15.0,20.0,4.1,0.77,17.0,0,0,21,2,31024.47350249683,146,2,Female,20-39
102096,16.0,16.0,28.0,4.4,1.0,16.0,0,0,20,1,33644.20964561082,140,2,Male,20-39
102099,13.0,14.0,17.0,3.8,0.62,11.0,0,0,32,2,6489.145832495621,139,2,Female,20-39
102100,22.0,24.0,21.0,4.1,0.8,16.0,0,0,75,2,30871.073532069156,139,1,Female,60-79
102101,28.0,28.0,24.0,4.0,0.81,9.0,0,0,20,1,58389.40570524747,142,2,Male,20-39
102103,16.0,16.0,19.0,4.3,0.82,15.0,0,0,37,1,43504.19398294398,136,1,Male,20-39
102105,12.0,20.0,13.0,4.3,0.75,9.0,0,0,24,2,44353.089205974655,144,1,Female,20-39
102106,13.0,15.0,24.0,4.1,1.14,10.0,0,0,64,1,7719.722201722303,140,1,Male,60-79
102107,20.0,18.0,13.0,4.7,0.8,14.0,0,0,31,1,12868.657880023542,146,2,Male,20-39
102111,29.0,25.0,71.0,4.2,0.81,19.0,0,0,53,1,43348.902386567635,139,1,Male,40-59
102112,13.0,15.0,20.0,4.2,0.73,6.0,0,0,33,2,18305.420151175644,143,2,Female,20-39
102113,10.0,14.0,14.0,4.7,0.67,13.0,0,0,26,2,31352.030434139924,136,2,Female,20-39
102116,16.0,21.0,24.0,3.8,0.75,13.0,0,0,75,2,18690.745239175303,136,1,Female,60-79
102117,24.0,26.0,23.0,4.1,1.04,14.0,0,0,74,1,21821.2566757009,134,2,Male,60-79
102121,13.0,17.0,11.0,4.0,0.7,11.0,0,0,53,2,10063.46272668233,135,2,Female,40-59
102126,10.0,16.0,7.0,4.2,0.76,4.0,0,0,23,2,68122.05680850567,134,2,Female,20-39
102128,19.0,22.0,27.0,4.1,0.87,14.0,0,0,21,1,23767.945696525487,137,2,Male,20-39
102129,44.0,32.0,150.0,4.6,0.94,11.0,0,0,34,1,21730.5085414431,135,2,Male,20-39
102130,25.0,35.0,27.0,4.3,1.26,20.0,0,0,56,1,273880.8629206504,139,1,Male,40-59
102131,24.0,21.0,15.0,4.7,0.86,11.0,0,0,69,1,19915.06453507366,136,2,Male,60-79
102132,15.0,11.0,17.0,3.3,0.43,13.0,0,0,39,2,53728.42225066606,144,2,Female,20-39
102134,13.0,15.0,13.0,4.2,0.79,10.0,0,0,42,2,48536.371617574514,139,2,Female,40-59
102135,19.0,18.0,17.0,4.0,1.17,15.0,0,0,24,1,35730.802586187056,146,2,Male,20-39
102137,,,,,,,,,67,1,6128.954989096109,144,1,Male,60-79
102139,18.0,22.0,26.0,3.9,1.0,10.0,0,0,31,1,13808.2598892081,139,1,Male,20-39
102147,13.0,11.0,13.0,4.3,0.59,13.0,0,0,55,2,12202.141467260913,148,1,Female,40-59
102148,31.0,24.0,40.0,4.1,0.88,22.0,0,0,80,2,13272.719413704635,142,2,Female,80+
102149,12.0,19.0,20.0,3.6,0.56,15.0,0,0,27,2,30184.7092771725,145,2,Female,20-39
102151,11.0,15.0,10.0,3.9,0.52,12.0,0,0,44,2,20252.73543373262,148,2,Female,40-59
102152,,,,,,,,,44,1,15991.467636405469,136,2,Male,40-59
102153,13.0,19.0,19.0,4.3,0.45,12.0,0,0,77,2,18252.229333734093,135,2,Female,60-79
102154,34.0,27.0,28.0,4.0,0.96,17.0,0,0,41,1,37663.03495193607,146,1,Male,40-59
102155,34.0,25.0,19.0,4.2,0.61,14.0,0,0,47,1,34700.15096638158,136,2,Male,40-59
102158,9.0,14.0,22.0,4.0,0.83,14.0,0,0,80,2,8457.442760092672,136,1,Female,80+
102160,8.0,16.0,9.0,4.2,0.75,9.0,0,0,31,2,20365.160538144224,138,2,Female,20-39
102162,28.0,33.0,26.0,4.2,0.79,36.0,0,0,80,2,22456.305720788536,140,1,Female,80+
102163,19.0,23.0,18.0,4.4,0.9,14.0,0,0,23,1,84361.32455693577,141,2,Male,20-39
102167,16.0,17.0,15.0,4.1,0.82,23.0,0,0,80,2,37203.48450631921,147,2,Female,80+
102168,15.0,20.0,37.0,4.0,0.71,14.0,0,0,59,2,26221.4551486132,145,1,Female,40-59
102169,14.0,21.0,12.0,4.3,0.88,20.0,0,0,66,2,75466.89561226238,145,1,Female,60-79
102170,10.0,20.0,30.0,3.7,1.04,15.0,0,0,64,1,9894.224775289551,146,2,Male,60-79
102171,18.0,21.0,26.0,4.6,0.7,17.0,0,0,77,2,16258.376213956533,136,1,Female,60-79
102173,22.0,16.0,16.0,3.7,0.98,18.0,0,0,64,2,69072.70431872104,135,2,Female,60-79
102177,15.0,20.0,24.0,4.5,0.91,18.0,0,0,80,1,14113.976772797581,137,1,Male,80+
102178,14.0,17.0,13.0,3.8,1.5,36.0,0,0,61,2,8738.68595914469,145,1,Female,60-79
102179,50.0,32.0,113.0,4.3,0.95,9.0,0,0,42,1,27635.41061404196,145,2,Male,40-59
102181,45.0,66.0,236.0,3.8,0.77,15.0,0,0,43,2,42459.52134540381,139,1,Female,40-59
102182,,,,,,,,,41,1,11824.967075577153,141,1,Male,40-59
102183,26.0,27.0,42.0,4.3,1.0,21.0,0,0,68,1,77338.15870148574,140,1,Male,60-79
102184,12.0,17.0,10.0,3.0,0.52,7.0,0,0,25,2,9596.919529967354,135,2,Female,20-39
102185,20.0,14.0,59.0,3.5,0.95,14.0,0,0,45,1,10588.807763667728,148,2,Male,40-59
102187,10.0,13.0,16.0,4.1,1.06,11.0,0,0,20,1,24805.174904723877,142,2,Male,20-39
102191,31.0,22.0,24.0,3.8,1.04,12.0,0,0,58,1,23056.327773424586,139,2,Male,40-59
102192,31.0,20.0,17.0,4.3,1.11,23.0,0,0,65,1,93317.14754291014,140,1,Male,60-79
102193,42.0,53.0,82.0,4.6,0.79,17.0,0,0,36,1,20812.612967363588,143,1,Male,20-39
102194,10.0,10.0,8.0,3.7,0.65,12.0,0,0,36,2,48208.995059695786,142,2,Female,20-39
102196,14.0,15.0,65.0,4.1,0.68,9.0,0,0,38,2,106978.05421058144,142,2,Female,20-39
102198,42.0,36.0,28.0,3.9,0.57,14.0,0,0,63,2,17744.14507907701,135,1,Female,60-79
102199,42.0,29.0,80.0,4.5,0.64,9.0,0,0,57,1,74080.85684771932,143,2,Male,40-59
102201,19.0,30.0,25.0,3.8,0.71,9.0,0,0,47,2,14245.189910562802,144,2,Female,40-59
102202,12.0,19.0,10.0,4.5,0.71,10.0,0,0,23,2,21774.546655921153,141,2,Female,20-39
102204,26.0,23.0,40.0,4.3,0.71,16.0,0,0,49,2,111609.79030258075,142,1,Female,40-59
102207,,,,,,,,,42,1,28349.57610375867,136,1,Male,40-59
102210,27.0,31.0,15.0,3.6,1.18,18.0,0,0,68,1,17551.645688644006,137,2,Male,60-79
102211,12.0,13.0,12.0,4.3,0.71,12.0,0,0,37,1,30121.201431996797,135,2,Male,20-39
102212,18.0,14.0,23.0,4.0,0.62,14.0,0,0,31,2,57915.94738006536,141,1,Female,20-39
102214,15.0,18.0,17.0,4.3,0.92,19.0,0,0,77,2,24696.77681073171,136,1,Female,60-79
102215,25.0,21.0,18.0,4.4,0.76,20.0,0,0,48,1,178221.62416146175,146,1,Male,40-59
102217,20.0,26.0,31.0,3.9,1.09,12.0,0,0,27,1,57406.269716542,144,1,Male,20-39
102218,10.0,18.0,27.0,4.1,0.73,9.0,0,0,48,2,16582.44656803708,138,1,Female,40-59
102219,23.0,38.0,30.0,4.0,1.16,16.0,0,0,54,1,19762.637282181357,145,2,Male,40-59
102221,20.0,19.0,19.0,4.5,0.71,13.0,0,0,38,1,27642.450150082,141,2,Male,20-39
102223,9.0,16.0,17.0,4.0,0.7,11.0,0,0,36,2,109810.26464917617,138,1,Female,20-39
102225,22.0,24.0,31.0,4.3,0.86,12.0,0,0,41,1,156305.0813438014,140,2,Male,40-59
102226,29.0,22.0,29.0,4.4,0.96,10.0,0,0,26,1,55350.91897234465,134,2,Male,20-39
102229,114.0,67.0,374.0,3.8,0.58,6.0,0,0,57,1,22145.357672052578,135,2,Male,40-59
102232,11.0,14.0,15.0,4.3,0.8,12.0,0,0,22,1,36534.92407198067,134,2,Male,20-39
102234,28.0,28.0,45.0,4.5,0.81,12.0,0,0,41,1,37423.403370985565,139,2,Male,40-59
102238,14.0,15.0,14.0,4.3,0.98,23.0,0,0,49,2,37858.472466356034,135,1,Female,40-59
102239,22.0,28.0,17.0,4.4,1.32,21.0,0,0,23,1,38145.53496838616,137,2,Male,20-39
102240,47.0,42.0,50.0,3.9,0.72,16.0,0,0,60,1,221691.6627843301,139,1,Male,60-79
102241,16.0,29.0,29.0,4.1,0.99,10.0,0,0,80,2,17931.370006138346,146,1,Female,80+
102242,25.0,18.0,14.0,4.3,1.02,12.0,0,0,23,1,88578.72492746216,142,2,Male,20-39
102243,19.0,22.0,49.0,4.3,1.09,14.0,0,0,60,1,11436.10757916374,139,1,Male,60-79
102244,,,,,,,,,42,1,10615.735405307061,147,1,Male,40-59
102245,5.0,10.0,22.0,3.1,0.68,14.0,0,0,64,2,58286.57653736171,142,2,Female,60-79
102248,20.0,22.0,41.0,4.4,1.06,15.0,0,0,48,1,15385.95107054537,137,1,Male,40-59
102249,14.0,18.0,19.0,4.4,0.81,14.0,0,0,22,1,78483.78212458939,147,2,Male,20-39
102250,18.0,26.0,30.0,4.6,1.03,12.0,0,0,34,1,122513.76772296893,141,2,Male,20-39
102251,28.0,22.0,27.0,4.1,1.16,20.0,0,0,75,1,21376.215624915632,148,1,Male,60-79
102254,112.0,178.0,273.0,4.1,0.54,6.0,0,0,38,2,73211.69702363806,144,2,Female,20-39
102255,13.0,17.0,14.0,4.7,0.95,17.0,0,0,24,2,195265.93204990364,145,2,Female,20-39
102256,53.0,30.0,58.0,4.4,1.09,13.0,0,0,40,1,51667.28221810601,138,2,Male,40-59
102258,18.0,22.0,23.0,3.9,0.61,17.0,0,0,51,2,58673.96065417294,144,2,Female,40-59
102259,,,,,,,,,56,2,50543.40225658134,136,1,Female,40-59
102260,50.0,34.0,51.0,4.0,0.74,16.0,0,0,65,2,93859.112778794,139,2,Female,60-79
102263,21.0,17.0,28.0,3.3,1.15,17.0,0,0,79,1,21961.56624737613,137,2,Male,60-79
102265,13.0,15.0,15.0,4.6,0.7,13.0,0,0,34,1,40704.244805519826,144,1,Male,20-39
102266,13.0,22.0,18.0,4.6,0.71,10.0,0,0,70,2,19801.579564990043,139,1,Female,60-79
102267,20.0,19.0,32.0,4.1,1.68,37.0,0,0,77,2,19971.54142941021,144,1,Female,60-79
102269,12.0,12.0,22.0,4.2,0.76,9.0,0,0,54,2,20789.78075030397,145,1,Female,40-59
102271,20.0,19.0,17.0,4.4,0.95,16.0,0,0,79,1,21069.09866905702,134,2,Male,60-79
102272,19.0,20.0,9.0,4.0,0.83,10.0,0,0,26,2,24207.54285881223,140,2,Female,20-39
102276,7.0,12.0,8.0,3.7,0.8,8.0,0,0,79,2,20123.24114039138,144,2,Female,60-79
102278,,,,,,,,,36,2,32027.372994645146,137,2,Female,20-39
102279,40.0,26.0,28.0,4.4,1.39,15.0,0,0,38,1,52061.52479260475,135,1,Male,20-39
102281,85.0,83.0,61.0,4.1,0.66,14.0,0,0,54,2,20352.922998340746,148,1,Female,40-59
102283,13.0,14.0,15.0,4.0,0.75,9.0,0,0,22,2,12674.61181759117,146,2,Female,20-39
102285,41.0,31.0,48.0,5.0,1.33,10.0,0,0,37,1,26086.89342645671,144,1,Male,20-39
102288,23.0,21.0,20.0,4.1,0.94,14.0,0,0,32,1,19736.56376874337,138,2,Male,20-39
102296,15.0,15.0,26.0,4.5,1.06,15.0,0,0,62,2,15843.722403789452,139,1,Female,60-79
102300,16.0,25.0,13.0,4.3,0.93,20.0,0,0,74,1,7549.444634327819,139,2,Male,60-79
102301,21.0,16.0,25.0,3.8,1.44,34.0,0,0,78,1,12941.606070600586,138,1,Male,60-79
102302,11.0,16.0,11.0,3.7,0.66,8.0,0,0,40,2,26327.417903774734,144,2,Female,40-59
102306,23.0,24.0,23.0,3.5,1.29,9.0,0,0,71,1,16488.847074513276,143,2,Male,60-79
102307,15.0,20.0,12.0,3.9,0.83,27.0,0,0,79,2,88192.96994151606,142,2,Female,60-79
102309,14.0,15.0,23.0,3.7,0.72,14.0,0,0,55,2,212585.05745839112,138,2,Female,40-59
102311,27.0,29.0,28.0,4.4,1.15,17.0,0,0,33,1,115816.90517036399,138,2,Male,20-39
102313,12.0,19.0,27.0,3.6,1.49,17.0,0,0,80,1,13830.811046899697,146,2,Male,80+
102315,14.0,15.0,13.0,3.9,0.72,17.0,0,0,39,2,13873.405468798777,136,2,Female,20-39
102317,19.0,15.0,24.0,3.7,0.89,18.0,0,0,59,1,36755.851980987616,142,1,Male,40-59
102320,13.0,14.0,23.0,3.9,0.7,7.0,0,0,63,2,15883.384068336398,136,2,Female,60-79
102321,,,,,,,,,56,1,28622.16412897445,142,2,Male,40-59
102322,12.0,20.0,26.0,3.9,0.92,8.0,0,0,45,1,31949.019819656285,143,2,Male,40-59
102324,12.0,15.0,18.0,4.3,0.81,12.0,0,0,28,2,58868.3577951692,136,2,Female,20-39
102326,25.0,31.0,16.0,4.3,0.96,13.0,0,0,72,2,17884.33716215334,134,2,Female,60-79
102328,17.0,27.0,13.0,4.0,0.89,12.0,0,0,80,2,26982.556016791437,135,1,Female,80+
102329,22.0,18.0,31.0,4.1,0.87,24.0,0,0,72,1,10604.399573675004,140,1,Male,60-79
102331,14.0,14.0,13.0,4.4,1.23,19.0,0,0,53,1,22886.612153548893,137,1,Male,40-59
102333,,,,,,,,,50,2,11434.872767300696,147,1,Female,40-59
102334,14.0,17.0,11.0,4.3,1.04,16.0,0,0,25,1,45545.595518431175,146,1,Male,20-39
102336,48.0,30.0,18.0,4.5,0.78,11.0,0,0,33,1,233972.4058497311,144,1,Male,20-39
102337,17.0,18.0,18.0,4.0,1.0,16.0,0,0,68,1,9780.769325283754,146,2,Male,60-79
102338,21.0,18.0,39.0,3.9,1.05,15.0,0,0,54,1,270740.37180194206,138,2,Male,40-59
102340,14.0,23.0,14.0,4.7,0.85,14.0,0,0,33,1,64172.79061316652,146,1,Male,20-39
102341,27.0,29.0,30.0,3.9,0.83,13.0,0,0,39,2,189073.83297244197,145,2,Female,20-39
102342,14.0,12.0,21.0,4.1,0.88,16.0,0,0,52,1,40944.68255221975,137,1,Male,40-59
102344,11.0,15.0,16.0,4.0,0.8,14.0,0,0,34,2,8108.448515777758,137,1,Female,20-39
102345,14.0,15.0,16.0,3.5,0.97,13.0,0,0,39,2,28658.306630453095,147,1,Female,20-39
102346,31.0,37.0,215.0,3.5,0.38,11.0,0,0,37,2,38278.90807697879,147,2,Female,20-39
102348,30.0,20.0,21.0,4.0,0.53,12.0,0,0,27,2,47988.99597533751,148,2,Female,20-39
102349,21.0,25.0,13.0,4.5,0.59,10.0,0,0,67,2,17962.95834959919,138,1,Female,60-79
102350,20.0,17.0,57.0,4.2,0.79,14.0,0,0,36,1,25243.578240380277,147,1,Male,20-39
102352,23.0,22.0,21.0,4.2,1.22,11.0,0,0,31,1,48829.75066237369,146,1,Male,20-39
102353,25.0,26.0,44.0,4.6,1.33,20.0,0,0,64,1,25332.071686383362,146,1,Male,60-79
102355,54.0,34.0,107.0,4.4,0.81,22.0,0,0,33,1,11738.32125008897,136,1,Male,20-39
102356,49.0,34.0,171.0,4.2,0.91,14.0,0,0,22,1,57879.16302041276,134,2,Male,20-39
102358,13.0,18.0,10.0,3.8,0.72,13.0,0,0,31,2,11023.256680058632,135,2,Female,20-39
102359,17.0,21.0,14.0,4.3,0.6,7.0,0,0,39,2,39917.642455224886,141,1,Female,20-39
102360,8.0,15.0,12.0,3.6,0.84,13.0,0,0,28,2,12302.6706633786,144,2,Female,20-39
102361,17.0,21.0,10.0,4.4,1.07,13.0,0,0,31,1,58870.88967840405,142,2,Male,20-39
102362,14.0,19.0,22.0,3.4,1.01,17.0,0,0,80,1,56232.678572690456,146,1,Male,80+
102364,14.0,13.0,14.0,4.4,0.91,13.0,0,0,33,2,109627.91624476874,141,1,Female,20-39
102365,21.0,22.0,20.0,4.5,0.93,18.0,0,0,75,1,7466.7926004048,140,1,Male,60-79
102367,27.0,32.0,47.0,3.8,1.37,24.0,0,0,66,2,12180.431706893942,136,2,Female,60-79
102368,17.0,21.0,26.0,4.1,0.83,16.0,0,0,67,1,156482.90301497147,147,2,Male,60-79
102369,28.0,23.0,26.0,4.5,0.51,13.0,0,0,42,2,27560.905931542624,138,1,Female,40-59
102370,13.0,23.0,16.0,4.3,1.26,34.0,0,0,80,2,25925.83057023062,142,1,Female,80+
102371,25.0,20.0,18.0,3.8,1.56,25.0,0,0,54,1,30752.223282804203,134,2,Male,40-59
102372,15.0,17.0,23.0,3.9,0.94,18.0,0,0,80,1,8485.36911871169,139,2,Male,80+
102373,22.0,21.0,35.0,4.5,0.81,12.0,0,0,31,1,26532.021493001896,142,2,Male,20-39
102377,15.0,16.0,17.0,4.0,0.57,13.0,0,0,59,2,17686.058567495358,137,2,Female,40-59
102378,21.0,20.0,23.0,4.1,0.7,17.0,0,0,40,2,9688.185081131092,148,2,Female,40-59
102379,12.0,15.0,22.0,3.8,0.77,12.0,0,0,71,2,21062.38943905068,138,2,Female,60-79
102380,10.0,15.0,24.0,4.0,0.61,8.0,0,0,26,2,44505.43174917472,144,1,Female,20-39
102381,56.0,39.0,29.0,4.3,1.15,16.0,0,0,42,1,27284.200102626535,147,2,Male,40-59
102382,13.0,16.0,18.0,4.2,0.96,25.0,0,0,44,1,37136.69163511592,137,2,Male,40-59
102383,11.0,18.0,5.0,3.5,0.62,14.0,0,0,26,2,31938.139846346578,144,2,Female,20-39
102386,14.0,15.0,10.0,4.2,0.64,11.0,0,0,27,2,11061.485807605211,142,2,Female,20-39
102387,26.0,34.0,18.0,3.6,0.95,14.0,0,0,68,1,24376.925853483102,139,1,Male,60-79
102389,8.0,26.0,37.0,4.1,1.14,18.0,0,0,71,2,11623.454082555305,145,2,Female,60-79
102391,4.0,10.0,22.0,3.3,0.97,25.0,0,0,31,1,24004.22505477906,134,2,Male,20-39
102392,23.0,24.0,22.0,3.8,0.73,19.0,0,0,80,2,23987.38789460944,139,2,Female,80+
102393,20.0,22.0,15.0,4.3,0.88,14.0,0,0,20,2,81276.41388263393,139,1,Female,20-39
102395,32.0,25.0,20.0,4.5,1.2,20.0,0,0,25,1,61981.572262444,140,1,Male,20-39
102396,40.0,26.0,47.0,3.9,1.14,5.0,0,0,45,1,41979.91468297547,135,1,Male,40-59
102397,17.0,28.0,12.0,4.2,0.93,16.0,0,0,73,2,117835.4613481183,141,1,Female,60-79
102399,29.0,30.0,44.0,4.1,0.94,18.0,0,0,80,1,15666.072208071235,134,1,Male,80+
102400,12.0,17.0,9.0,4.0,1.14,17.0,0,0,42,1,58120.20606247699,140,2,Male,40-59
102401,10.0,22.0,9.0,3.7,0.25,9.0,0,0,44,2,31046.153108931863,139,1,Female,40-59
102405,51.0,32.0,50.0,4.0,0.86,14.0,0,0,49,1,82679.41525405973,136,2,Male,40-59
102407,43.0,32.0,20.0,4.0,0.57,14.0,0,0,75,2,76745.84060703582,135,1,Female,60-79
102410,22.0,23.0,42.0,4.0,0.9,22.0,0,0,44,1,97707.20011571638,140,2,Male,40-59
102411,10.0,17.0,16.0,4.2,1.29,30.0,0,0,80,1,43005.02196887118,143,2,Male,80+
102415,41.0,39.0,170.0,3.4,0.48,14.0,0,0,54,2,11613.951797159485,136,2,Female,40-59
102418,14.0,18.0,14.0,4.1,1.33,21.0,0,0,63,1,75500.50944772479,139,2,Male,60-79
102419,25.0,28.0,19.0,4.5,1.07,14.0,0,0,32,1,28754.97206589668,138,2,Male,20-39
102420,13.0,22.0,13.0,4.0,0.86,18.0,0,0,70,2,10728.367548913398,137,1,Female,60-79
102421,20.0,21.0,68.0,4.2,0.57,14.0,0,0,57,2,29402.803485765922,138,1,Female,40-59
102423,29.0,19.0,25.0,4.0,0.71,13.0,0,0,62,2,12110.931311304548,145,2,Female,60-79
102424,26.0,19.0,16.0,4.3,0.85,18.0,0,0,37,1,31960.535113472157,137,1,Male,20-39
102425,39.0,26.0,42.0,4.6,0.96,12.0,0,0,33,1,34988.4804019782,145,2,Male,20-39
102427,14.0,15.0,18.0,4.7,1.03,18.0,0,0,63,1,8957.293197237153,137,1,Male,60-79
102428,21.0,14.0,32.0,3.8,0.85,19.0,0,0,41,1,29498.405233583657,141,2,Male,40-59
102429,131.0,108.0,143.0,3.9,0.47,8.0,0,0,38,2,37655.72187392177,146,1,Female,20-39
102432,30.0,24.0,25.0,4.4,0.89,16.0,0,0,33,1,22317.36717299476,141,2,Male,20-39
102434,15.0,23.0,10.0,3.5,0.95,6.0,0,0,44,2,33245.420687696,141,1,Female,40-59
102436,10.0,14.0,26.0,4.0,0.69,19.0,0,0,56,2,87309.13482668878,141,2,Female,40-59
102442,14.0,18.0,12.0,4.1,0.82,20.0,0,0,62,2,109905.3329077326,134,1,Female,60-79
102443,39.0,31.0,54.0,3.9,0.63,11.0,0,0,56,2,43282.35925686896,134,2,Female,40-59
102444,14.0,21.0,109.0,3.2,1.05,5.0,0,0,58,1,93072.66156932253,146,2,Male,40-59
102445,22.0,30.0,11.0,4.9,1.13,27.0,0,0,80,2,14821.371461975,135,2,Female,80+
102447,14.0,32.0,20.0,3.5,1.17,21.0,0,0,79,2,14260.866046896597,134,1,Female,60-79
102450,34.0,29.0,42.0,3.8,0.85,8.0,0,0,39,1,83160.35941888575,139,2,Male,20-39
102452,22.0,15.0,84.0,4.1,0.72,13.0,0,0,60,2,30434.87856831227,140,2,Female,60-79
102454,26.0,24.0,33.0,4.0,0.62,12.0,0,0,34,2,52282.65363508524,143,2,Female,20-39
102455,15.0,21.0,14.0,4.1,1.14,10.0,0,0,66,1,11120.9686845423,147,1,Male,60-79
102456,23.0,21.0,22.0,3.4,0.68,7.0,0,0,29,2,24154.204530958454,141,2,Female,20-39
102457,38.0,29.0,93.0,4.1,0.74,7.0,0,0,58,1,120265.00495636804,144,2,Male,40-59
102458,13.0,14.0,13.0,4.0,1.1,12.0,0,0,34,1,55926.25964109377,144,1,Male,20-39
102460,23.0,23.0,13.0,3.9,0.97,17.0,0,0,25,2,100184.04237201228,143,1,Female,20-39
102461,12.0,19.0,14.0,4.1,0.7,13.0,0,0,28,2,21135.658925526655,143,1,Female,20-39
102464,30.0,18.0,22.0,4.5,1.19,13.0,0,0,46,1,128501.41524222936,140,1,Male,40-59
102465,18.0,18.0,20.0,4.1,0.96,14.0,0,0,79,1,23183.732575791004,136,1,Male,60-79
102466,20.0,23.0,13.0,4.6,0.85,13.0,0,0,34,1,281761.67505697167,134,2,Male,20-39
102467,25.0,22.0,17.0,4.4,0.97,9.0,0,0,58,2,36780.062679938346,141,1,Female,40-59
102469,24.0,21.0,22.0,4.4,0.79,8.0,0,0,33,1,83257.31102090016,146,1,Male,20-39
102471,10.0,12.0,20.0,4.0,0.58,13.0,0,0,62,2,13748.688522913224,134,1,Female,60-79
102472,48.0,28.0,41.0,4.4,1.22,12.0,0,0,41,1,20356.20638342875,134,2,Male,40-59
102473,14.0,17.0,8.0,4.3,0.63,14.0,0,0,41,2,34126.08619708562,143,2,Female,40-59
102474,10.0,15.0,23.0,3.6,0.9,12.0,0,0,52,2,23266.116377467435,134,1,Female,40-59
102475,25.0,21.0,20.0,4.3,0.65,15.0,0,0,38,1,23836.89971700204,148,2,Male,20-39
102478,28.0,29.0,56.0,3.6,0.99,19.0,0,0,60,1,9949.222095534678,147,1,Male,60-79
102480,15.0,17.0,22.0,3.8,1.37,19.0,0,0,77,1,14119.188265073657,144,1,Male,60-79
102482,22.0,23.0,22.0,4.3,1.3,14.0,0,0,36,1,99398.25460128376,140,1,Male,20-39
102483,13.0,14.0,21.0,4.1,0.76,13.0,0,0,60,2,31914.423062241327,142,1,Female,60-79
102486,52.0,38.0,33.0,4.1,0.82,8.0,0,0,21,2,44143.89433341841,136,1,Female,20-39
102488,22.0,17.0,25.0,4.5,0.76,17.0,0,0,29,1,23874.035083025265,137,1,Male,20-39
102489,40.0,32.0,18.0,4.1,0.95,23.0,0,0,73,1,81340.05285995259,138,1,Male,60-79
102490,16.0,22.0,14.0,4.0,0.77,15.0,0,0,71,2,19861.027116059282,136,1,Female,60-79
102492,13.0,17.0,28.0,4.0,1.07,12.0,0,0,31,1,21789.654630663943,144,1,Male,20-39
102493,28.0,22.0,11.0,3.8,1.06,18.0,0,0,79,1,10114.16779186094,141,2,Male,60-79
102494,17.0,20.0,11.0,4.0,1.11,27.0,0,0,76,1,60744.18050472067,138,1,Male,60-79
102495,20.0,16.0,28.0,3.9,0.92,12.0,0,0,33,1,30684.115099630795,145,1,Male,20-39
102497,7.0,17.0,14.0,4.5,1.21,24.0,0,0,75,1,48733.0344781894,142,1,Male,60-79
102501,34.0,19.0,28.0,4.0,1.26,22.0,0,0,45,1,25811.104579385697,141,2,Male,40-59
102504,8.0,18.0,9.0,3.6,0.87,28.0,0,0,80,2,22382.074421596244,147,1,Female,80+
102505,30.0,24.0,31.0,4.4,0.99,19.0,0,0,38,1,25208.886864934415,147,2,Male,20-39
102506,19.0,16.0,20.0,3.9,0.56,13.0,0,0,51,2,16785.281371290203,148,1,Female,40-59
102507,24.0,25.0,19.0,4.7,0.85,9.0,0,0,24,1,63590.39058503627,148,2,Male,20-39
102508,9.0,16.0,18.0,3.7,0.76,8.0,0,0,68,2,11388.462846048853,146,2,Female,60-79
102509,18.0,16.0,66.0,3.5,0.48,23.0,0,0,62,1,6336.926784656867,136,2,Male,60-79
102512,16.0,18.0,15.0,4.1,0.93,13.0,0,0,59,2,35090.02255543411,140,1,Female,40-59
102514,47.0,25.0,30.0,4.6,0.91,14.0,0,0,33,1,35626.9528348955,135,1,Male,20-39
102515,12.0,20.0,9.0,4.3,0.79,10.0,0,0,56,1,75797.72835930853,134,2,Male,40-59
102516,22.0,21.0,46.0,4.2,1.06,16.0,0,0,46,1,52214.91486691354,146,1,Male,40-59
102517,45.0,46.0,104.0,4.3,0.57,14.0,0,0,63,2,22149.435224925506,136,1,Female,60-79
102518,16.0,15.0,19.0,3.5,0.78,12.0,0,0,44,2,25257.659053269865,148,1,Female,40-59
102520,32.0,20.0,27.0,4.2,0.96,17.0,0,0,63,1,10699.757654801544,140,1,Male,60-79
102522,12.0,12.0,11.0,3.8,0.89,13.0,0,0,60,1,6898.043318489338,137,1,Male,60-79
102524,40.0,25.0,35.0,4.3,0.74,14.0,0,0,63,1,10624.455341705543,135,1,Male,60-79
102526,12.0,17.0,15.0,4.3,1.05,11.0,0,0,42,1,18694.295928603944,147,1,Male,40-59
102528,37.0,30.0,111.0,4.3,1.14,25.0,0,0,64,1,26569.880817639663,141,2,Male,60-79
102529,10.0,12.0,19.0,3.7,1.72,17.0,0,0,80,1,22242.227059737485,144,2,Male,80+
102532,7.0,14.0,8.0,4.0,0.96,8.0,0,0,34,2,16550.0027525929,140,1,Female,20-39
102533,66.0,59.0,37.0,4.0,0.67,16.0,0,0,55,1,30329.624923976502,141,2,Male,40-59
102541,10.0,14.0,11.0,4.1,1.22,14.0,0,0,26,1,85412.59276885621,146,1,Male,20-39
102542,,,,,,,,,66,2,8892.374315284014,148,1,Female,60-79
102544,14.0,22.0,18.0,3.7,1.25,27.0,0,0,80,1,13849.953513187942,142,2,Male,80+
102546,19.0,17.0,18.0,4.2,1.01,13.0,0,0,41,1,13139.161868774943,137,1,Male,40-59
102548,10.0,11.0,13.0,4.2,0.61,11.0,0,0,28,2,40350.47198654717,141,1,Female,20-39
102551,12.0,12.0,28.0,3.7,0.87,16.0,0,0,58,2,12660.252247674309,145,1,Female,40-59
102553,14.0,20.0,16.0,4.6,0.98,10.0,0,0,50,1,15368.284613946114,135,1,Male,40-59
102554,,,,,,,,,66,1,33123.82591522524,135,1,Male,60-79
102556,31.0,25.0,33.0,4.0,1.02,16.0,0,0,50,1,22960.151899730467,140,1,Male,40-59
102559,27.0,20.0,33.0,4.5,0.7,15.0,0,0,53,1,24754.373897744783,136,2,Male,40-59
102560,52.0,41.0,56.0,4.1,1.1,14.0,0,0,33,1,36588.4245569314,141,2,Male,20-39
102562,13.0,14.0,17.0,3.9,0.57,11.0,0,0,38,2,27796.617177452823,148,2,Female,20-39
102568,15.0,14.0,22.0,4.7,0.88,14.0,0,0,23,1,45546.38371726613,141,2,Male,20-39
102573,21.0,17.0,22.0,3.9,1.14,18.0,0,0,54,1,26337.655653237638,147,2,Male,40-59
102574,19.0,17.0,14.0,3.8,0.69,15.0,0,0,68,1,5057.077263633894,144,2,Male,60-79
102576,11.0,14.0,18.0,3.9,1.12,21.0,0,0,60,1,12041.970944984063,141,1,Male,60-79
102578,,,,,,,,,70,1,6353.1902969353905,144,1,Male,60-79
102579,29.0,21.0,25.0,3.9,0.61,13.0,0,0,63,2,148635.65390749846,135,2,Female,60-79
102580,13.0,13.0,14.0,4.4,0.75,15.0,0,0,25,2,38448.964914784236,144,2,Female,20-39
102581,10.0,10.0,18.0,4.1,0.86,8.0,0,0,50,1,24869.95598403499,144,1,Male,40-59
102585,23.0,19.0,32.0,4.0,0.81,22.0,0,0,80,2,15130.865938785,136,2,Female,80+
102586,28.0,25.0,23.0,4.1,0.99,14.0,0,0,52,1,36455.58925946066,148,2,Male,40-59
102588,40.0,34.0,283.0,4.7,0.65,12.0,0,0,68,2,32932.20208713076,140,1,Female,60-79
102589,9.0,16.0,14.0,3.7,0.62,10.0,0,0,24,2,21216.07906213248,145,2,Female,20-39
102590,14.0,14.0,14.0,4.0,1.0,17.0,0,0,80,1,13309.62354815895,142,2,Male,80+
102591,43.0,27.0,154.0,4.3,0.69,17.0,0,0,59,2,139777.42876059443,143,2,Female,40-59
102593,34.0,25.0,70.0,4.3,0.86,14.0,0,0,39,1,23734.03048592038,137,1,Male,20-39
102597,21.0,25.0,21.0,3.8,0.9,13.0,0,0,70,2,8909.971551454079,139,2,Female,60-79
102598,16.0,24.0,13.0,3.9,0.82,14.0,0,0,75,2,14793.450307377941,141,1,Female,60-79
102600,14.0,21.0,16.0,4.4,1.0,15.0,0,0,34,1,17147.07436379701,142,1,Male,20-39
102605,11.0,15.0,45.0,4.0,0.66,8.0,0,0,57,2,21044.52268825064,138,1,Female,40-59
102606,11.0,17.0,12.0,3.8,0.94,14.0,0,0,65,1,9686.745495732766,141,1,Male,60-79
102609,12.0,20.0,13.0,4.1,1.25,23.0,0,0,80,2,27582.444540197936,142,1,Female,80+
102611,15.0,13.0,20.0,3.2,1.59,25.0,0,0,64,1,44927.64023689251,135,2,Male,60-79
102612,32.0,23.0,44.0,4.1,1.11,13.0,0,0,33,1,37015.46901315731,142,1,Male,20-39
102615,10.0,14.0,15.0,3.6,0.77,17.0,0,0,79,1,16649.57366783117,135,2,Male,60-79
102616,16.0,18.0,14.0,4.0,0.66,12.0,0,0,56,2,192084.53463047845,134,1,Female,40-59
102617,24.0,18.0,29.0,4.3,0.97,18.0,0,0,63,2,118521.43060319545,143,2,Female,60-79
102618,22.0,22.0,13.0,3.9,0.7,11.0,0,0,70,2,24083.679519503698,148,1,Female,60-79
102619,16.0,15.0,16.0,3.9,0.88,18.0,0,0,61,2,261074.0496973659,139,1,Female,60-79
102620,24.0,21.0,17.0,4.0,1.1,11.0,0,0,48,1,15875.29798316736,138,2,Male,40-59
102621,25.0,41.0,9.0,3.8,0.95,7.0,0,0,32,2,23879.205656767725,146,2,Female,20-39
102622,27.0,16.0,29.0,3.9,1.05,13.0,0,0,46,1,32686.334694341327,142,1,Male,40-59
102623,16.0,16.0,24.0,4.0,0.99,12.0,0,0,66,1,27265.493029959936,144,2,Male,60-79
102624,,,,,,,,,56,1,32740.64870553038,141,1,Male,40-59
102625,28.0,19.0,58.0,4.5,1.08,18.0,0,0,33,1,21027.96206414405,141,1,Male,20-39
102626,20.0,20.0,23.0,4.1,1.01,20.0,0,0,46,1,32544.78203403535,137,1,Male,40-59
102628,25.0,20.0,28.0,3.8,0.95,19.0,0,0,69,2,272498.88866307226,147,2,Female,60-79
102629,13.0,19.0,12.0,4.5,0.82,19.0,0,0,73,2,35201.16787888489,134,2,Female,60-79
102631,21.0,22.0,31.0,4.1,0.93,12.0,0,0,22,1,33490.12972866911,138,1,Male,20-39
102633,19.0,16.0,35.0,3.9,0.91,12.0,0,0,41,2,14923.931929071,138,2,Female,40-59
102634,16.0,20.0,28.0,4.2,1.33,24.0,0,0,80,1,27533.50984686657,144,1,Male,80+
102635,17.0,22.0,17.0,3.8,0.71,20.0,0,0,40,2,13769.396157867599,134,1,Female,40-59
102637,17.0,21.0,12.0,3.4,1.71,34.0,0,0,64,1,6162.882054289526,144,1,Male,60-79
102638,25.0,23.0,18.0,4.3,0.76,15.0,0,0,26,2,128054.11579617382,143,1,Female,20-39
102641,26.0,19.0,83.0,4.3,1.11,14.0,0,0,34,1,54215.69167248232,140,2,Male,20-39
102642,22.0,18.0,22.0,3.7,0.56,11.0,0,0,44,2,26959.485796680245,138,2,Female,40-59
102644,17.0,17.0,19.0,3.8,0.77,12.0,0,0,53,1,142549.01957718667,139,2,Male,40-59
102648,14.0,20.0,15.0,4.1,1.33,15.0,0,0,33,1,20684.70285533567,142,2,Male,20-39
102649,18.0,25.0,97.0,4.0,1.3,20.0,0,0,57,1,18902.354337668698,145,1,Male,40-59
102650,10.0,13.0,27.0,3.8,0.72,14.0,0,0,66,2,68180.76032422138,139,2,Female,60-79
102651,30.0,28.0,30.0,4.0,0.73,16.0,0,0,71,2,131495.30157217255,139,1,Female,60-79
102653,10.0,14.0,8.0,4.3,0.65,11.0,0,0,25,2,86149.55742143783,134,2,Female,20-39
102655,13.0,20.0,12.0,4.7,1.04,15.0,0,0,21,1,60583.51187746901,140,1,Male,20-39
102656,,,,,,,,,36,2,15696.780447754114,138,2,Female,20-39
102657,14.0,17.0,12.0,4.3,0.93,15.0,0,0,68,2,163857.5147029728,136,1,Female,60-79
102659,14.0,29.0,25.0,4.0,0.66,15.0,0,0,80,2,18359.47908775684,136,1,Female,80+
102661,24.0,16.0,21.0,4.1,0.98,19.0,0,0,59,2,245535.95402196472,135,1,Female,40-59
102664,51.0,70.0,23.0,4.0,1.07,17.0,0,0,51,1,26267.330298860998,134,2,Male,40-59
102665,10.0,13.0,24.0,4.3,0.89,20.0,0,0,80,1,14113.976772797581,137,1,Male,80+
102666,25.0,37.0,26.0,4.4,0.78,16.0,0,0,44,2,121635.66967206597,145,1,Female,40-59
102667,27.0,22.0,100.0,4.4,0.75,17.0,0,0,50,1,25235.491916441053,136,2,Male,40-59
102668,10.0,17.0,9.0,4.2,0.59,9.0,0,0,39,2,30459.60233496209,140,1,Female,20-39
102669,16.0,14.0,11.0,4.2,0.97,10.0,0,0,32,1,22896.657575799734,144,1,Male,20-39
102671,8.0,11.0,10.0,3.9,1.17,30.0,0,0,80,1,41610.35013256209,136,2,Male,80+
102672,11.0,17.0,23.0,4.5,0.78,15.0,0,0,21,2,42355.296020848844,141,1,Female,20-39
102673,14.0,18.0,9.0,4.2,0.61,15.0,0,0,47,2,16010.992395293277,148,1,Female,40-59
102674,28.0,23.0,18.0,4.2,0.93,15.0,0,0,26,1,99421.4931740693,142,1,Male,20-39
102675,52.0,34.0,127.0,4.5,0.89,17.0,0,0,22,1,55226.658088357704,143,1,Male,20-39
102676,118.0,64.0,33.0,4.0,1.01,8.0,0,0,22,1,21809.824561522015,135,2,Male,20-39
102677,10.0,13.0,23.0,3.9,0.75,9.0,0,0,60,1,24796.520850081244,142,1,Male,60-79
102679,24.0,29.0,22.0,4.0,1.61,20.0,0,0,80,1,10522.606797105815,141,2,Male,80+
102680,10.0,20.0,12.0,3.9,1.04,15.0,0,0,80,1,20075.37606031769,146,2,Male,80+
102682,10.0,13.0,4.0,2.8,0.55,9.0,0,0,33,2,19023.123052939416,148,2,Female,20-39
102683,34.0,35.0,32.0,4.0,1.36,30.0,0,0,65,1,5720.081877158476,135,1,Male,60-79
102684,31.0,21.0,38.0,4.1,0.92,12.0,0,0,34,1,18967.592399169396,138,2,Male,20-39
102685,29.0,22.0,29.0,4.0,1.0,15.0,0,0,39,1,24113.426295831683,139,2,Male,20-39
102686,14.0,16.0,14.0,3.8,0.72,17.0,0,0,51,2,35814.42594365804,142,2,Female,40-59
102687,14.0,18.0,22.0,4.2,0.7,12.0,0,0,64,2,6199.661511301769,147,1,Female,60-79
102688,19.0,16.0,14.0,3.7,0.67,18.0,0,0,53,2,26294.394085409163,142,1,Female,40-59
102689,20.0,23.0,18.0,4.5,0.85,12.0,0,0,24,1,43563.920584432904,141,2,Male,20-39
102694,14.0,16.0,11.0,4.1,0.79,11.0,0,0,55,2,60615.42585274795,138,1,Female,40-59
102696,17.0,15.0,28.0,4.0,1.1,15.0,0,0,67,1,18520.61365355158,136,1,Male,60-79
102697,13.0,24.0,11.0,3.9,1.32,25.0,0,0,75,1,9072.698977693053,141,1,Male,60-79
102701,21.0,21.0,14.0,4.3,0.92,16.0,0,0,61,2,378202.77680522576,145,2,Female,60-79
102702,16.0,21.0,8.0,4.3,1.18,23.0,0,0,75,1,53307.52290799119,147,1,Male,60-79
102704,19.0,19.0,31.0,3.9,0.48,13.0,0,0,52,2,103433.24818348531,139,2,Female,40-59
102706,56.0,34.0,43.0,4.3,0.89,16.0,0,0,40,1,19243.78741139012,138,2,Male,40-59
102707,,,,,,,,,27,1,71118.58375708472,142,1,Male,20-39
102708,12.0,11.0,18.0,4.1,1.12,19.0,0,0,80,1,17101.661031860112,139,2,Male,80+
102710,13.0,20.0,18.0,4.2,1.12,24.0,0,0,73,2,23979.8601299758,139,2,Female,60-79
102713,8.0,13.0,27.0,4.3,0.75,6.0,0,0,23,2,21932.319031145555,147,1,Female,20-39
102718,47.0,33.0,28.0,4.6,0.7,11.0,0,0,20,1,22835.68002352861,136,2,Male,20-39
102720,63.0,46.0,279.0,4.1,0.73,16.0,0,0,59,1,138654.85575189168,142,1,Male,40-59
102721,22.0,23.0,11.0,3.7,0.53,22.0,0,0,53,2,28303.633898694978,134,2,Female,40-59
102722,17.0,15.0,18.0,4.4,0.56,10.0,0,0,62,2,5175.5835699430845,142,2,Female,60-79
102723,37.0,30.0,506.0,4.3,0.48,15.0,0,0,63,2,13532.635352379764,148,1,Female,60-79
102724,35.0,20.0,48.0,4.1,0.81,13.0,0,0,43,1,24900.237590949553,147,2,Male,40-59
102726,25.0,24.0,77.0,4.4,0.94,10.0,0,0,62,1,7446.067953679666,144,1,Male,60-79
102729,19.0,19.0,50.0,4.0,0.67,15.0,0,0,61,2,71351.95847883633,139,2,Female,60-79
102730,20.0,16.0,31.0,4.0,0.52,13.0,0,0,54,1,10346.826407402166,148,2,Male,40-59
102731,,,,,,,,,80,1,12040.256417073797,139,2,Male,80+
102732,27.0,32.0,24.0,4.2,1.62,17.0,0,0,70,1,10484.073536825854,147,2,Male,60-79
102733,19.0,14.0,36.0,3.9,0.93,14.0,0,0,61,1,9912.50603130148,146,2,Male,60-79
102737,,,,,,,,,50,2,39712.40317743159,143,2,Female,40-59
102743,19.0,13.0,19.0,3.9,0.61,14.0,0,0,45,1,55634.972264129,147,1,Male,40-59
102746,10.0,16.0,11.0,3.8,0.92,12.0,0,0,23,1,179271.49919057585,143,2,Male,20-39
102747,11.0,20.0,5.0,4.3,0.62,11.0,0,0,57,2,36501.635789917906,138,1,Female,40-59
102750,58.0,38.0,146.0,4.1,0.8,24.0,0,0,50,1,20866.907035584572,137,1,Male,40-59
102753,46.0,44.0,21.0,4.1,1.07,16.0,0,0,50,1,208037.73187475378,141,2,Male,40-59
102754,40.0,23.0,27.0,3.6,1.08,16.0,0,0,50,1,27066.91153248032,138,2,Male,40-59
102756,14.0,16.0,18.0,4.1,1.87,21.0,0,0,34,1,53827.72322239298,141,2,Male,20-39
102758,,,,,,,,,46,2,18930.065720768736,138,1,Female,40-59
102759,24.0,24.0,42.0,3.5,0.79,10.0,0,0,47,2,108370.33548593402,140,2,Female,40-59
102761,14.0,18.0,21.0,4.2,1.46,16.0,0,0,25,1,30441.33238298455,146,2,Male,20-39
102762,23.0,27.0,18.0,3.9,0.83,9.0,0,0,20,1,59372.672266426685,136,1,Male,20-39
102763,11.0,15.0,14.0,4.0,0.92,20.0,0,0,62,1,16698.950099117625,140,2,Male,60-79
102766,20.0,19.0,51.0,3.8,0.58,11.0,0,0,46,2,11617.64868568536,144,2,Female,40-59
102768,19.0,15.0,26.0,4.5,0.85,16.0,0,0,49,1,290562.33800877514,139,1,Male,40-59
102771,37.0,28.0,14.0,4.2,0.67,15.0,0,0,60,2,7590.272297778684,135,2,Female,60-79
102772,26.0,25.0,116.0,3.8,1.05,26.0,0,0,56,1,21072.592637500482,139,2,Male,40-59
102773,17.0,19.0,8.0,4.0,0.62,19.0,0,0,63,2,118085.3591574549,138,2,Female,60-79
102775,60.0,41.0,44.0,4.0,1.2,21.0,0,0,58,1,27229.414582457797,135,2,Male,40-59
102776,21.0,23.0,77.0,4.4,0.88,13.0,0,0,35,1,69066.78634660343,145,1,Male,20-39
102777,18.0,13.0,37.0,3.9,0.55,18.0,0,0,60,2,50365.04724791569,140,1,Female,60-79
102778,19.0,26.0,155.0,3.6,1.24,29.0,0,0,67,2,4942.3732120612685,145,2,Female,60-79
102779,16.0,17.0,13.0,3.9,1.52,16.0,0,0,57,1,202187.79356403145,143,2,Male,40-59
102781,46.0,36.0,13.0,4.5,0.92,16.0,0,0,24,1,11572.499348611838,135,2,Male,20-39
102783,,,,,,,,,52,2,8265.70314435897,138,1,Female,40-59
102785,17.0,22.0,7.0,4.3,0.81,13.0,0,0,54,2,185636.2381299713,140,2,Female,40-59
102786,16.0,16.0,29.0,4.1,0.6,10.0,0,0,46,2,11395.889673371608,147,1,Female,40-59
102788,17.0,17.0,23.0,4.0,0.79,12.0,0,0,42,2,18356.942965388705,146,2,Female,40-59
102789,34.0,23.0,55.0,4.0,0.82,15.0,0,0,61,1,5219.983526508835,142,2,Male,60-79
102790,19.0,18.0,23.0,4.2,0.99,16.0,0,0,47,1,180872.85483289172,142,2,Male,40-59
102791,17.0,14.0,30.0,4.5,0.69,11.0,0,0,61,1,11533.32173724881,142,2,Male,60-79
102792,32.0,25.0,51.0,4.1,1.02,14.0,0,0,61,1,26101.60089482238,142,1,Male,60-79
102793,31.0,19.0,24.0,4.2,0.67,14.0,0,0,30,2,34827.550688713935,142,1,Female,20-39
102794,,,,,,,,,67,1,12522.591099436484,140,1,Male,60-79
102797,,,,,,,,,20,1,28334.400605248728,134,2,Male,20-39
102798,29.0,18.0,29.0,4.0,0.98,12.0,0,0,57,2,32982.32081241399,138,2,Female,40-59
102799,,,,,,,,,62,2,19757.51185282239,146,1,Female,60-79
102800,50.0,50.0,47.0,4.1,0.9,18.0,0,0,65,1,91624.54863468828,138,2,Male,60-79
102801,16.0,18.0,23.0,4.4,0.68,10.0,0,0,58,2,22287.771635270008,146,2,Female,40-59
102802,14.0,14.0,17.0,4.6,0.82,17.0,0,0,25,1,33100.43271115525,148,1,Male,20-39
102805,14.0,19.0,18.0,4.3,1.09,11.0,0,0,60,1,9842.759420844925,139,1,Male,60-79
102807,14.0,15.0,65.0,3.9,1.45,24.0,0,0,79,1,9119.113914078842,138,1,Male,60-79
102808,18.0,21.0,18.0,4.2,1.22,12.0,0,0,62,1,12284.046241976905,147,1,Male,60-79
102809,49.0,27.0,33.0,4.1,0.75,10.0,0,0,24,1,49536.0762937503,143,2,Male,20-39
102811,11.0,19.0,9.0,4.1,0.64,11.0,0,0,41,2,25608.168993112555,135,2,Female,40-59
102815,8.0,21.0,16.0,4.1,1.21,27.0,0,0,80,1,7323.934818452054,142,1,Male,80+
102816,24.0,26.0,27.0,4.1,0.55,11.0,0,0,42,2,30852.0412805536,135,1,Female,40-59
102819,10.0,14.0,9.0,4.1,0.57,9.0,0,0,48,2,157843.83441734978,139,2,Female,40-59
102820,21.0,22.0,21.0,3.9,0.66,17.0,0,0,57,2,13073.908306032155,140,2,Female,40-59
102821,9.0,13.0,21.0,3.9,0.88,12.0,0,0,35,2,25835.553511984443,134,2,Female,20-39
102823,24.0,20.0,22.0,4.0,0.63,10.0,0,0,55,2,80365.22968551016,147,2,Female,40-59
102826,15.0,18.0,17.0,4.0,0.59,13.0,0,0,58,2,18431.56321369246,141,2,Female,40-59
102828,12.0,14.0,9.0,3.5,1.19,14.0,0,0,80,2,17527.993354583577,146,2,Female,80+
102831,15.0,16.0,14.0,4.2,0.59,11.0,0,0,51,2,13803.831787690513,143,1,Female,40-59
102832,22.0,22.0,28.0,4.6,0.85,13.0,0,0,29,1,122278.1146814071,135,2,Male,20-39
102833,44.0,45.0,30.0,4.3,0.95,16.0,0,0,25,1,29416.829329227327,135,2,Male,20-39
102834,25.0,15.0,23.0,3.8,0.96,13.0,0,0,57,1,43702.63623998931,148,2,Male,40-59
102835,14.0,22.0,32.0,4.3,1.28,30.0,0,0,67,2,14560.572022221273,134,2,Female,60-79
102836,67.0,36.0,25.0,3.8,0.56,12.0,0,0,40,1,48907.330036741274,137,1,Male,40-59
102838,23.0,21.0,63.0,4.2,0.99,15.0,0,0,41,1,25010.65289404534,138,2,Male,40-59
102841,17.0,16.0,26.0,4.1,1.06,26.0,0,0,78,1,16710.660592959,137,2,Male,60-79
102845,24.0,21.0,186.0,3.7,1.81,16.0,0,0,63,1,7620.631953504778,145,2,Male,60-79
102846,12.0,17.0,16.0,4.2,0.68,22.0,0,0,61,2,235360.46681739952,145,2,Female,60-79
102847,16.0,16.0,6.0,4.4,0.69,8.0,0,0,30,2,29572.608216522578,139,2,Female,20-39
102849,12.0,20.0,16.0,4.7,0.93,14.0,0,0,29,1,41803.05876673279,136,2,Male,20-39
102850,13.0,16.0,20.0,3.6,1.04,19.0,0,0,54,1,61763.17986959355,134,2,Male,40-59
102851,16.0,15.0,15.0,4.3,1.1,15.0,0,0,58,1,40904.643123424896,135,2,Male,40-59
102853,,,,,,,,,45,1,17346.094634324723,139,2,Male,40-59
102854,37.0,26.0,29.0,4.3,0.99,10.0,0,0,45,1,13318.976884868827,148,2,Male,40-59
102855,38.0,26.0,30.0,4.3,0.79,19.0,0,0,61,1,9374.381689537242,148,2,Male,60-79
102856,14.0,21.0,13.0,3.7,0.89,19.0,0,0,80,1,25684.104262345696,134,2,Male,80+
102858,58.0,29.0,69.0,3.7,0.74,11.0,0,0,36,1,27165.030273597447,140,2,Male,20-39
102860,13.0,20.0,47.0,4.3,0.9,15.0,0,0,63,1,10302.849683151377,137,1,Male,60-79
102861,10.0,12.0,13.0,3.2,0.89,10.0,0,0,41,2,71692.31587518823,136,1,Female,40-59
102863,13.0,12.0,17.0,3.6,0.5,10.0,0,0,61,2,8859.171891909675,148,2,Female,60-79
102865,35.0,29.0,26.0,3.6,0.75,15.0,0,0,44,2,121635.66967206597,145,1,Female,40-59
102866,14.0,13.0,35.0,4.3,1.35,33.0,0,0,73,2,129217.18263171852,145,2,Female,60-79
102868,24.0,28.0,18.0,3.9,0.7,15.0,0,0,70,2,13375.612627884053,134,1,Female,60-79
102869,40.0,36.0,130.0,3.6,1.19,14.0,0,0,67,1,26827.000336959478,142,1,Male,60-79
102870,18.0,18.0,13.0,4.1,0.56,11.0,0,0,51,2,16356.717360960887,137,1,Female,40-59
102871,15.0,18.0,7.0,3.8,0.65,11.0,0,0,80,2,17645.133308830707,134,2,Female,80+
102872,,,,,,,,,44,2,41690.43328879859,143,1,Female,40-59
102873,14.0,18.0,22.0,3.9,1.5,24.0,0,0,66,1,11596.338572075141,143,2,Male,60-79
102875,56.0,38.0,169.0,4.6,0.85,14.0,0,0,61,1,18617.544673695058,139,1,Male,60-79
102876,27.0,22.0,21.0,4.3,0.8,15.0,0,0,65,1,21248.633224147234,135,2,Male,60-79
102878,15.0,12.0,19.0,4.0,1.01,20.0,0,0,61,1,8348.967212933014,135,2,Male,60-79
102879,29.0,16.0,20.0,3.9,1.66,19.0,0,0,21,1,96784.54196711566,139,2,Male,20-39
102880,17.0,22.0,13.0,3.9,0.53,11.0,0,0,51,2,17086.936760688564,138,2,Female,40-59
102883,10.0,23.0,22.0,3.7,1.07,26.0,0,0,80,1,31959.234641248822,138,1,Male,80+
102884,30.0,22.0,82.0,4.3,0.73,16.0,0,0,32,1,83354.70555944336,135,1,Male,20-39
102885,16.0,17.0,68.0,4.3,0.88,10.0,0,0,37,2,21268.967902026383,145,2,Female,20-39
102886,20.0,17.0,24.0,4.4,0.6,18.0,0,0,50,2,27705.045760620804,134,2,Female,40-59
102887,17.0,18.0,19.0,3.8,0.8,12.0,0,0,60,2,7779.675759259114,141,1,Female,60-79
102889,22.0,24.0,17.0,4.0,1.03,19.0,0,0,47,1,30572.216364683998,140,2,Male,40-59
102890,21.0,24.0,9.0,4.0,1.21,8.0,0,0,80,1,9244.176686225499,135,2,Male,80+
102892,39.0,37.0,137.0,3.6,0.58,14.0,0,0,42,2,27521.743804595193,135,1,Female,40-59
102893,9.0,11.0,10.0,4.1,0.6,19.0,0,0,44,2,80576.88233746255,145,1,Female,40-59
102894,15.0,15.0,11.0,4.2,0.93,11.0,0,0,26,1,19159.767875582642,140,1,Male,20-39
102895,19.0,15.0,27.0,3.8,0.97,12.0,0,0,43,1,20351.324921565414,146,1,Male,40-59
102899,13.0,16.0,10.0,4.1,0.78,10.0,0,0,20,2,92017.80160879083,148,2,Female,20-39
102901,24.0,29.0,17.0,4.1,1.14,18.0,0,0,66,1,16068.046328080869,144,1,Male,60-79
102903,,,,,,,,,20,2,46481.735403879786,145,1,Female,20-39
102904,17.0,18.0,18.0,4.1,0.99,21.0,0,0,75,2,117354.99933329233,143,1,Female,60-79
102907,,,,,,,,,47,2,9813.61444477998,147,1,Female,40-59
102908,15.0,13.0,65.0,3.8,0.57,9.0,0,0,51,1,36705.96872271898,145,1,Male,40-59
102910,7.0,14.0,17.0,3.5,1.92,36.0,0,0,71,1,7549.444634327819,139,2,Male,60-79
102911,14.0,13.0,12.0,4.2,0.95,14.0,0,0,55,2,32216.81455518033,142,2,Female,40-59
102913,48.0,36.0,43.0,3.8,0.54,13.0,0,0,39,2,179356.53473965975,139,1,Female,20-39
102914,16.0,22.0,23.0,4.1,0.55,14.0,0,0,73,2,20155.919483442853,134,2,Female,60-79
102916,22.0,21.0,24.0,3.9,1.05,21.0,0,0,66,1,7537.752627943158,137,1,Male,60-79
102917,15.0,20.0,28.0,4.4,1.15,17.0,0,0,61,2,25728.192802648682,141,1,Female,60-79
102918,17.0,24.0,13.0,4.2,0.87,19.0,0,0,33,1,34809.05813353648,143,2,Male,20-39
102920,97.0,75.0,79.0,3.7,0.46,11.0,0,0,62,2,27655.104564422876,137,1,Female,60-79
102921,41.0,57.0,54.0,3.3,0.84,15.0,0,0,53,1,23448.025770408614,135,2,Male,40-59
102922,,,,,,,,,31,1,39386.16453156345,137,1,Male,20-39
102923,13.0,18.0,44.0,3.8,0.81,11.0,0,0,43,2,66729.30108653603,139,1,Female,40-59
102924,16.0,22.0,23.0,4.3,0.57,14.0,0,0,75,2,90160.26233852764,139,1,Female,60-79
102929,17.0,26.0,34.0,4.0,0.79,14.0,0,0,60,1,9980.888534826214,146,2,Male,60-79
102933,10.0,14.0,13.0,4.2,0.75,8.0,0,0,24,2,18753.007678202353,144,1,Female,20-39
102934,12.0,16.0,28.0,3.8,1.3,14.0,0,0,48,1,15112.042498724766,147,2,Male,40-59
102935,,,,,,,,,27,2,159563.70433897868,139,1,Female,20-39
102943,31.0,30.0,26.0,3.9,0.65,16.0,0,0,48,2,29519.81890608458,148,1,Female,40-59
102944,39.0,31.0,49.0,4.1,0.83,14.0,0,0,55,1,22162.925914161293,136,2,Male,40-59
102946,16.0,17.0,15.0,3.7,1.27,17.0,0,0,65,1,9451.752486855854,135,2,Male,60-79
102947,22.0,26.0,26.0,4.5,1.81,25.0,0,0,75,1,13563.956261169642,137,2,Male,60-79
102948,11.0,14.0,8.0,4.2,0.94,18.0,0,0,31,2,129144.34773512845,141,1,Female,20-39
102949,26.0,29.0,14.0,4.5,1.05,20.0,0,0,33,1,30287.188730513393,139,2,Male,20-39
102952,22.0,27.0,18.0,4.8,0.7,13.0,0,0,70,2,18338.711104024176,138,2,Female,60-79
102953,40.0,29.0,28.0,4.0,0.92,17.0,0,0,42,1,63661.95157344447,137,2,Male,40-59
102954,6.0,15.0,8.0,3.9,0.69,8.0,0,0,41,2,17694.78334581792,144,1,Female,40-59
102956,47.0,27.0,72.0,4.3,0.82,12.0,0,0,38,1,39426.29994756593,142,1,Male,20-39
