SEQN,LBXSATSI,LBXSASSI,LBXSGTSI,LBXSAL,LBXSCR,LBXSBU,LBDSATLC,LBDSGTLC
93705,16.0,20.0,21.0,4.4,0.92,11.0,0,0
93706,10.0,14.0,16.0,4.4,0.81,12.0,0,0
93707,13.0,24.0,9.0,5.2,0.64,17.0,0,0
93708,19.0,21.0,22.0,3.9,0.58,16.0,0,0
93709,15.0,17.0,31.0,3.7,1.32,20.0,0,0
93711,20.0,23.0,19.0,4.0,1.13,14.0,0,0
93712,46.0,35.0,11.0,4.8,0.77,14.0,0,0
93713,18.0,18.0,26.0,4.3,1.13,22.0,0,0
93714,22.0,16.0,85.0,3.4,0.45,11.0,0,0
93715,12.0,15.0,14.0,4.2,0.94,16.0,0,0
93716,27.0,20.0,27.0,4.1,1.13,18.0,0,0
93717,13.0,17.0,16.0,4.3,0.81,14.0,0,0
93718,13.0,17.0,18.0,4.2,0.86,14.0,0,0
93719,17.0,14.0,14.0,3.9,0.83,17.0,0,0
93721,53.0,36.0,38.0,4.1,0.67,16.0,0,0
93722,19.0,28.0,16.0,4.1,0.84,17.0,0,0
93723,17.0,20.0,12.0,4.2,1.03,21.0,0,0
93726,41.0,42.0,22.0,3.8,0.58,20.0,0,0
93727,,,,,,,,
93728,12.0,16.0,261.0,3.5,1.09,16.0,0,0
93729,14.0,16.0,12.0,3.8,0.93,14.0,0,0
93730,29.0,24.0,35.0,4.4,0.65,19.0,0,0
93731,22.0,14.0,19.0,4.5,0.88,12.0,0,0
93732,,,,,,,,
93735,9.0,11.0,13.0,3.8,11.46,76.0,0,0
93738,23.0,26.0,29.0,4.3,1.03,19.0,0,0
93740,,,,,,,,
93742,14.0,15.0,26.0,3.4,1.35,14.0,0,0
93743,23.0,25.0,32.0,4.3,1.05,16.0,0,0
93746,13.0,16.0,12.0,3.9,0.68,12.0,0,0
93747,12.0,20.0,16.0,3.8,0.47,14.0,0,0
93752,9.0,14.0,10.0,4.4,0.69,8.0,0,0
93754,25.0,25.0,35.0,3.9,1.03,16.0,0,0
93755,14.0,14.0,16.0,4.1,0.81,12.0,0,0
93756,13.0,21.0,12.0,3.6,0.95,19.0,0,0
93757,68.0,46.0,60.0,4.2,0.99,14.0,0,0
93758,14.0,23.0,21.0,3.9,0.93,16.0,0,0
93759,14.0,16.0,15.0,3.6,0.77,14.0,0,0
93760,20.0,21.0,24.0,4.1,0.56,14.0,0,0
93761,41.0,16.0,42.0,4.2,0.77,19.0,0,0
93762,21.0,22.0,22.0,4.3,0.87,12.0,0,0
93763,13.0,22.0,18.0,4.4,1.09,16.0,0,0
93765,15.0,19.0,17.0,4.2,0.69,6.0,0,0
93766,10.0,12.0,16.0,3.7,0.66,10.0,0,0
93767,24.0,17.0,21.0,4.0,0.77,11.0,0,0
93768,14.0,19.0,16.0,4.1,1.34,26.0,0,0
93770,17.0,20.0,38.0,4.5,0.91,13.0,0,0
93772,25.0,41.0,61.0,3.4,1.31,60.0,0,0
93773,22.0,21.0,35.0,4.2,0.96,6.0,0,0
93774,14.0,19.0,14.0,4.1,0.6,12.0,0,0
93775,14.0,14.0,21.0,3.6,0.8,18.0,0,0
93776,20.0,20.0,69.0,4.1,0.81,12.0,0,0
93777,,,,,,,,
93778,7.0,14.0,10.0,4.2,0.59,7.0,0,0
93780,26.0,22.0,22.0,4.2,0.75,13.0,0,0
93781,30.0,29.0,32.0,4.6,0.8,13.0,0,0
93782,17.0,16.0,30.0,4.4,0.63,7.0,0,0
93783,10.0,13.0,11.0,4.0,0.72,6.0,0,0
93785,16.0,20.0,17.0,3.7,0.75,19.0,0,0
93787,,,,,,,,
93788,17.0,14.0,25.0,4.0,0.99,38.0,0,0
93789,15.0,21.0,22.0,4.1,1.01,19.0,0,0
93791,52.0,28.0,46.0,4.3,0.76,11.0,0,0
93792,,,,,,,,
93793,,,,,,,,
93794,21.0,24.0,53.0,4.0,0.82,17.0,0,0
93795,54.0,49.0,122.0,3.9,0.91,14.0,0,0
93796,14.0,24.0,26.0,4.6,1.12,18.0,0,0
93797,23.0,25.0,14.0,4.4,0.73,12.0,0,0
93798,17.0,19.0,28.0,4.2,0.67,13.0,0,0
93799,,,,,,,,
93800,21.0,26.0,23.0,3.6,0.66,13.0,0,0
93801,19.0,22.0,22.0,3.7,1.0,19.0,0,0
93803,26.0,30.0,12.0,4.5,0.77,8.0,0,0
93805,22.0,21.0,14.0,4.2,0.7,22.0,0,0
93806,36.0,26.0,62.0,4.3,0.72,19.0,0,0
93807,7.0,17.0,19.0,3.9,0.73,15.0,0,0
93808,22.0,29.0,19.0,4.7,0.78,18.0,0,0
93810,32.0,31.0,36.0,3.9,0.75,8.0,0,0
93811,9.0,21.0,26.0,4.1,0.84,11.0,0,0
93812,31.0,23.0,29.0,4.0,0.96,23.0,0,0
93813,10.0,13.0,15.0,3.6,0.61,7.0,0,0
93814,8.0,14.0,10.0,3.9,0.75,10.0,0,0
93815,15.0,15.0,21.0,4.2,0.8,12.0,0,0
93816,,,,,,,,
93817,24.0,22.0,19.0,4.5,0.82,11.0,0,0
93818,10.0,15.0,12.0,4.4,0.64,10.0,0,0
93819,17.0,24.0,23.0,3.9,0.75,10.0,0,0
93821,9.0,17.0,7.0,4.4,0.59,11.0,0,0
93823,40.0,31.0,28.0,4.7,0.71,13.0,0,0
93824,13.0,16.0,9.0,4.3,0.66,20.0,0,0
93825,14.0,16.0,10.0,4.0,1.0,20.0,0,0
93827,20.0,20.0,28.0,4.1,0.51,12.0,0,0
93829,10.0,14.0,23.0,3.4,0.81,9.0,0,0
93830,16.0,16.0,278.0,3.5,6.34,24.0,0,0
93831,21.0,19.0,35.0,4.2,0.88,17.0,0,0
93832,18.0,20.0,26.0,4.6,1.01,22.0,0,0
93834,18.0,13.0,92.0,3.8,0.64,19.0,0,0
93836,,,,,,,,
93837,14.0,16.0,21.0,3.7,0.78,15.0,0,0
93839,20.0,17.0,17.0,4.2,0.66,14.0,0,0
93840,23.0,18.0,32.0,4.3,0.85,19.0,0,0
93841,19.0,21.0,17.0,4.7,1.0,16.0,0,0
93843,22.0,24.0,17.0,3.9,0.91,22.0,0,0
93845,27.0,27.0,36.0,4.1,0.51,14.0,0,0
93846,8.0,17.0,6.0,4.2,0.98,22.0,0,0
93847,15.0,15.0,12.0,3.6,0.78,13.0,0,0
93848,24.0,22.0,25.0,4.1,1.12,12.0,0,0
93849,10.0,16.0,14.0,3.9,0.76,12.0,0,0
93850,10.0,16.0,29.0,4.5,0.8,11.0,0,0
93851,13.0,16.0,19.0,3.9,1.07,11.0,0,0
93852,9.0,13.0,13.0,3.6,0.74,14.0,0,0
93853,14.0,17.0,16.0,3.1,0.98,16.0,0,0
93855,43.0,28.0,34.0,4.2,0.91,12.0,0,0
93856,12.0,15.0,43.0,3.7,0.96,9.0,0,0
93858,10.0,15.0,18.0,4.3,0.77,8.0,0,0
93859,,,,,,,,
93861,30.0,24.0,21.0,4.4,0.99,13.0,0,0
93863,38.0,25.0,178.0,3.9,0.82,14.0,0,0
93864,23.0,20.0,26.0,3.8,0.45,7.0,0,0
93866,24.0,17.0,16.0,4.5,0.88,10.0,0,0
93868,14.0,17.0,33.0,4.4,1.11,17.0,0,0
93869,12.0,19.0,57.0,3.9,1.09,41.0,0,0
93870,13.0,15.0,10.0,4.4,0.62,11.0,0,0
93871,32.0,31.0,13.0,4.4,0.84,19.0,0,0
93873,19.0,19.0,11.0,4.0,0.66,9.0,0,0
93875,26.0,20.0,25.0,3.8,0.94,13.0,0,0
93877,16.0,15.0,27.0,3.9,1.28,10.0,0,0
93878,13.0,19.0,21.0,3.8,0.91,17.0,0,0
93883,9.0,9.0,15.0,3.6,0.6,11.0,0,0
93884,24.0,21.0,15.0,4.8,1.16,13.0,0,0
93887,24.0,20.0,32.0,4.0,0.99,13.0,0,0
93888,11.0,15.0,10.0,4.3,0.93,8.0,0,0
93890,19.0,21.0,23.0,4.3,0.97,11.0,0,0
93891,28.0,25.0,22.0,3.9,0.64,16.0,0,0
93892,12.0,21.0,15.0,3.8,0.8,19.0,0,0
93893,17.0,25.0,17.0,3.7,2.4,29.0,0,0
93894,12.0,13.0,14.0,4.2,0.7,12.0,0,0
93895,30.0,19.0,32.0,4.3,0.84,13.0,0,0
93899,41.0,24.0,29.0,4.1,1.1,19.0,0,0
93900,,,,,,,,
93901,16.0,18.0,9.0,4.0,0.53,9.0,0,0
93902,56.0,32.0,24.0,4.2,0.5,16.0,0,0
93903,57.0,54.0,275.0,4.2,0.89,18.0,0,0
93905,13.0,22.0,14.0,4.6,0.71,13.0,0,0
93906,32.0,23.0,24.0,4.3,0.98,20.0,0,0
93907,9.0,10.0,18.0,4.2,0.67,9.0,0,0
93908,27.0,12.0,23.0,4.2,0.57,12.0,0,0
93909,67.0,36.0,31.0,4.0,0.92,14.0,0,0
93912,8.0,9.0,12.0,3.3,1.11,10.0,0,0
93913,14.0,19.0,24.0,4.4,0.62,9.0,0,0
93914,18.0,14.0,34.0,4.6,0.96,21.0,0,0
93915,18.0,17.0,33.0,3.7,0.87,5.0,0,0
93916,18.0,23.0,25.0,4.3,1.32,18.0,0,0
93917,20.0,20.0,12.0,4.6,0.87,14.0,0,0
93918,24.0,16.0,28.0,4.3,1.06,21.0,0,0
93920,25.0,29.0,29.0,3.9,0.49,8.0,0,0
93923,65.0,33.0,27.0,4.3,0.99,11.0,0,0
93924,11.0,15.0,13.0,4.2,0.85,8.0,0,0
93925,9.0,21.0,14.0,4.2,0.68,11.0,0,0
93926,11.0,8.0,18.0,4.2,0.73,14.0,0,0
93927,13.0,18.0,16.0,4.3,0.51,13.0,0,0
93929,14.0,17.0,8.0,2.7,0.69,10.0,0,0
93930,18.0,20.0,18.0,4.0,1.86,22.0,0,0
93931,22.0,19.0,14.0,4.4,0.87,11.0,0,0
93932,43.0,30.0,51.0,4.1,0.62,19.0,0,0
93935,19.0,22.0,24.0,4.0,0.97,16.0,0,0
93937,58.0,30.0,53.0,4.1,0.92,10.0,0,0
93938,11.0,17.0,12.0,3.8,0.66,7.0,0,0
93939,8.0,15.0,12.0,3.9,1.14,15.0,0,0
93940,45.0,23.0,102.0,4.3,1.02,11.0,0,0
93941,24.0,30.0,20.0,4.6,1.27,23.0,0,0
93942,12.0,14.0,7.0,3.6,0.86,7.0,0,0
93945,14.0,18.0,36.0,3.8,1.31,8.0,0,0
93946,22.0,18.0,20.0,4.5,0.95,19.0,0,0
93947,7.0,20.0,25.0,4.1,0.63,16.0,0,0
93948,9.0,16.0,28.0,4.3,0.75,11.0,0,0
93949,41.0,25.0,159.0,4.2,0.49,15.0,0,0
93950,33.0,17.0,24.0,3.8,0.75,14.0,0,0
93952,58.0,35.0,26.0,3.7,0.8,15.0,0,0
93953,175.0,124.0,113.0,4.2,0.49,9.0,0,0
93954,,,,,,,,
93955,11.0,23.0,13.0,3.4,0.95,20.0,0,0
93957,32.0,22.0,21.0,4.0,0.74,16.0,0,0
93959,17.0,23.0,27.0,3.9,0.95,13.0,0,0
93960,23.0,21.0,38.0,4.3,1.13,13.0,0,0
93963,16.0,24.0,38.0,4.2,0.93,20.0,0,0
93964,25.0,19.0,89.0,4.4,0.87,16.0,0,0
93965,11.0,21.0,10.0,4.4,0.79,20.0,0,0
93968,12.0,18.0,38.0,3.8,0.94,15.0,0,0
93969,20.0,23.0,12.0,4.2,0.67,11.0,0,0
93970,29.0,16.0,16.0,4.4,0.84,14.0,0,0
93971,19.0,21.0,25.0,3.9,0.98,9.0,0,0
93972,17.0,18.0,22.0,4.0,0.91,17.0,0,0
93973,,,,,,,,
93974,23.0,21.0,31.0,4.0,1.08,21.0,0,0
93975,14.0,17.0,13.0,4.0,0.66,12.0,0,0
93977,,,,,,,,
93978,21.0,18.0,15.0,4.3,0.65,16.0,0,0
93979,,,,,,,,
93980,14.0,16.0,19.0,4.2,0.68,9.0,0,0
93981,14.0,13.0,14.0,4.0,0.68,9.0,0,0
93982,13.0,20.0,16.0,4.0,0.71,15.0,0,0
93983,27.0,29.0,127.0,4.3,0.75,20.0,0,0
93984,16.0,13.0,13.0,4.4,0.79,17.0,0,0
93985,,,,,,,,
93987,52.0,21.0,28.0,3.9,0.8,14.0,0,0
93988,10.0,19.0,7.0,3.8,0.71,9.0,0,0
93989,13.0,17.0,10.0,4.5,0.58,14.0,0,0
93990,21.0,14.0,10.0,3.8,0.89,17.0,0,0
93991,12.0,20.0,9.0,4.2,0.54,10.0,0,0
93992,,,,,,,,
93995,10.0,17.0,7.0,4.0,0.67,10.0,0,0
93998,9.0,17.0,10.0,4.3,0.81,12.0,0,0
93999,9.0,15.0,19.0,4.2,0.77,12.0,0,0
94001,7.0,15.0,7.0,4.3,0.79,16.0,0,0
94002,,,,,,,,
94003,7.0,11.0,14.0,3.6,0.75,13.0,0,0
94004,18.0,21.0,11.0,3.9,0.82,14.0,0,0
94006,11.0,24.0,12.0,4.5,0.75,13.0,0,0
94007,12.0,15.0,14.0,4.2,1.08,22.0,0,0
94008,30.0,30.0,32.0,4.0,0.61,9.0,0,0
94010,14.0,18.0,18.0,4.1,1.28,18.0,0,0
94012,22.0,16.0,37.0,4.5,0.71,14.0,0,0
94013,13.0,16.0,16.0,4.0,0.94,20.0,0,0
94015,10.0,11.0,8.0,3.8,0.86,11.0,0,0
94016,25.0,24.0,26.0,3.9,0.79,14.0,0,0
94017,20.0,19.0,17.0,4.0,3.01,41.0,0,0
94019,28.0,20.0,74.0,4.3,0.71,11.0,0,0
94021,11.0,15.0,13.0,3.4,0.64,12.0,0,0
94026,11.0,21.0,11.0,3.6,0.88,24.0,0,0
94027,29.0,25.0,25.0,4.6,0.78,15.0,0,0
94028,13.0,18.0,25.0,4.4,0.79,10.0,0,0
94029,14.0,18.0,13.0,4.2,0.7,18.0,0,0
94030,30.0,23.0,30.0,4.3,0.92,21.0,0,0
94031,51.0,38.0,71.0,4.0,0.82,10.0,0,0
94033,32.0,27.0,42.0,4.3,0.62,15.0,0,0
94034,22.0,18.0,54.0,3.8,0.88,10.0,0,0
94035,11.0,15.0,11.0,4.2,0.97,9.0,0,0
94036,8.0,14.0,10.0,4.1,0.58,16.0,0,0
94037,29.0,24.0,12.0,4.3,0.72,17.0,0,0
94038,13.0,13.0,15.0,3.8,0.66,20.0,0,0
94039,34.0,28.0,35.0,4.4,1.2,22.0,0,0
94040,23.0,14.0,15.0,4.0,1.13,9.0,0,0
94041,20.0,23.0,10.0,4.5,0.73,14.0,0,0
94042,20.0,21.0,22.0,4.2,1.25,18.0,0,0
94043,17.0,21.0,19.0,3.9,0.83,9.0,0,0
94044,11.0,14.0,12.0,4.1,0.82,15.0,0,0
94045,36.0,31.0,56.0,4.1,0.95,15.0,0,0
94046,18.0,18.0,16.0,4.2,1.1,22.0,0,0
94047,55.0,36.0,20.0,3.6,0.54,12.0,0,0
94048,10.0,20.0,8.0,4.0,0.99,18.0,0,0
94049,9.0,13.0,24.0,3.8,0.92,14.0,0,0
94050,13.0,16.0,36.0,3.9,0.93,18.0,0,0
94051,10.0,15.0,15.0,4.1,0.93,15.0,0,0
94053,,,,,,,,
94054,138.0,174.0,338.0,3.7,1.35,17.0,0,0
94055,,,,,,,,
94057,10.0,12.0,17.0,3.2,0.8,16.0,0,0
94058,23.0,19.0,14.0,3.8,1.01,21.0,0,0
94059,,,,,,,,
94060,42.0,26.0,35.0,4.2,0.88,17.0,0,0
94061,10.0,13.0,26.0,4.0,0.6,10.0,0,0
94064,66.0,33.0,24.0,4.0,0.7,14.0,0,0
94065,19.0,19.0,17.0,4.1,0.93,18.0,0,0
94067,17.0,16.0,18.0,3.8,0.69,18.0,0,0
94068,10.0,15.0,12.0,4.2,1.37,22.0,0,0
94069,14.0,17.0,24.0,4.0,0.84,19.0,0,0
94071,,,,,,,,
94073,24.0,23.0,21.0,3.9,1.46,29.0,0,0
94074,13.0,16.0,13.0,4.1,0.9,13.0,0,0
94078,16.0,21.0,12.0,4.7,1.0,8.0,0,0
94080,17.0,31.0,10.0,4.2,0.79,22.0,0,0
94081,22.0,26.0,28.0,4.0,1.03,26.0,0,0
94082,15.0,13.0,15.0,4.0,0.75,18.0,0,0
94084,14.0,16.0,23.0,3.9,0.8,10.0,0,0
94086,,,,,,,,
94087,12.0,13.0,13.0,4.3,0.88,13.0,0,0
94089,9.0,14.0,12.0,3.8,0.59,15.0,0,0
94090,19.0,20.0,21.0,3.9,0.77,8.0,0,0
94092,14.0,19.0,20.0,4.0,1.67,19.0,0,0
94093,56.0,24.0,42.0,4.3,0.79,16.0,0,0
94094,12.0,10.0,17.0,3.7,0.55,14.0,0,0
94095,7.0,20.0,25.0,3.8,2.21,25.0,0,0
94096,,,,,,,,
94097,16.0,18.0,19.0,3.8,0.42,18.0,0,0
94098,13.0,14.0,28.0,4.1,0.73,8.0,0,0
94099,,,,,,,,
94101,49.0,27.0,89.0,4.3,0.81,18.0,0,0
94105,11.0,13.0,32.0,3.3,0.75,9.0,0,0
94106,21.0,17.0,22.0,4.7,0.96,13.0,0,0
94108,,,,,,,,
94109,13.0,16.0,19.0,4.5,0.66,11.0,0,0
94112,17.0,23.0,11.0,4.4,1.08,16.0,0,0
94113,16.0,12.0,52.0,4.0,0.52,17.0,0,0
94114,,,,,,,,
94116,15.0,26.0,24.0,4.2,0.75,19.0,0,0
94117,22.0,18.0,28.0,3.7,0.9,19.0,0,0
94118,15.0,19.0,19.0,3.9,0.73,14.0,0,0
94119,26.0,21.0,47.0,4.4,1.24,14.0,0,0
94121,9.0,13.0,12.0,4.2,0.73,12.0,0,0
94122,18.0,17.0,37.0,4.2,0.74,16.0,0,0
94124,36.0,24.0,37.0,4.1,1.14,17.0,0,0
94125,18.0,16.0,10.0,4.3,0.69,15.0,0,0
94126,16.0,15.0,24.0,3.7,0.58,13.0,0,0
94127,19.0,20.0,19.0,3.7,0.7,10.0,0,0
94128,31.0,23.0,43.0,4.2,1.14,14.0,0,0
94130,10.0,18.0,11.0,3.9,0.87,15.0,0,0
94131,11.0,13.0,18.0,3.4,0.85,11.0,0,0
94132,,,,,,,,
94133,42.0,34.0,171.0,4.3,1.1,20.0,0,0
94134,34.0,24.0,17.0,3.9,0.7,13.0,0,0
94135,11.0,14.0,8.0,4.2,0.63,12.0,0,0
94137,11.0,17.0,31.0,3.9,1.05,16.0,0,0
94138,17.0,18.0,27.0,3.9,0.72,30.0,0,0
94139,10.0,13.0,10.0,3.7,0.94,18.0,0,0
94140,,,,,,,,
94141,14.0,20.0,12.0,4.3,0.94,9.0,0,0
94144,21.0,16.0,24.0,3.9,0.83,11.0,0,0
94145,66.0,32.0,32.0,4.3,0.51,6.0,0,0
94148,11.0,13.0,12.0,4.6,0.71,14.0,0,0
94149,28.0,26.0,23.0,4.3,0.93,13.0,0,0
94150,22.0,31.0,110.0,4.0,1.42,21.0,0,0
94151,9.0,16.0,11.0,4.5,0.82,11.0,0,0
94152,29.0,28.0,32.0,4.1,0.69,20.0,0,0
94154,15.0,20.0,33.0,3.9,0.96,18.0,0,0
94155,22.0,14.0,38.0,4.6,0.98,13.0,0,0
94156,18.0,21.0,18.0,4.0,0.82,15.0,0,0
94157,13.0,18.0,14.0,4.2,0.57,12.0,0,0
94158,22.0,21.0,22.0,4.2,0.93,19.0,0,0
94159,5.0,18.0,10.0,4.2,0.61,12.0,0,0
94160,20.0,21.0,8.0,4.2,0.76,11.0,0,0
94161,,,,,,,,
94162,16.0,16.0,21.0,3.8,0.77,19.0,0,0
94163,17.0,17.0,11.0,4.0,0.97,17.0,0,0
94164,9.0,14.0,11.0,4.6,0.69,9.0,0,0
94166,11.0,18.0,25.0,4.4,1.12,15.0,0,0
94167,13.0,23.0,11.0,4.8,0.81,13.0,0,0
94168,11.0,21.0,11.0,4.4,0.66,21.0,0,0
94169,11.0,10.0,24.0,4.7,0.94,13.0,0,0
94173,19.0,15.0,88.0,3.7,0.6,17.0,0,0
94174,16.0,13.0,18.0,4.0,0.62,16.0,0,0
94175,16.0,17.0,30.0,3.4,0.93,23.0,0,0
94176,12.0,14.0,13.0,3.9,0.78,11.0,0,0
94177,21.0,18.0,30.0,3.9,0.48,16.0,0,0
94178,,,,,,,,
94179,10.0,22.0,40.0,3.9,1.9,34.0,0,0
94181,31.0,22.0,28.0,3.6,0.56,8.0,0,0
94182,14.0,26.0,8.0,3.7,1.0,18.0,0,0
94183,35.0,21.0,33.0,4.1,1.38,17.0,0,0
94186,6.0,15.0,12.0,4.2,0.63,6.0,0,0
94187,32.0,24.0,74.0,4.2,0.58,15.0,0,0
94189,13.0,13.0,12.0,3.1,0.61,9.0,0,0
94190,33.0,19.0,12.0,4.6,0.99,14.0,0,0
94192,25.0,23.0,58.0,3.8,0.51,12.0,0,0
94193,20.0,16.0,37.0,3.7,0.65,10.0,0,0
94195,8.0,14.0,9.0,4.5,0.55,7.0,0,0
94198,12.0,20.0,8.0,4.1,0.88,16.0,0,0
94199,14.0,21.0,19.0,4.2,1.07,25.0,0,0
94200,33.0,24.0,10.0,4.2,0.56,8.0,0,0
94201,25.0,30.0,23.0,4.2,0.67,12.0,0,0
94202,12.0,15.0,17.0,3.9,0.93,18.0,0,0
94205,25.0,20.0,18.0,4.1,1.21,21.0,0,0
94206,21.0,25.0,25.0,4.3,0.85,22.0,0,0
94207,14.0,13.0,91.0,4.0,1.04,12.0,0,0
94208,18.0,19.0,21.0,4.0,0.88,8.0,0,0
94210,13.0,15.0,20.0,4.1,1.12,21.0,0,0
94211,10.0,14.0,10.0,4.5,0.72,13.0,0,0
94212,20.0,18.0,25.0,3.7,0.83,10.0,0,0
94214,14.0,17.0,7.0,3.9,0.71,10.0,0,0
94216,18.0,19.0,19.0,4.0,1.29,23.0,0,0
94217,10.0,18.0,23.0,4.4,0.88,11.0,0,0
94219,20.0,15.0,7.0,3.3,0.89,16.0,0,0
94220,13.0,20.0,23.0,3.9,0.68,7.0,0,0
94221,9.0,16.0,15.0,4.1,0.71,11.0,0,0
94223,10.0,13.0,18.0,4.1,0.74,8.0,0,0
94224,69.0,31.0,60.0,4.1,0.92,15.0,0,0
94225,22.0,27.0,18.0,4.2,0.56,12.0,0,0
94227,20.0,20.0,14.0,4.3,1.2,25.0,0,0
94229,10.0,12.0,38.0,3.4,0.92,15.0,0,0
94230,19.0,27.0,26.0,4.5,0.95,11.0,0,0
94232,39.0,35.0,53.0,4.0,0.8,15.0,0,0
94233,20.0,22.0,22.0,4.5,0.69,15.0,0,0
94235,21.0,26.0,21.0,4.0,0.93,17.0,0,0
94237,31.0,24.0,19.0,4.3,1.21,17.0,0,0
94238,7.0,15.0,13.0,4.4,0.61,10.0,0,0
94241,46.0,23.0,15.0,4.7,0.81,16.0,0,0
94242,15.0,19.0,26.0,4.1,0.79,12.0,0,0
94243,16.0,20.0,21.0,4.0,1.05,15.0,0,0
94245,12.0,20.0,13.0,4.2,0.78,18.0,0,0
94246,,,,,,,,
94247,23.0,22.0,22.0,3.6,0.96,14.0,0,0
94248,14.0,18.0,9.0,3.4,0.7,9.0,0,0
94249,38.0,20.0,61.0,3.9,0.83,13.0,0,0
94250,16.0,15.0,25.0,4.0,0.62,14.0,0,0
94251,13.0,15.0,14.0,3.8,0.95,11.0,0,0
94252,,,,,,,,
94253,36.0,31.0,19.0,3.8,0.78,7.0,0,0
94255,43.0,23.0,126.0,4.9,0.84,17.0,0,0
94258,47.0,27.0,49.0,4.5,1.09,19.0,0,0
94259,14.0,19.0,18.0,4.3,0.73,13.0,0,0
94260,13.0,16.0,11.0,3.8,0.64,9.0,0,0
94261,14.0,16.0,17.0,4.8,0.64,13.0,0,0
94262,16.0,17.0,16.0,4.6,0.84,19.0,0,0
94263,11.0,16.0,17.0,4.3,1.07,9.0,0,0
94265,21.0,15.0,24.0,3.7,0.78,14.0,0,0
94266,20.0,18.0,24.0,4.3,0.85,12.0,0,0
94267,15.0,21.0,23.0,4.2,0.56,18.0,0,0
94268,14.0,21.0,19.0,4.4,0.73,11.0,0,0
94270,33.0,25.0,44.0,4.6,0.8,20.0,0,0
94271,41.0,24.0,42.0,4.2,0.86,18.0,0,0
94272,12.0,18.0,10.0,4.7,0.79,14.0,0,0
94273,29.0,21.0,30.0,4.5,0.65,12.0,0,0
94274,16.0,17.0,13.0,4.0,0.83,13.0,0,0
94275,54.0,34.0,50.0,4.2,0.66,16.0,0,0
94276,57.0,43.0,109.0,4.2,1.28,23.0,0,0
94277,14.0,15.0,24.0,4.2,0.5,8.0,0,0
94278,23.0,27.0,23.0,4.1,0.96,17.0,0,0
94279,14.0,23.0,13.0,4.2,1.04,15.0,0,0
94281,6.0,8.0,9.0,3.3,0.7,10.0,0,0
94282,11.0,12.0,14.0,3.7,0.77,6.0,0,0
94283,22.0,12.0,30.0,4.0,0.57,15.0,0,0
94284,35.0,29.0,137.0,3.6,0.64,9.0,0,0
94285,28.0,25.0,130.0,3.7,0.87,12.0,0,0
94286,14.0,19.0,32.0,4.0,0.6,11.0,0,0
94287,33.0,39.0,7.0,4.2,0.96,10.0,0,0
94290,28.0,24.0,23.0,4.1,0.72,12.0,0,0
94291,15.0,19.0,10.0,4.0,0.76,23.0,0,0
94292,10.0,17.0,8.0,4.2,0.6,14.0,0,0
94293,26.0,15.0,46.0,3.9,0.92,14.0,0,0
94294,20.0,21.0,12.0,4.0,0.64,11.0,0,0
94295,25.0,19.0,12.0,3.8,0.6,10.0,0,0
94298,14.0,14.0,58.0,3.5,1.12,19.0,0,0
94299,17.0,19.0,9.0,4.5,0.64,12.0,0,0
94300,23.0,17.0,34.0,3.6,0.56,17.0,0,0
94301,13.0,20.0,6.0,3.9,1.0,17.0,0,0
94302,9.0,15.0,13.0,2.7,0.58,11.0,0,0
94303,13.0,10.0,16.0,4.0,1.05,23.0,0,0
94304,16.0,20.0,13.0,4.6,0.88,15.0,0,0
94305,9.0,12.0,10.0,4.1,0.77,8.0,0,0
94306,19.0,22.0,16.0,4.0,0.92,15.0,0,0
94309,,,,,,,,
94311,7.0,11.0,19.0,3.5,0.71,14.0,0,0
94312,13.0,21.0,9.0,4.4,0.85,8.0,0,0
94313,,,,,,,,
94314,21.0,18.0,21.0,4.1,0.9,13.0,0,0
94319,24.0,22.0,24.0,4.3,1.05,15.0,0,0
94320,25.0,35.0,13.0,4.1,1.22,16.0,0,0
94321,8.0,14.0,40.0,3.8,1.14,11.0,0,0
94322,70.0,45.0,31.0,4.0,1.07,14.0,0,0
94323,70.0,44.0,23.0,4.2,0.9,20.0,0,0
94324,35.0,19.0,55.0,4.2,0.8,16.0,0,0
94325,13.0,24.0,28.0,3.4,0.68,15.0,0,0
94326,14.0,15.0,18.0,4.3,0.84,10.0,0,0
94327,,,,,,,,
94328,10.0,15.0,10.0,4.2,0.58,9.0,0,0
94330,20.0,18.0,16.0,4.2,0.66,16.0,0,0
94335,23.0,20.0,17.0,4.1,1.02,20.0,0,0
94336,100.0,55.0,55.0,4.2,0.93,18.0,0,0
94337,70.0,44.0,42.0,3.7,0.87,12.0,0,0
94339,25.0,18.0,48.0,4.4,0.95,13.0,0,0
94340,58.0,32.0,80.0,5.1,1.02,18.0,0,0
94341,47.0,28.0,57.0,4.5,0.82,15.0,0,0
94342,20.0,21.0,16.0,4.2,0.88,12.0,0,0
94343,25.0,18.0,22.0,4.1,1.17,15.0,0,0
94345,20.0,12.0,27.0,3.6,1.88,33.0,0,0
94348,21.0,37.0,52.0,4.2,1.62,23.0,0,0
94349,11.0,18.0,8.0,4.8,0.74,14.0,0,0
94350,27.0,20.0,31.0,4.5,1.13,13.0,0,0
94351,15.0,23.0,13.0,4.7,0.9,13.0,0,0
94352,15.0,20.0,17.0,4.5,0.68,9.0,0,0
94353,26.0,35.0,16.0,3.9,0.72,10.0,0,0
94356,15.0,23.0,36.0,4.6,1.01,13.0,0,0
94359,34.0,26.0,70.0,4.2,0.74,12.0,0,0
94360,31.0,19.0,36.0,4.3,1.26,15.0,0,0
94361,13.0,14.0,25.0,3.6,0.62,10.0,0,0
94362,60.0,47.0,113.0,4.3,1.11,18.0,0,0
94364,14.0,17.0,11.0,3.8,0.61,8.0,0,0
94365,19.0,22.0,25.0,4.2,1.06,11.0,0,0
94366,19.0,16.0,11.0,4.8,0.85,17.0,0,0
94368,7.0,15.0,10.0,4.0,0.52,12.0,0,0
94372,27.0,21.0,22.0,3.7,1.17,20.0,0,0
94373,13.0,23.0,29.0,3.8,0.73,16.0,0,0
94374,30.0,26.0,14.0,3.8,0.89,26.0,0,0
94375,12.0,18.0,15.0,4.4,0.78,18.0,0,0
94376,18.0,17.0,14.0,3.9,0.99,14.0,0,0
94377,22.0,26.0,42.0,4.4,0.68,16.0,0,0
94378,9.0,18.0,10.0,3.9,0.67,16.0,0,0
94379,12.0,14.0,13.0,3.9,0.67,14.0,0,0
94380,15.0,16.0,14.0,3.7,1.18,15.0,0,0
94381,,,,,,,,
94382,9.0,15.0,13.0,4.3,0.99,12.0,0,0
94385,13.0,14.0,10.0,3.6,0.77,22.0,0,0
94386,22.0,18.0,32.0,4.2,0.69,15.0,0,0
94387,13.0,16.0,26.0,4.0,0.84,12.0,0,0
94388,14.0,17.0,19.0,3.8,0.8,13.0,0,0
94390,20.0,24.0,22.0,3.4,0.75,11.0,0,0
94392,19.0,20.0,18.0,4.2,0.87,7.0,0,0
94393,25.0,24.0,8.0,3.5,0.94,14.0,0,0
94394,10.0,14.0,16.0,4.1,0.68,12.0,0,0
94395,,,,,,,,
94396,,,,,,,,
94398,14.0,18.0,14.0,3.5,0.74,14.0,0,0
94399,43.0,34.0,47.0,4.1,0.67,12.0,0,0
94401,27.0,24.0,48.0,3.9,1.0,17.0,0,0
94404,16.0,20.0,13.0,3.9,1.03,18.0,0,0
94405,65.0,41.0,24.0,3.8,0.85,7.0,0,0
94406,11.0,14.0,5.0,2.9,0.55,6.0,0,0
94407,10.0,19.0,15.0,3.7,0.59,14.0,0,0
94408,15.0,19.0,14.0,4.2,1.39,15.0,0,0
94409,8.0,13.0,13.0,4.5,0.9,10.0,0,0
94410,8.0,14.0,8.0,3.5,1.0,25.0,0,0
94411,14.0,20.0,15.0,4.7,1.01,15.0,0,0
94412,7.0,12.0,14.0,3.6,1.03,19.0,0,0
94413,22.0,24.0,19.0,4.8,0.86,11.0,0,0
94414,31.0,21.0,17.0,4.1,1.03,8.0,0,0
94415,16.0,21.0,11.0,4.6,0.82,9.0,0,0
94416,58.0,60.0,164.0,4.3,0.74,12.0,0,0
94418,36.0,25.0,35.0,4.3,1.2,37.0,0,0
94420,13.0,17.0,19.0,3.9,0.94,21.0,0,0
94421,15.0,19.0,32.0,4.2,0.66,13.0,0,0
94423,44.0,22.0,34.0,4.3,0.61,13.0,0,0
94424,18.0,21.0,12.0,4.2,0.86,10.0,0,0
94425,23.0,22.0,81.0,3.7,1.09,30.0,0,0
94427,37.0,26.0,129.0,3.9,0.62,12.0,0,0
94428,32.0,23.0,92.0,4.0,1.02,21.0,0,0
94429,19.0,13.0,37.0,3.9,1.38,19.0,0,0
94430,20.0,22.0,26.0,3.9,0.73,9.0,0,0
94431,25.0,18.0,25.0,4.1,0.74,23.0,0,0
94432,19.0,20.0,17.0,4.2,0.61,22.0,0,0
94433,18.0,14.0,35.0,4.5,0.63,12.0,0,0
94434,38.0,29.0,33.0,4.0,0.63,10.0,0,0
94436,9.0,11.0,15.0,4.0,0.83,16.0,0,0
94438,33.0,30.0,23.0,3.7,1.19,22.0,0,0
94441,18.0,21.0,12.0,4.2,0.63,11.0,0,0
94443,22.0,22.0,20.0,4.1,1.09,15.0,0,0
94444,15.0,17.0,17.0,3.8,0.73,21.0,0,0
94445,19.0,18.0,54.0,4.0,1.15,28.0,0,0
94446,21.0,14.0,20.0,3.9,0.63,9.0,0,0
94447,10.0,23.0,16.0,4.1,0.67,10.0,0,0
94448,31.0,16.0,23.0,4.2,0.87,14.0,0,0
94450,39.0,26.0,20.0,4.3,1.02,16.0,0,0
94453,12.0,12.0,12.0,3.7,0.64,10.0,0,0
94456,18.0,19.0,21.0,4.3,0.91,13.0,0,0
94457,47.0,38.0,12.0,4.2,0.57,10.0,0,0
94458,12.0,15.0,28.0,3.8,0.75,15.0,0,0
94459,24.0,25.0,21.0,3.8,0.75,13.0,0,0
94460,13.0,22.0,37.0,3.8,0.81,15.0,0,0
94461,62.0,78.0,9.0,4.6,0.64,12.0,0,0
94462,17.0,20.0,10.0,4.4,0.52,14.0,0,0
94463,10.0,13.0,14.0,4.1,0.8,12.0,0,0
94464,123.0,122.0,85.0,4.0,1.92,25.0,0,0
94465,18.0,16.0,20.0,3.9,1.06,18.0,0,0
94467,31.0,25.0,10.0,4.1,0.58,15.0,0,0
94469,13.0,15.0,12.0,3.8,0.85,15.0,0,0
94470,24.0,20.0,25.0,3.9,1.07,10.0,0,0
94471,13.0,20.0,20.0,3.9,0.68,12.0,0,0
94473,16.0,20.0,8.0,4.0,1.08,21.0,0,0
94474,19.0,17.0,14.0,3.8,0.57,22.0,0,0
94475,21.0,25.0,12.0,3.9,0.64,29.0,0,0
94476,,,,,,,,
94477,23.0,28.0,27.0,4.6,0.71,11.0,0,0
94478,11.0,14.0,10.0,3.9,0.78,14.0,0,0
94479,11.0,16.0,20.0,3.7,0.82,9.0,0,0
94481,15.0,19.0,34.0,3.8,0.81,7.0,0,0
94482,8.0,18.0,12.0,4.3,0.64,12.0,0,0
94483,11.0,16.0,30.0,3.7,0.74,12.0,0,0
94486,18.0,21.0,23.0,3.8,0.99,6.0,0,0
94487,39.0,23.0,17.0,4.2,1.11,13.0,0,0
94488,10.0,11.0,13.0,3.7,0.49,13.0,0,0
94490,14.0,17.0,17.0,4.3,0.82,8.0,0,0
94491,23.0,29.0,33.0,4.1,0.79,6.0,0,0
94493,29.0,23.0,16.0,4.0,0.88,19.0,0,0
94497,15.0,15.0,128.0,3.7,0.73,7.0,0,0
94499,18.0,25.0,92.0,4.1,0.64,14.0,0,0
94500,13.0,16.0,10.0,3.6,1.25,18.0,0,0
94501,15.0,15.0,25.0,3.9,0.8,12.0,0,0
94502,22.0,17.0,25.0,4.0,0.54,10.0,0,0
94503,16.0,20.0,20.0,4.0,0.52,8.0,0,0
94504,18.0,23.0,2.0,4.4,1.0,18.0,0,1
94506,15.0,19.0,20.0,4.1,0.63,17.0,0,0
94507,39.0,28.0,26.0,4.2,0.89,13.0,0,0
94508,9.0,17.0,18.0,3.9,0.73,11.0,0,0
94509,24.0,21.0,17.0,3.8,1.09,17.0,0,0
94510,13.0,15.0,24.0,3.9,1.06,14.0,0,0
94512,40.0,20.0,54.0,3.7,0.42,11.0,0,0
94515,26.0,17.0,26.0,3.8,0.59,15.0,0,0
94516,6.0,15.0,18.0,4.1,0.58,20.0,0,0
94517,53.0,30.0,16.0,4.5,0.9,14.0,0,0
94519,31.0,23.0,24.0,4.2,0.71,11.0,0,0
94522,24.0,24.0,119.0,4.1,0.94,10.0,0,0
94523,17.0,22.0,19.0,4.2,0.77,11.0,0,0
94525,8.0,12.0,13.0,3.9,0.82,18.0,0,0
94526,101.0,88.0,240.0,4.1,0.81,10.0,0,0
94527,49.0,24.0,49.0,4.5,0.73,19.0,0,0
94528,38.0,26.0,31.0,4.0,0.78,12.0,0,0
94529,,,,,,,,
94530,10.0,15.0,21.0,4.4,0.94,7.0,0,0
94531,19.0,17.0,20.0,4.1,0.65,10.0,0,0
94532,9.0,10.0,11.0,4.5,0.4,13.0,0,0
94534,12.0,24.0,15.0,3.9,1.09,20.0,0,0
94536,15.0,28.0,15.0,4.4,0.66,14.0,0,0
94538,,,,,,,,
94539,20.0,25.0,21.0,4.0,0.88,13.0,0,0
94541,16.0,27.0,23.0,4.3,0.9,18.0,0,0
94542,10.0,18.0,13.0,4.1,0.68,10.0,0,0
94543,15.0,22.0,13.0,4.3,0.49,19.0,0,0
94544,8.0,11.0,8.0,4.2,0.78,15.0,0,0
94545,13.0,18.0,19.0,4.3,0.83,12.0,0,0
94546,9.0,14.0,13.0,4.2,0.88,15.0,0,0
94547,12.0,20.0,61.0,3.6,0.59,12.0,0,0
94549,11.0,20.0,11.0,3.8,1.82,32.0,0,0
94550,12.0,15.0,11.0,4.1,0.63,11.0,0,0
94552,21.0,23.0,14.0,4.1,0.4,9.0,0,0
94553,12.0,16.0,14.0,3.5,0.78,18.0,0,0
94554,39.0,25.0,81.0,4.0,0.92,17.0,0,0
94555,15.0,16.0,21.0,4.9,0.96,15.0,0,0
94557,19.0,19.0,15.0,3.7,0.8,9.0,0,0
94558,24.0,18.0,24.0,4.2,0.51,16.0,0,0
94559,23.0,21.0,42.0,4.3,0.92,14.0,0,0
94560,39.0,28.0,36.0,3.8,0.6,11.0,0,0
94562,10.0,16.0,12.0,4.8,0.91,12.0,0,0
94564,16.0,15.0,18.0,4.0,1.06,30.0,0,0
94565,21.0,19.0,17.0,3.8,0.66,12.0,0,0
94567,9.0,17.0,12.0,4.3,1.0,13.0,0,0
94568,25.0,25.0,28.0,4.3,0.64,12.0,0,0
94569,18.0,21.0,13.0,4.5,0.88,14.0,0,0
94570,17.0,23.0,32.0,3.9,0.99,7.0,0,0
94571,16.0,16.0,21.0,3.8,0.75,18.0,0,0
94572,13.0,18.0,18.0,4.3,0.56,11.0,0,0
94573,18.0,18.0,8.0,3.7,0.54,18.0,0,0
94574,19.0,11.0,30.0,3.9,0.82,11.0,0,0
94575,16.0,19.0,9.0,4.2,0.62,17.0,0,0
94576,27.0,22.0,22.0,3.9,0.59,16.0,0,0
94577,13.0,16.0,10.0,4.5,0.69,15.0,0,0
94578,21.0,18.0,11.0,4.0,0.92,21.0,0,0
94579,21.0,16.0,19.0,3.9,1.08,12.0,0,0
94583,9.0,18.0,21.0,3.6,1.21,13.0,0,0
94586,12.0,16.0,20.0,4.1,0.6,10.0,0,0
94587,11.0,16.0,13.0,4.5,0.59,8.0,0,0
94589,35.0,21.0,43.0,4.4,0.84,12.0,0,0
94590,16.0,18.0,28.0,4.2,0.72,15.0,0,0
94591,,,,,,,,
94594,,,,,,,,
94595,9.0,18.0,7.0,4.5,0.74,12.0,0,0
94596,16.0,19.0,17.0,4.6,1.29,18.0,0,0
94600,,,,,,,,
94601,11.0,14.0,11.0,3.5,0.65,11.0,0,0
94605,25.0,25.0,23.0,3.4,1.4,15.0,0,0
94606,28.0,28.0,26.0,3.6,0.69,18.0,0,0
94607,20.0,17.0,17.0,4.6,0.9,10.0,0,0
94608,12.0,18.0,14.0,4.6,0.89,11.0,0,0
94609,38.0,31.0,45.0,4.0,0.99,22.0,0,0
94610,14.0,15.0,8.0,4.5,0.62,8.0,0,0
94613,10.0,22.0,10.0,4.3,0.6,15.0,0,0
94615,26.0,21.0,45.0,3.9,0.84,13.0,0,0
94616,16.0,14.0,21.0,3.8,1.01,13.0,0,0
94618,28.0,17.0,24.0,3.9,1.13,13.0,0,0
94619,19.0,23.0,59.0,4.8,1.1,15.0,0,0
94623,18.0,20.0,18.0,4.2,0.74,19.0,0,0
94624,68.0,29.0,78.0,4.3,0.96,15.0,0,0
94625,16.0,16.0,21.0,3.9,1.06,14.0,0,0
94626,23.0,39.0,19.0,4.4,1.1,9.0,0,0
94627,29.0,20.0,72.0,4.1,0.89,20.0,0,0
94630,71.0,51.0,37.0,4.0,1.18,11.0,0,0
94631,10.0,18.0,9.0,4.0,0.68,10.0,0,0
94632,11.0,13.0,17.0,4.0,1.06,27.0,0,0
94633,49.0,35.0,34.0,3.9,0.65,18.0,0,0
94634,13.0,29.0,15.0,4.1,1.19,13.0,0,0
94638,,,,,,,,
94640,12.0,15.0,14.0,3.5,0.63,8.0,0,0
94641,24.0,28.0,34.0,4.3,1.7,20.0,0,0
94642,13.0,12.0,36.0,3.7,0.64,15.0,0,0
94644,18.0,19.0,15.0,4.7,0.86,18.0,0,0
94647,8.0,12.0,10.0,4.3,0.56,11.0,0,0
94648,15.0,14.0,15.0,4.4,0.39,8.0,0,0
94649,15.0,17.0,14.0,4.1,0.91,21.0,0,0
94650,15.0,18.0,32.0,4.4,0.69,15.0,0,0
94651,17.0,18.0,14.0,3.8,0.94,13.0,0,0
94652,24.0,22.0,15.0,3.9,0.9,21.0,0,0
94654,21.0,24.0,35.0,4.0,0.97,18.0,0,0
94659,21.0,17.0,16.0,4.1,0.84,19.0,0,0
94660,10.0,13.0,8.0,3.9,0.85,13.0,0,0
94663,13.0,14.0,10.0,3.9,0.7,12.0,0,0
94664,21.0,23.0,35.0,3.7,1.01,16.0,0,0
94666,16.0,16.0,18.0,4.2,0.87,9.0,0,0
94669,21.0,19.0,12.0,4.6,0.95,14.0,0,0
94670,9.0,13.0,24.0,4.3,1.62,19.0,0,0
94672,31.0,26.0,29.0,4.1,0.57,11.0,0,0
94673,19.0,28.0,21.0,4.0,0.61,12.0,0,0
94674,19.0,20.0,13.0,4.5,1.01,12.0,0,0
94676,14.0,16.0,23.0,3.8,0.94,14.0,0,0
94677,18.0,16.0,17.0,4.0,0.77,12.0,0,0
94678,25.0,30.0,14.0,4.0,0.67,15.0,0,0
94679,25.0,23.0,19.0,4.6,0.86,13.0,0,0
94681,16.0,14.0,21.0,4.2,0.51,11.0,0,0
94684,21.0,23.0,15.0,4.3,0.64,9.0,0,0
94685,9.0,15.0,12.0,3.8,0.7,14.0,0,0
94686,53.0,77.0,14.0,3.8,0.6,10.0,0,0
94687,14.0,25.0,12.0,4.4,0.68,12.0,0,0
94688,13.0,14.0,11.0,3.8,1.02,18.0,0,0
94689,20.0,15.0,33.0,4.3,0.82,11.0,0,0
94693,16.0,23.0,43.0,4.3,1.02,16.0,0,0
94695,16.0,19.0,17.0,4.0,0.75,17.0,0,0
94696,12.0,14.0,10.0,3.9,0.93,14.0,0,0
94697,14.0,15.0,10.0,4.7,0.67,12.0,0,0
94698,15.0,20.0,50.0,4.2,0.63,9.0,0,0
94701,,,,,,,,
94702,14.0,20.0,15.0,4.4,0.73,11.0,0,0
94704,9.0,17.0,15.0,3.8,1.34,19.0,0,0
94705,16.0,18.0,14.0,3.9,0.8,18.0,0,0
94706,14.0,26.0,9.0,4.0,0.65,9.0,0,0
94707,,,,,,,,
94708,9.0,13.0,28.0,4.1,1.16,18.0,0,0
94710,18.0,14.0,30.0,3.6,1.24,7.0,0,0
94711,23.0,25.0,18.0,4.0,0.9,20.0,0,0
94713,10.0,18.0,14.0,4.1,0.81,11.0,0,0
94716,14.0,20.0,14.0,4.3,0.84,19.0,0,0
94719,27.0,19.0,24.0,3.6,0.74,14.0,0,0
94720,25.0,18.0,25.0,4.0,0.72,11.0,0,0
94721,49.0,29.0,28.0,3.9,0.84,14.0,0,0
94723,13.0,18.0,10.0,4.2,0.79,10.0,0,0
94724,9.0,16.0,16.0,3.7,1.22,27.0,0,0
94725,27.0,17.0,24.0,4.4,1.18,21.0,0,0
94726,15.0,15.0,38.0,3.9,0.73,12.0,0,0
94727,10.0,16.0,16.0,4.1,0.61,9.0,0,0
94729,20.0,23.0,68.0,4.0,1.87,18.0,0,0
94730,11.0,13.0,19.0,4.0,0.55,9.0,0,0
94731,11.0,17.0,22.0,3.9,0.77,7.0,0,0
94732,,,,,,,,
94735,20.0,22.0,51.0,3.9,1.04,18.0,0,0
94736,15.0,13.0,20.0,4.2,1.04,16.0,0,0
94739,,,,,,,,
94740,13.0,13.0,24.0,4.3,0.61,14.0,0,0
94743,16.0,14.0,13.0,4.0,0.56,12.0,0,0
94744,37.0,25.0,35.0,4.2,1.03,17.0,0,0
94745,20.0,25.0,37.0,4.1,1.0,9.0,0,0
94747,28.0,27.0,34.0,4.5,0.78,10.0,0,0
94748,12.0,20.0,31.0,2.5,2.12,15.0,0,0
94749,6.0,12.0,13.0,4.0,0.83,14.0,0,0
94750,15.0,21.0,29.0,3.7,1.34,46.0,0,0
94752,19.0,15.0,24.0,3.9,0.74,29.0,0,0
94753,11.0,17.0,18.0,4.1,0.86,15.0,0,0
94754,17.0,16.0,32.0,3.8,0.7,20.0,0,0
94755,13.0,21.0,46.0,4.1,0.87,23.0,0,0
94757,9.0,16.0,10.0,4.7,0.84,9.0,0,0
94760,11.0,20.0,15.0,4.1,1.15,24.0,0,0
94761,33.0,22.0,36.0,4.4,0.89,17.0,0,0
94763,12.0,17.0,25.0,4.3,0.91,10.0,0,0
94764,14.0,16.0,16.0,3.2,0.8,8.0,0,0
94765,189.0,82.0,215.0,4.1,1.0,20.0,0,0
94766,17.0,20.0,23.0,3.8,1.04,13.0,0,0
94767,19.0,24.0,18.0,4.5,1.34,28.0,0,0
94768,21.0,28.0,20.0,4.1,1.07,22.0,0,0
94771,13.0,14.0,12.0,4.4,0.65,10.0,0,0
94772,19.0,29.0,12.0,4.1,1.25,16.0,0,0
94773,16.0,17.0,33.0,4.4,0.97,14.0,0,0
94774,,,,,,,,
94775,10.0,13.0,12.0,4.0,0.84,9.0,0,0
94776,15.0,15.0,17.0,4.1,0.9,21.0,0,0
94777,14.0,21.0,16.0,4.0,0.84,18.0,0,0
94779,47.0,35.0,61.0,4.1,1.1,28.0,0,0
94780,24.0,22.0,19.0,3.6,1.2,20.0,0,0
94782,7.0,13.0,8.0,4.5,0.52,11.0,0,0
94783,13.0,17.0,10.0,4.1,0.62,10.0,0,0
94785,24.0,24.0,16.0,4.0,0.97,17.0,0,0
94786,17.0,15.0,18.0,4.1,0.64,11.0,0,0
94787,53.0,36.0,15.0,4.3,0.78,11.0,0,0
94788,11.0,16.0,13.0,4.0,0.58,10.0,0,0
94792,6.0,12.0,7.0,4.2,7.43,28.0,0,0
94793,35.0,20.0,17.0,4.2,0.95,17.0,0,0
94795,14.0,19.0,9.0,4.1,0.84,15.0,0,0
94797,14.0,15.0,14.0,4.2,0.43,16.0,0,0
94799,10.0,14.0,16.0,4.3,0.47,8.0,0,0
94801,23.0,18.0,43.0,3.9,1.18,15.0,0,0
94802,31.0,23.0,37.0,4.0,0.82,14.0,0,0
94804,14.0,13.0,26.0,4.2,0.9,8.0,0,0
94805,19.0,36.0,42.0,3.0,0.87,14.0,0,0
94806,26.0,23.0,41.0,4.1,0.8,17.0,0,0
94807,15.0,23.0,11.0,4.6,0.49,17.0,0,0
94808,18.0,17.0,36.0,4.0,0.75,10.0,0,0
94809,14.0,22.0,11.0,3.7,0.69,20.0,0,0
94810,12.0,26.0,19.0,4.1,0.86,8.0,0,0
94811,15.0,18.0,22.0,4.3,1.33,14.0,0,0
94812,40.0,29.0,22.0,3.7,0.9,12.0,0,0
94813,22.0,25.0,25.0,4.8,0.62,7.0,0,0
94816,,,,,,,,
94819,14.0,18.0,9.0,4.1,0.59,17.0,0,0
94820,15.0,16.0,19.0,3.9,0.54,10.0,0,0
94821,7.0,16.0,11.0,4.3,0.84,12.0,0,0
94826,17.0,18.0,13.0,4.0,1.39,32.0,0,0
94829,11.0,19.0,15.0,4.2,0.84,12.0,0,0
94831,10.0,15.0,16.0,4.1,0.84,8.0,0,0
94832,31.0,27.0,23.0,4.0,0.94,22.0,0,0
94833,10.0,14.0,15.0,4.6,0.5,10.0,0,0
94834,16.0,16.0,13.0,4.3,1.18,31.0,0,0
94835,14.0,15.0,34.0,3.8,0.88,8.0,0,0
94836,21.0,23.0,14.0,4.1,0.73,14.0,0,0
94837,11.0,10.0,9.0,4.1,0.53,9.0,0,0
94840,8.0,15.0,12.0,4.1,0.71,9.0,0,0
94841,10.0,12.0,10.0,4.2,0.62,7.0,0,0
94842,25.0,17.0,19.0,4.1,0.65,11.0,0,0
94844,32.0,25.0,24.0,4.2,1.06,21.0,0,0
94847,13.0,15.0,54.0,3.8,2.16,54.0,0,0
94848,31.0,18.0,30.0,3.7,0.62,14.0,0,0
94850,69.0,82.0,223.0,3.9,0.68,7.0,0,0
94852,20.0,18.0,25.0,4.1,0.75,14.0,0,0
94854,18.0,18.0,16.0,4.1,0.61,15.0,0,0
94855,39.0,42.0,134.0,4.0,1.33,8.0,0,0
94856,11.0,15.0,14.0,3.9,0.78,22.0,0,0
94857,33.0,31.0,34.0,4.1,0.7,18.0,0,0
94858,26.0,24.0,29.0,3.9,0.72,23.0,0,0
94859,21.0,19.0,17.0,3.7,0.68,12.0,0,0
94860,10.0,15.0,20.0,3.9,0.66,14.0,0,0
94861,29.0,16.0,25.0,3.6,0.76,12.0,0,0
94862,17.0,20.0,18.0,4.3,0.67,14.0,0,0
94863,10.0,15.0,18.0,3.9,1.44,34.0,0,0
94864,28.0,19.0,49.0,4.9,0.63,9.0,0,0
94867,29.0,22.0,42.0,4.4,1.01,15.0,0,0
94868,19.0,25.0,21.0,3.8,0.73,13.0,0,0
94870,10.0,16.0,21.0,4.4,0.72,12.0,0,0
94872,12.0,18.0,22.0,4.0,1.19,23.0,0,0
94873,24.0,16.0,32.0,4.2,0.74,17.0,0,0
94874,64.0,52.0,11.0,4.8,0.86,12.0,0,0
94875,14.0,24.0,16.0,4.8,0.8,19.0,0,0
94876,11.0,17.0,19.0,4.1,0.67,10.0,0,0
94877,17.0,20.0,30.0,4.1,0.84,15.0,0,0
94878,13.0,17.0,16.0,3.9,0.82,10.0,0,0
94879,15.0,16.0,10.0,3.9,1.02,12.0,0,0
94881,12.0,16.0,14.0,4.7,0.82,15.0,0,0
94882,64.0,42.0,59.0,4.7,0.71,18.0,0,0
94883,24.0,24.0,13.0,4.1,1.13,14.0,0,0
94885,33.0,23.0,32.0,4.1,1.56,21.0,0,0
94886,23.0,17.0,14.0,4.1,0.82,13.0,0,0
94887,,,,,,,,
94888,11.0,27.0,17.0,4.6,0.68,14.0,0,0
94889,13.0,15.0,13.0,3.9,1.24,19.0,0,0
94890,12.0,19.0,119.0,4.3,0.76,14.0,0,0
94891,19.0,16.0,22.0,4.2,0.78,15.0,0,0
94892,13.0,15.0,22.0,4.6,0.8,14.0,0,0
94893,15.0,14.0,14.0,4.3,0.78,20.0,0,0
94894,32.0,25.0,40.0,3.6,0.98,14.0,0,0
94895,,,,,,,,
94896,13.0,15.0,20.0,3.4,0.55,5.0,0,0
94898,11.0,11.0,17.0,3.9,0.56,20.0,0,0
94899,11.0,14.0,12.0,4.2,0.68,13.0,0,0
94900,15.0,23.0,9.0,4.7,0.58,17.0,0,0
94901,,,,,,,,
94902,37.0,35.0,38.0,3.8,0.57,12.0,0,0
94903,,,,,,,,
94905,37.0,56.0,8.0,4.1,0.88,11.0,0,0
94906,121.0,62.0,170.0,4.3,1.06,13.0,0,0
94907,11.0,20.0,16.0,3.6,0.98,17.0,0,0
94908,15.0,14.0,20.0,3.7,1.06,16.0,0,0
94909,25.0,23.0,26.0,4.3,1.12,14.0,0,0
94910,11.0,23.0,9.0,4.4,0.64,13.0,0,0
94914,22.0,16.0,12.0,4.0,0.45,13.0,0,0
94916,8.0,17.0,11.0,3.9,0.9,9.0,0,0
94918,38.0,32.0,326.0,4.4,0.84,13.0,0,0
94920,21.0,20.0,29.0,4.2,1.03,12.0,0,0
94921,20.0,19.0,16.0,4.1,0.63,12.0,0,0
94922,9.0,15.0,19.0,4.3,0.96,9.0,0,0
94923,31.0,20.0,20.0,3.8,0.47,10.0,0,0
94924,47.0,33.0,145.0,4.0,0.86,9.0,0,0
94926,11.0,15.0,18.0,4.0,0.91,7.0,0,0
94927,8.0,16.0,16.0,4.2,0.67,11.0,0,0
94929,15.0,19.0,15.0,4.1,0.86,18.0,0,0
94930,7.0,14.0,10.0,3.4,1.01,16.0,0,0
94931,,,,,,,,
94933,30.0,26.0,53.0,3.8,0.71,13.0,0,0
94934,24.0,26.0,14.0,4.1,0.64,15.0,0,0
94935,30.0,23.0,54.0,4.0,0.79,14.0,0,0
94936,13.0,14.0,12.0,3.8,0.6,12.0,0,0
94937,,,,,,,,
94938,28.0,23.0,26.0,4.2,1.11,11.0,0,0
94939,19.0,26.0,59.0,3.8,1.44,12.0,0,0
94940,13.0,21.0,15.0,3.7,1.39,35.0,0,0
94941,13.0,17.0,25.0,3.9,1.03,14.0,0,0
94944,23.0,37.0,10.0,4.0,0.68,14.0,0,0
94945,24.0,21.0,25.0,3.9,0.91,18.0,0,0
94946,100.0,38.0,56.0,4.0,0.74,15.0,0,0
94950,33.0,33.0,166.0,3.6,0.82,15.0,0,0
94952,14.0,13.0,16.0,4.1,0.91,21.0,0,0
94953,12.0,12.0,26.0,3.3,1.3,17.0,0,0
94954,38.0,48.0,23.0,4.5,1.1,20.0,0,0
94957,35.0,24.0,38.0,4.6,1.03,13.0,0,0
94958,14.0,19.0,14.0,4.4,0.74,15.0,0,0
94959,21.0,18.0,59.0,4.8,1.52,20.0,0,0
94960,41.0,31.0,17.0,4.8,0.84,10.0,0,0
94961,34.0,18.0,51.0,4.3,0.79,10.0,0,0
94962,10.0,16.0,8.0,3.9,0.71,18.0,0,0
94964,27.0,18.0,18.0,4.1,0.61,13.0,0,0
94965,15.0,,8.0,4.8,0.61,8.0,0,0
94966,39.0,26.0,28.0,4.8,1.33,26.0,0,0
94967,8.0,15.0,11.0,3.8,0.92,18.0,0,0
94968,23.0,23.0,21.0,4.3,1.04,10.0,0,0
94969,19.0,18.0,38.0,3.9,2.17,32.0,0,0
94970,34.0,30.0,127.0,3.9,0.71,11.0,0,0
94972,14.0,16.0,14.0,3.3,0.65,6.0,0,0
94975,27.0,23.0,22.0,4.3,1.09,17.0,0,0
94976,19.0,25.0,14.0,4.4,0.5,12.0,0,0
94977,25.0,22.0,69.0,4.0,0.89,16.0,0,0
94979,50.0,36.0,36.0,4.1,0.7,13.0,0,0
94980,,,,,,,,
94982,11.0,19.0,17.0,4.0,0.62,14.0,0,0
94983,13.0,17.0,10.0,4.4,0.54,9.0,0,0
94984,,,,,,,,
94986,20.0,19.0,23.0,4.2,1.28,22.0,0,0
94987,14.0,13.0,15.0,3.4,1.47,37.0,0,0
94989,8.0,16.0,35.0,4.0,0.88,12.0,0,0
94990,19.0,17.0,26.0,4.0,1.15,13.0,0,0
94991,,,,,,,,
94993,26.0,41.0,27.0,4.1,0.77,21.0,0,0
94994,12.0,20.0,12.0,3.8,0.61,9.0,0,0
94995,20.0,20.0,24.0,4.4,1.06,15.0,0,0
94997,20.0,26.0,14.0,4.2,0.65,16.0,0,0
94998,26.0,20.0,69.0,4.1,0.88,17.0,0,0
95000,13.0,18.0,31.0,3.6,1.32,23.0,0,0
95001,11.0,16.0,25.0,3.5,1.11,27.0,0,0
95002,28.0,21.0,54.0,4.4,0.7,11.0,0,0
95004,13.0,17.0,29.0,3.8,0.81,9.0,0,0
95005,,,,,,,,
95007,14.0,19.0,21.0,3.9,0.99,17.0,0,0
95009,11.0,19.0,23.0,4.4,0.58,13.0,0,0
95011,11.0,13.0,18.0,4.0,0.96,13.0,0,0
95013,33.0,19.0,29.0,4.2,0.86,13.0,0,0
95014,40.0,17.0,23.0,4.3,0.74,10.0,0,0
95016,21.0,19.0,25.0,4.1,1.28,15.0,0,0
95019,26.0,21.0,26.0,4.7,1.05,13.0,0,0
95020,9.0,13.0,15.0,3.9,1.03,16.0,0,0
95022,8.0,16.0,11.0,4.4,0.66,15.0,0,0
95023,41.0,40.0,25.0,4.5,0.42,12.0,0,0
95024,22.0,28.0,17.0,4.2,0.9,19.0,0,0
95025,38.0,27.0,52.0,3.9,0.77,14.0,0,0
95026,22.0,24.0,20.0,4.5,1.05,11.0,0,0
95027,15.0,19.0,20.0,4.0,0.77,22.0,0,0
95028,29.0,19.0,71.0,4.3,0.83,9.0,0,0
95029,11.0,11.0,36.0,3.6,0.69,10.0,0,0
95030,8.0,15.0,21.0,4.0,0.91,13.0,0,0
95031,25.0,27.0,37.0,3.2,0.66,13.0,0,0
95032,16.0,24.0,11.0,4.5,0.47,18.0,0,0
95033,20.0,20.0,22.0,4.5,0.51,8.0,0,0
95034,14.0,18.0,14.0,4.3,0.83,16.0,0,0
95035,61.0,24.0,28.0,4.3,0.8,16.0,0,0
95036,17.0,26.0,31.0,3.9,1.13,20.0,0,0
95037,9.0,15.0,6.0,2.6,0.49,6.0,0,0
95039,,,,,,,,
95040,14.0,12.0,13.0,2.8,0.55,9.0,0,0
95041,23.0,15.0,27.0,3.8,0.57,26.0,0,0
95042,59.0,55.0,42.0,4.2,0.63,13.0,0,0
95043,23.0,28.0,12.0,4.4,0.66,26.0,0,0
95044,12.0,13.0,60.0,4.0,0.71,18.0,0,0
95045,20.0,22.0,22.0,4.0,0.76,12.0,0,0
95046,11.0,20.0,29.0,4.2,0.83,15.0,0,0
95047,23.0,27.0,45.0,4.3,1.95,46.0,0,0
95048,7.0,16.0,16.0,4.6,0.99,19.0,0,0
95051,47.0,26.0,71.0,4.1,1.01,10.0,0,0
95052,9.0,12.0,5.0,3.0,0.42,4.0,0,0
95053,,,,,,,,
95054,17.0,15.0,22.0,4.3,0.77,11.0,0,0
95055,21.0,17.0,23.0,4.2,0.83,14.0,0,0
95056,14.0,16.0,21.0,3.7,0.93,14.0,0,0
95057,26.0,30.0,28.0,4.6,0.93,13.0,0,0
95058,11.0,10.0,23.0,3.4,0.69,14.0,0,0
95059,37.0,50.0,153.0,3.8,0.73,7.0,0,0
95060,12.0,17.0,14.0,4.2,0.64,13.0,0,0
95061,25.0,19.0,27.0,4.7,0.84,11.0,0,0
95062,27.0,25.0,30.0,4.3,1.11,16.0,0,0
95063,7.0,13.0,13.0,4.2,0.9,14.0,0,0
95064,13.0,23.0,23.0,4.0,0.87,9.0,0,0
95066,10.0,21.0,19.0,4.3,0.53,10.0,0,0
95067,20.0,18.0,22.0,3.5,0.83,13.0,0,0
95068,26.0,26.0,16.0,4.3,1.01,22.0,0,0
95069,24.0,21.0,17.0,4.4,1.04,11.0,0,0
95070,15.0,11.0,28.0,3.7,1.11,16.0,0,0
95071,19.0,16.0,5.0,3.8,0.54,8.0,0,0
95072,11.0,14.0,10.0,4.5,0.82,12.0,0,0
95073,17.0,20.0,33.0,4.1,1.17,19.0,0,0
95074,,,,,,,,
95075,,,,,,,,
95077,21.0,17.0,21.0,4.5,1.11,16.0,0,0
95080,51.0,110.0,26.0,4.5,0.91,14.0,0,0
95083,32.0,25.0,24.0,4.2,0.93,16.0,0,0
95088,28.0,23.0,32.0,3.9,0.54,18.0,0,0
95089,9.0,13.0,30.0,3.8,0.69,10.0,0,0
95090,39.0,22.0,18.0,4.1,0.64,6.0,0,0
95091,40.0,45.0,341.0,2.8,1.37,17.0,0,0
95092,24.0,28.0,11.0,4.6,0.52,13.0,0,0
95093,12.0,17.0,9.0,4.0,0.61,17.0,0,0
95094,17.0,18.0,12.0,3.7,0.46,10.0,0,0
95095,17.0,19.0,20.0,4.0,0.87,19.0,0,0
95096,27.0,19.0,22.0,4.0,1.01,13.0,0,0
95097,13.0,14.0,13.0,3.8,0.77,15.0,0,0
95098,17.0,17.0,37.0,4.1,1.05,18.0,0,0
95099,18.0,17.0,25.0,4.2,0.72,18.0,0,0
95100,10.0,19.0,9.0,4.1,0.67,16.0,0,0
95101,,,,,,,,
95102,13.0,17.0,20.0,4.2,0.7,8.0,0,0
95103,24.0,18.0,20.0,4.4,1.19,16.0,0,0
95105,30.0,26.0,20.0,4.2,1.16,21.0,0,0
95106,12.0,17.0,15.0,4.4,0.75,15.0,0,0
95108,,,,,,,,
95110,41.0,37.0,54.0,3.6,0.81,16.0,0,0
95111,,,,,,,,
95112,9.0,16.0,12.0,4.1,0.68,9.0,0,0
95113,19.0,17.0,12.0,4.1,0.59,10.0,0,0
95114,64.0,33.0,40.0,4.1,0.81,16.0,0,0
95115,12.0,17.0,10.0,4.5,0.46,8.0,0,0
95116,,,,,,,,
95118,20.0,20.0,33.0,4.8,0.88,17.0,0,0
95121,17.0,19.0,16.0,4.3,0.7,16.0,0,0
95123,25.0,25.0,16.0,3.9,0.9,19.0,0,0
95124,20.0,,45.0,4.1,0.84,12.0,0,0
95126,14.0,15.0,25.0,3.3,0.8,15.0,0,0
95127,13.0,22.0,16.0,4.3,0.72,14.0,0,0
95128,9.0,13.0,20.0,3.9,0.79,12.0,0,0
95129,22.0,18.0,18.0,4.0,0.87,24.0,0,0
95131,15.0,22.0,17.0,4.3,0.96,17.0,0,0
95134,13.0,14.0,30.0,4.3,0.93,17.0,0,0
95135,9.0,12.0,41.0,3.6,1.43,28.0,0,0
95137,24.0,20.0,18.0,4.4,1.15,17.0,0,0
95138,9.0,14.0,17.0,3.9,0.6,15.0,0,0
95140,14.0,18.0,20.0,4.2,0.64,12.0,0,0
95143,13.0,17.0,10.0,4.5,0.58,11.0,0,0
95148,22.0,19.0,29.0,3.7,0.45,10.0,0,0
95149,9.0,12.0,16.0,3.3,0.67,10.0,0,0
95150,13.0,19.0,14.0,4.4,0.58,10.0,0,0
95151,19.0,22.0,14.0,3.5,1.06,25.0,0,0
95152,24.0,28.0,45.0,3.9,1.05,15.0,0,0
95153,15.0,13.0,15.0,4.0,0.58,14.0,0,0
95155,18.0,17.0,10.0,3.8,4.11,55.0,0,0
95157,,,,,,,,
95158,10.0,18.0,9.0,4.4,0.66,10.0,0,0
95159,14.0,19.0,11.0,4.0,0.65,15.0,0,0
95160,25.0,32.0,29.0,3.9,0.84,12.0,0,0
95161,,,,,,,,
95162,9.0,19.0,20.0,4.6,1.13,15.0,0,0
95163,18.0,23.0,23.0,3.6,1.36,26.0,0,0
95165,,,,,,,,
95167,8.0,18.0,12.0,4.3,0.57,9.0,0,0
95168,14.0,16.0,38.0,3.7,0.86,17.0,0,0
95169,19.0,25.0,17.0,3.9,0.5,14.0,0,0
95170,25.0,33.0,42.0,3.9,0.87,17.0,0,0
95171,18.0,18.0,21.0,4.1,1.04,15.0,0,0
95172,17.0,11.0,28.0,3.9,1.31,28.0,0,0
95173,11.0,19.0,14.0,4.0,1.26,20.0,0,0
95174,28.0,19.0,23.0,4.3,0.63,7.0,0,0
95177,,,,,,,,
95179,11.0,13.0,16.0,4.1,0.82,15.0,0,0
95181,15.0,26.0,19.0,3.8,1.14,19.0,0,0
95182,17.0,18.0,30.0,3.5,1.19,11.0,0,0
95183,11.0,18.0,8.0,4.0,0.77,17.0,0,0
95184,9.0,14.0,36.0,3.6,0.73,9.0,0,0
95185,14.0,28.0,20.0,4.3,0.57,8.0,0,0
95186,28.0,30.0,26.0,4.1,0.59,10.0,0,0
95189,7.0,15.0,11.0,3.5,1.2,17.0,0,0
95190,12.0,19.0,18.0,4.5,0.69,10.0,0,0
95191,26.0,24.0,13.0,3.8,0.58,15.0,0,0
95192,,,,,,,,
95194,33.0,23.0,16.0,4.4,0.67,17.0,0,0
95195,37.0,22.0,24.0,4.3,0.78,14.0,0,0
95197,24.0,21.0,41.0,4.5,0.73,13.0,0,0
95198,17.0,26.0,18.0,4.1,0.8,11.0,0,0
95199,13.0,17.0,34.0,3.8,1.76,32.0,0,0
95200,13.0,16.0,16.0,4.3,0.6,18.0,0,0
95201,17.0,15.0,20.0,4.4,0.67,10.0,0,0
95202,15.0,25.0,11.0,4.6,0.77,8.0,0,0
95203,19.0,24.0,24.0,3.8,1.2,10.0,0,0
95204,,,,,,,,
95206,10.0,18.0,15.0,3.6,0.87,16.0,0,0
95207,,,,,,,,
95208,14.0,22.0,9.0,3.7,0.92,12.0,0,0
95209,23.0,31.0,9.0,3.5,1.16,30.0,0,0
95210,11.0,12.0,8.0,3.9,0.76,15.0,0,0
95211,8.0,15.0,9.0,3.8,0.77,10.0,0,0
95213,13.0,20.0,14.0,4.5,0.76,10.0,0,0
95214,50.0,44.0,218.0,3.9,1.04,14.0,0,0
95215,27.0,23.0,31.0,4.2,0.75,14.0,0,0
95216,16.0,15.0,22.0,4.4,1.14,16.0,0,0
95218,9.0,21.0,9.0,4.2,0.74,18.0,0,0
95220,14.0,20.0,22.0,4.3,0.73,21.0,0,0
95221,14.0,17.0,9.0,3.9,0.59,8.0,0,0
95222,,,,,,,,
95223,9.0,14.0,13.0,4.3,0.8,12.0,0,0
95224,20.0,23.0,31.0,4.1,0.81,17.0,0,0
95227,17.0,19.0,16.0,4.4,0.9,12.0,0,0
95228,48.0,28.0,52.0,4.6,1.03,15.0,0,0
95231,16.0,17.0,15.0,4.4,1.03,15.0,0,0
95232,7.0,13.0,12.0,3.4,0.48,12.0,0,0
95233,29.0,16.0,27.0,3.8,0.57,16.0,0,0
95236,12.0,17.0,18.0,4.0,0.84,19.0,0,0
95237,13.0,22.0,27.0,4.3,1.07,16.0,0,0
95238,19.0,22.0,33.0,4.0,1.13,19.0,0,0
95239,87.0,29.0,66.0,3.8,0.4,7.0,0,0
95242,9.0,17.0,18.0,4.1,0.81,11.0,0,0
95243,,,,,,,,
95244,30.0,20.0,19.0,3.7,0.86,11.0,0,0
95247,79.0,42.0,28.0,4.3,1.01,24.0,0,0
95249,9.0,15.0,14.0,3.8,1.15,25.0,0,0
95250,,,,,,,,
95251,,,,,,,,
95252,16.0,17.0,12.0,4.4,0.96,26.0,0,0
95255,37.0,27.0,20.0,3.8,0.82,12.0,0,0
95256,10.0,15.0,9.0,3.7,0.82,16.0,0,0
95257,9.0,14.0,13.0,3.6,0.86,12.0,0,0
95258,34.0,18.0,54.0,4.7,1.05,16.0,0,0
95259,12.0,17.0,22.0,3.9,0.79,15.0,0,0
95260,22.0,24.0,13.0,4.6,1.18,22.0,0,0
95261,16.0,15.0,16.0,3.7,0.7,12.0,0,0
95262,10.0,11.0,14.0,3.5,0.6,8.0,0,0
95264,8.0,11.0,9.0,4.3,0.66,8.0,0,0
95265,18.0,14.0,30.0,3.8,0.43,10.0,0,0
95266,87.0,40.0,60.0,3.7,0.76,20.0,0,0
95268,14.0,19.0,19.0,4.1,0.92,13.0,0,0
95269,16.0,20.0,12.0,4.2,1.01,9.0,0,0
95272,11.0,20.0,10.0,4.2,0.71,17.0,0,0
95273,15.0,17.0,33.0,4.2,0.98,15.0,0,0
95274,7.0,14.0,10.0,3.6,0.58,4.0,0,0
95275,9.0,16.0,10.0,3.2,0.95,12.0,0,0
95276,20.0,17.0,11.0,4.3,0.92,11.0,0,0
95278,14.0,16.0,16.0,3.4,0.63,14.0,0,0
95279,19.0,15.0,22.0,4.4,0.77,13.0,0,0
95280,12.0,17.0,15.0,3.8,0.59,8.0,0,0
95281,10.0,13.0,16.0,3.8,2.59,50.0,0,0
95283,31.0,25.0,19.0,4.4,0.86,15.0,0,0
95284,17.0,18.0,30.0,3.7,0.58,24.0,0,0
95286,9.0,15.0,7.0,4.6,0.64,15.0,0,0
95287,15.0,16.0,13.0,4.1,0.85,15.0,0,0
95288,14.0,16.0,29.0,4.6,0.75,11.0,0,0
95289,11.0,15.0,22.0,3.9,0.7,12.0,0,0
95293,18.0,19.0,11.0,4.3,0.75,6.0,0,0
95296,28.0,20.0,22.0,4.7,0.82,17.0,0,0
95297,11.0,16.0,10.0,4.5,0.89,17.0,0,0
95298,18.0,28.0,23.0,4.5,1.33,19.0,0,0
95302,13.0,14.0,21.0,3.7,0.69,14.0,0,0
95303,46.0,26.0,35.0,4.6,0.66,7.0,0,0
95305,7.0,17.0,6.0,3.8,0.55,10.0,0,0
95307,16.0,14.0,12.0,4.4,0.85,8.0,0,0
95308,8.0,13.0,8.0,4.3,0.64,8.0,0,0
95310,24.0,17.0,40.0,4.0,0.78,17.0,0,0
95312,29.0,20.0,16.0,3.9,0.82,17.0,0,0
95313,17.0,18.0,17.0,3.8,0.82,15.0,0,0
95315,12.0,18.0,7.0,3.6,0.87,9.0,0,0
95316,51.0,33.0,34.0,4.0,1.17,17.0,0,0
95318,21.0,,17.0,4.0,0.57,20.0,0,0
95319,8.0,13.0,11.0,4.3,0.61,17.0,0,0
95321,33.0,21.0,47.0,4.0,0.8,11.0,0,0
95323,11.0,18.0,8.0,4.8,0.93,9.0,0,0
95324,,,,,,,,
95325,16.0,14.0,19.0,4.2,0.79,30.0,0,0
95326,33.0,27.0,78.0,4.2,0.82,15.0,0,0
95328,11.0,12.0,7.0,4.2,0.65,13.0,0,0
95329,15.0,17.0,22.0,4.4,0.78,18.0,0,0
95330,11.0,12.0,45.0,3.8,1.47,19.0,0,0
95332,,,,,,,,
95333,18.0,18.0,26.0,4.1,0.92,18.0,0,0
95334,5.0,17.0,21.0,3.9,0.74,16.0,0,0
95337,9.0,18.0,9.0,4.2,0.63,15.0,0,0
95338,36.0,22.0,51.0,4.3,1.0,19.0,0,0
95342,18.0,30.0,12.0,4.3,0.57,13.0,0,0
95345,6.0,14.0,9.0,3.8,0.91,10.0,0,0
95346,14.0,23.0,11.0,4.0,1.1,13.0,0,0
95348,56.0,43.0,24.0,4.2,0.62,7.0,0,0
95349,13.0,,83.0,4.1,0.52,10.0,0,0
95350,8.0,11.0,16.0,3.7,0.53,9.0,0,0
95351,56.0,31.0,36.0,4.1,0.88,14.0,0,0
95352,30.0,26.0,104.0,4.2,0.72,12.0,0,0
95353,12.0,13.0,19.0,3.7,0.63,14.0,0,0
95355,13.0,26.0,14.0,4.8,0.83,21.0,0,0
95356,14.0,20.0,14.0,3.9,1.04,22.0,0,0
95357,31.0,56.0,16.0,4.4,1.37,17.0,0,0
95358,18.0,18.0,264.0,3.8,1.08,31.0,0,0
95360,13.0,18.0,15.0,3.9,1.1,20.0,0,0
95361,,,,,,,,
95362,11.0,15.0,13.0,4.3,0.65,14.0,0,0
95364,,,,,,,,
95366,12.0,13.0,11.0,3.6,0.55,7.0,0,0
95367,23.0,22.0,22.0,4.0,0.74,13.0,0,0
95369,9.0,17.0,11.0,4.4,0.71,7.0,0,0
95372,16.0,15.0,25.0,4.2,1.07,30.0,0,0
95373,,,,,,,,
95374,54.0,40.0,21.0,4.2,0.74,11.0,0,0
95375,25.0,30.0,54.0,4.3,1.02,21.0,0,0
95377,32.0,28.0,25.0,3.4,1.01,12.0,0,0
95378,,,,,,,,
95379,,,,,,,,
95380,34.0,27.0,26.0,3.8,1.59,32.0,0,0
95381,12.0,20.0,8.0,4.1,0.6,8.0,0,0
95382,37.0,31.0,45.0,3.6,1.53,19.0,0,0
95385,11.0,17.0,13.0,4.0,0.75,12.0,0,0
95387,28.0,22.0,24.0,4.2,0.93,10.0,0,0
95388,25.0,22.0,37.0,4.4,1.11,15.0,0,0
95389,16.0,18.0,10.0,4.5,0.99,15.0,0,0
95391,40.0,22.0,57.0,3.9,0.61,13.0,0,0
95392,15.0,18.0,16.0,4.4,0.89,8.0,0,0
95393,13.0,12.0,17.0,3.8,0.67,11.0,0,0
95394,21.0,15.0,26.0,4.1,0.93,13.0,0,0
95395,,,,,,,,
95396,,,,,,,,
95397,10.0,16.0,20.0,4.3,2.24,27.0,0,0
95399,16.0,20.0,13.0,4.4,0.72,9.0,0,0
95401,12.0,20.0,9.0,3.5,0.87,22.0,0,0
95402,28.0,31.0,17.0,4.4,1.08,12.0,0,0
95403,21.0,24.0,11.0,4.5,0.7,21.0,0,0
95405,14.0,16.0,32.0,4.5,1.16,16.0,0,0
95406,15.0,24.0,44.0,4.3,0.79,12.0,0,0
95410,16.0,19.0,14.0,3.9,1.03,16.0,0,0
95411,10.0,11.0,31.0,3.3,2.5,79.0,0,0
95412,16.0,18.0,30.0,3.8,0.94,12.0,0,0
95413,33.0,44.0,99.0,4.2,0.42,17.0,0,0
95414,26.0,22.0,26.0,4.7,1.05,11.0,0,0
95415,17.0,18.0,13.0,4.6,0.74,17.0,0,0
95416,6.0,19.0,27.0,4.0,0.73,13.0,0,0
95417,18.0,13.0,26.0,4.2,0.74,13.0,0,0
95418,27.0,22.0,28.0,3.6,1.43,22.0,0,0
95419,25.0,20.0,26.0,4.2,0.79,15.0,0,0
95420,12.0,16.0,11.0,4.0,0.68,12.0,0,0
95421,14.0,17.0,27.0,3.8,0.92,12.0,0,0
95422,16.0,19.0,11.0,3.8,0.73,13.0,0,0
95423,12.0,16.0,14.0,4.0,0.63,11.0,0,0
95424,14.0,17.0,20.0,4.3,1.2,16.0,0,0
95425,51.0,38.0,23.0,4.7,1.11,14.0,0,0
95427,31.0,29.0,33.0,4.0,1.86,22.0,0,0
95429,,,,,,,,
95431,21.0,15.0,30.0,3.3,1.15,35.0,0,0
95432,,,,,,,,
95434,18.0,28.0,58.0,4.5,1.25,36.0,0,0
95435,12.0,16.0,5.0,3.7,0.69,7.0,0,0
95436,10.0,14.0,7.0,3.7,0.82,16.0,0,0
95437,23.0,21.0,10.0,4.1,1.14,12.0,0,0
95442,12.0,15.0,10.0,4.4,0.73,13.0,0,0
95444,11.0,12.0,8.0,4.2,0.74,6.0,0,0
95445,40.0,34.0,53.0,3.9,0.66,13.0,0,0
95446,37.0,21.0,122.0,4.7,0.95,14.0,0,0
95447,20.0,20.0,25.0,3.8,0.51,9.0,0,0
95448,25.0,24.0,25.0,4.1,1.56,27.0,0,0
95449,50.0,28.0,24.0,3.9,0.89,14.0,0,0
95450,30.0,38.0,103.0,4.3,0.99,10.0,0,0
95452,14.0,19.0,28.0,4.3,1.75,25.0,0,0
95453,38.0,25.0,117.0,5.0,0.85,15.0,0,0
95454,24.0,23.0,41.0,4.6,0.92,9.0,0,0
95455,23.0,22.0,33.0,3.6,0.93,19.0,0,0
95457,10.0,13.0,10.0,3.7,0.85,15.0,0,0
95459,18.0,16.0,17.0,4.2,0.94,18.0,0,0
95463,82.0,39.0,72.0,4.5,0.61,10.0,0,0
95465,21.0,25.0,26.0,4.2,0.65,12.0,0,0
95466,37.0,30.0,39.0,4.3,1.0,11.0,0,0
95467,10.0,20.0,22.0,3.7,0.77,12.0,0,0
95468,14.0,19.0,17.0,3.7,1.5,20.0,0,0
95469,12.0,16.0,12.0,4.8,0.88,9.0,0,0
95471,14.0,35.0,11.0,4.0,1.16,21.0,0,0
95472,32.0,24.0,13.0,4.8,1.03,27.0,0,0
95473,19.0,18.0,13.0,4.1,1.02,13.0,0,0
95474,7.0,11.0,23.0,4.0,0.69,8.0,0,0
95477,12.0,19.0,12.0,4.4,0.7,11.0,0,0
95479,11.0,15.0,9.0,3.8,0.7,20.0,0,0
95480,14.0,17.0,13.0,4.2,0.9,23.0,0,0
95481,,,,,,,,
95482,9.0,20.0,7.0,4.4,0.81,14.0,0,0
95484,3.0,15.0,25.0,4.2,1.46,17.0,0,0
95485,22.0,21.0,13.0,4.1,1.01,15.0,0,0
95486,12.0,13.0,15.0,4.1,0.88,15.0,0,0
95487,,,,,,,,
95488,10.0,11.0,15.0,3.3,0.41,7.0,0,0
95490,,,,,,,,
95492,13.0,18.0,33.0,3.8,0.74,13.0,0,0
95493,22.0,24.0,14.0,4.2,0.89,14.0,0,0
95494,,,,,,,,
95495,16.0,18.0,31.0,4.1,1.18,12.0,0,0
95499,23.0,16.0,33.0,4.2,1.36,13.0,0,0
95500,7.0,11.0,11.0,3.3,0.89,14.0,0,0
95501,13.0,19.0,19.0,3.9,0.8,16.0,0,0
95503,19.0,15.0,63.0,4.1,1.01,17.0,0,0
95504,42.0,41.0,34.0,3.8,0.68,6.0,0,0
95505,12.0,17.0,17.0,4.8,1.05,11.0,0,0
95506,40.0,23.0,79.0,3.9,0.83,12.0,0,0
95508,19.0,16.0,66.0,4.4,1.25,13.0,0,0
95509,15.0,18.0,19.0,4.4,0.73,11.0,0,0
95510,53.0,54.0,219.0,4.2,0.73,13.0,0,0
95514,27.0,15.0,29.0,4.1,0.86,13.0,0,0
95515,18.0,24.0,100.0,3.9,1.09,20.0,0,0
95516,11.0,17.0,16.0,4.7,0.9,14.0,0,0
95518,56.0,26.0,26.0,4.2,0.88,13.0,0,0
95519,109.0,60.0,118.0,3.7,1.24,16.0,0,0
95521,,,,,,,,
95522,9.0,15.0,11.0,4.7,0.64,11.0,0,0
95524,15.0,18.0,14.0,4.0,0.51,15.0,0,0
95525,15.0,24.0,37.0,4.0,0.7,12.0,0,0
95526,22.0,18.0,27.0,3.3,1.47,18.0,0,0
95527,,,,,,,,
95528,11.0,14.0,14.0,3.9,0.67,17.0,0,0
95531,30.0,26.0,22.0,4.0,0.92,19.0,0,0
95533,27.0,21.0,41.0,4.4,1.5,28.0,0,0
95534,13.0,13.0,11.0,3.9,1.0,25.0,0,0
95535,42.0,26.0,35.0,4.0,0.86,18.0,0,0
95537,26.0,25.0,69.0,4.3,0.81,13.0,0,0
95539,14.0,21.0,13.0,3.7,1.58,18.0,0,0
95540,20.0,19.0,19.0,4.3,0.81,14.0,0,0
95541,31.0,42.0,25.0,4.1,0.83,11.0,0,0
95542,24.0,70.0,23.0,4.1,0.86,6.0,0,0
95543,10.0,13.0,11.0,4.2,0.53,11.0,0,0
95544,45.0,28.0,41.0,4.8,1.05,19.0,0,0
95545,9.0,16.0,12.0,4.2,0.7,9.0,0,0
95546,14.0,20.0,11.0,4.3,0.73,12.0,0,0
95547,91.0,96.0,124.0,3.5,0.9,18.0,0,0
95548,12.0,17.0,25.0,4.4,1.14,17.0,0,0
95549,32.0,29.0,97.0,4.4,0.57,9.0,0,0
95550,25.0,14.0,31.0,4.0,0.95,19.0,0,0
95551,31.0,30.0,32.0,4.0,0.52,9.0,0,0
95553,13.0,17.0,21.0,4.5,0.93,19.0,0,0
95555,42.0,28.0,23.0,4.2,0.71,15.0,0,0
95556,27.0,18.0,37.0,4.2,1.14,9.0,0,0
95557,22.0,22.0,44.0,3.8,0.86,24.0,0,0
95559,12.0,14.0,14.0,3.6,0.7,13.0,0,0
95561,28.0,21.0,41.0,4.0,1.04,16.0,0,0
95563,46.0,138.0,9.0,4.2,1.18,23.0,0,0
95565,17.0,16.0,15.0,4.0,1.11,17.0,0,0
95566,10.0,17.0,17.0,3.4,0.86,13.0,0,0
95568,9.0,16.0,16.0,4.6,0.65,14.0,0,0
95569,26.0,18.0,35.0,4.4,0.78,13.0,0,0
95571,8.0,11.0,25.0,3.4,0.57,7.0,0,0
95572,15.0,17.0,11.0,4.1,0.87,15.0,0,0
95573,25.0,17.0,28.0,4.3,0.85,15.0,0,0
95574,11.0,15.0,12.0,4.3,0.77,11.0,0,0
95575,33.0,26.0,38.0,3.5,1.53,16.0,0,0
95576,13.0,19.0,25.0,3.8,0.85,17.0,0,0
95577,23.0,18.0,13.0,3.9,0.73,14.0,0,0
95578,27.0,25.0,25.0,4.5,0.79,18.0,0,0
95579,7.0,12.0,12.0,4.3,0.75,10.0,0,0
95581,13.0,17.0,22.0,4.3,0.62,12.0,0,0
95582,,,,,,,,
95583,23.0,22.0,29.0,3.9,0.85,10.0,0,0
95585,10.0,12.0,12.0,4.8,0.77,19.0,0,0
95586,6.0,17.0,16.0,4.1,0.65,10.0,0,0
95587,13.0,14.0,28.0,3.8,0.84,9.0,0,0
95588,18.0,21.0,164.0,3.8,0.96,13.0,0,0
95589,19.0,21.0,22.0,4.2,1.08,16.0,0,0
95590,19.0,22.0,32.0,4.4,1.0,12.0,0,0
95591,15.0,17.0,10.0,3.7,0.61,11.0,0,0
95592,16.0,15.0,15.0,4.4,0.56,11.0,0,0
95593,18.0,21.0,21.0,4.3,0.9,14.0,0,0
95594,17.0,20.0,12.0,3.9,0.88,14.0,0,0
95595,13.0,16.0,22.0,3.8,0.76,12.0,0,0
95596,49.0,34.0,22.0,3.8,0.43,11.0,0,0
95597,19.0,19.0,23.0,4.5,0.84,15.0,0,0
95598,23.0,21.0,33.0,4.0,0.84,13.0,0,0
95599,21.0,27.0,13.0,4.2,0.99,12.0,0,0
95600,16.0,23.0,18.0,3.5,1.05,25.0,0,0
95601,15.0,13.0,19.0,4.2,0.86,15.0,0,0
95602,26.0,23.0,48.0,4.1,0.78,15.0,0,0
95604,22.0,28.0,21.0,4.2,1.03,10.0,0,0
95606,,,,,,,,
95607,12.0,19.0,15.0,4.3,0.96,18.0,0,0
95608,,,,,,,,
95609,19.0,23.0,14.0,4.0,0.76,11.0,0,0
95610,14.0,17.0,11.0,3.7,0.81,15.0,0,0
95611,27.0,30.0,40.0,4.6,1.0,11.0,0,0
95612,,,,,,,,
95615,10.0,11.0,26.0,3.9,1.45,26.0,0,0
95616,,,,,,,,
95617,,,,,,,,
95618,,,,,,,,
95619,11.0,17.0,10.0,4.2,0.77,8.0,0,0
95621,29.0,34.0,73.0,4.6,0.7,11.0,0,0
95622,13.0,17.0,13.0,4.4,0.75,6.0,0,0
95623,39.0,23.0,82.0,4.4,0.77,13.0,0,0
95625,36.0,26.0,16.0,4.5,0.8,16.0,0,0
95626,17.0,17.0,22.0,3.8,4.46,49.0,0,0
95628,11.0,15.0,15.0,3.6,0.5,7.0,0,0
95629,9.0,20.0,18.0,3.9,0.71,20.0,0,0
95630,6.0,11.0,7.0,3.2,1.5,27.0,0,0
95631,8.0,18.0,11.0,4.4,0.61,11.0,0,0
95633,43.0,30.0,45.0,3.9,0.48,14.0,0,0
95634,11.0,18.0,20.0,4.1,0.72,9.0,0,0
95636,12.0,16.0,17.0,4.2,0.8,12.0,0,0
95637,39.0,31.0,37.0,3.9,1.14,23.0,0,0
95638,10.0,15.0,20.0,4.4,0.73,14.0,0,0
95639,23.0,28.0,14.0,4.2,0.82,14.0,0,0
95640,,,,,,,,
95641,11.0,13.0,17.0,3.0,1.95,44.0,0,0
95642,8.0,10.0,13.0,3.7,0.62,14.0,0,0
95643,77.0,122.0,19.0,4.5,0.9,20.0,0,0
95644,16.0,18.0,31.0,4.0,0.62,11.0,0,0
95645,22.0,18.0,18.0,4.4,0.63,15.0,0,0
95648,17.0,15.0,14.0,4.3,1.14,17.0,0,0
95649,20.0,14.0,26.0,4.2,1.21,16.0,0,0
95651,17.0,17.0,19.0,3.9,1.09,16.0,0,0
95652,10.0,15.0,10.0,4.1,0.63,7.0,0,0
95654,21.0,18.0,65.0,3.6,1.45,25.0,0,0
95655,48.0,28.0,65.0,4.5,0.86,14.0,0,0
95656,23.0,38.0,27.0,3.5,1.56,27.0,0,0
95657,19.0,21.0,17.0,4.7,0.79,18.0,0,0
95658,51.0,52.0,14.0,3.4,1.15,10.0,0,0
95659,,,,,,,,
95662,15.0,19.0,4.0,4.3,0.55,13.0,0,0
95663,18.0,21.0,49.0,4.2,1.23,16.0,0,0
95664,63.0,60.0,69.0,4.0,0.96,21.0,0,0
95665,59.0,23.0,52.0,4.4,0.93,11.0,0,0
95666,19.0,20.0,16.0,4.3,0.8,12.0,0,0
95668,12.0,15.0,27.0,3.5,0.57,19.0,0,0
95669,11.0,16.0,11.0,4.0,0.67,9.0,0,0
95671,26.0,27.0,15.0,4.1,0.91,22.0,0,0
95672,21.0,23.0,17.0,4.0,1.17,29.0,0,0
95673,9.0,22.0,19.0,3.8,0.98,12.0,0,0
95674,26.0,20.0,41.0,4.7,1.31,14.0,0,0
95675,15.0,19.0,17.0,3.9,1.45,24.0,0,0
95676,31.0,18.0,17.0,4.2,0.99,13.0,0,0
95678,21.0,25.0,24.0,4.8,1.55,16.0,0,0
95679,16.0,21.0,13.0,4.4,0.66,17.0,0,0
95680,21.0,23.0,14.0,3.7,0.73,23.0,0,0
95681,7.0,14.0,10.0,3.8,1.02,31.0,0,0
95684,19.0,26.0,30.0,4.8,1.05,18.0,0,0
95685,35.0,19.0,18.0,3.7,0.8,18.0,0,0
95686,24.0,20.0,19.0,5.2,0.98,14.0,0,0
95687,12.0,19.0,39.0,3.3,2.16,39.0,0,0
95689,31.0,34.0,29.0,4.2,0.72,11.0,0,0
95690,37.0,18.0,75.0,4.0,1.01,17.0,0,0
95692,,,,,,,,
95694,45.0,27.0,82.0,4.5,0.82,16.0,0,0
95696,,,,,,,,
95698,11.0,17.0,13.0,3.9,0.86,19.0,0,0
95699,11.0,17.0,10.0,4.1,0.72,8.0,0,0
95700,88.0,88.0,32.0,4.4,0.47,10.0,0,0
95702,13.0,16.0,17.0,4.1,0.52,9.0,0,0
95703,15.0,17.0,15.0,4.0,0.69,6.0,0,0
95704,19.0,16.0,31.0,4.3,0.71,10.0,0,0
95705,,,,,,,,
95708,19.0,28.0,21.0,3.8,1.09,21.0,0,0
95710,27.0,24.0,38.0,3.8,0.9,17.0,0,0
95711,18.0,16.0,23.0,3.8,0.89,17.0,0,0
95712,,,,,,,,
95713,27.0,21.0,18.0,3.9,1.23,13.0,0,0
95714,22.0,19.0,24.0,3.6,0.66,9.0,0,0
95715,9.0,21.0,11.0,4.3,0.49,10.0,0,0
95716,14.0,15.0,16.0,4.0,0.48,8.0,0,0
95717,17.0,19.0,24.0,4.3,0.88,18.0,0,0
95718,16.0,18.0,25.0,4.1,0.82,11.0,0,0
95719,16.0,17.0,10.0,4.7,1.14,14.0,0,0
95720,14.0,18.0,9.0,4.3,0.83,16.0,0,0
95721,10.0,14.0,9.0,4.1,0.6,9.0,0,0
95722,46.0,35.0,29.0,4.3,0.63,12.0,0,0
95723,14.0,22.0,29.0,3.5,0.71,16.0,0,0
95725,12.0,13.0,22.0,3.8,1.39,21.0,0,0
95726,21.0,19.0,23.0,4.5,0.65,13.0,0,0
95727,17.0,13.0,15.0,4.1,0.99,20.0,0,0
95729,,,,,,,,
95731,8.0,15.0,12.0,3.8,0.69,8.0,0,0
95732,,,,,,,,
95733,,,,,,,,
95734,13.0,17.0,29.0,4.3,0.73,12.0,0,0
95736,14.0,18.0,17.0,3.7,0.95,12.0,0,0
95738,17.0,18.0,37.0,4.2,0.88,11.0,0,0
95741,420.0,198.0,26.0,4.1,0.8,14.0,0,0
95743,20.0,23.0,11.0,4.3,0.61,18.0,0,0
95744,15.0,23.0,9.0,3.7,0.73,12.0,0,0
95745,15.0,20.0,24.0,4.1,1.05,16.0,0,0
95748,19.0,21.0,33.0,4.2,0.94,9.0,0,0
95752,13.0,19.0,60.0,4.4,1.08,14.0,0,0
95754,48.0,25.0,22.0,4.0,1.1,16.0,0,0
95755,12.0,21.0,12.0,4.3,0.75,14.0,0,0
95756,12.0,18.0,14.0,4.6,0.87,8.0,0,0
95757,46.0,24.0,22.0,4.1,0.63,12.0,0,0
95758,9.0,16.0,5.0,4.4,0.91,7.0,0,0
95759,11.0,16.0,11.0,3.8,0.56,13.0,0,0
95760,14.0,18.0,18.0,4.1,0.66,12.0,0,0
95761,20.0,25.0,15.0,3.8,0.95,13.0,0,0
95762,32.0,26.0,33.0,4.0,0.9,9.0,0,0
95763,6.0,24.0,23.0,3.2,2.02,55.0,0,0
95765,43.0,34.0,136.0,4.3,0.94,19.0,0,0
95766,17.0,14.0,14.0,4.4,0.57,11.0,0,0
95767,16.0,14.0,27.0,3.9,0.98,18.0,0,0
95768,18.0,21.0,21.0,4.2,0.86,11.0,0,0
95769,,,,,,,,
95770,27.0,18.0,39.0,4.0,0.99,11.0,0,0
95771,22.0,19.0,23.0,3.7,0.92,14.0,0,0
95772,20.0,19.0,55.0,3.9,0.65,16.0,0,0
95773,19.0,17.0,24.0,3.6,0.99,21.0,0,0
95775,16.0,20.0,14.0,4.0,0.61,13.0,0,0
95776,,,,,,,,
95777,14.0,19.0,22.0,4.2,0.96,20.0,0,0
95778,13.0,15.0,16.0,4.6,0.61,6.0,0,0
95780,25.0,42.0,127.0,4.0,0.78,12.0,0,0
95782,,,,,,,,
95783,18.0,23.0,32.0,4.1,1.1,18.0,0,0
95785,27.0,23.0,74.0,4.3,0.7,8.0,0,0
95787,33.0,25.0,20.0,4.0,0.8,14.0,0,0
95788,13.0,19.0,13.0,4.6,0.67,10.0,0,0
95789,10.0,15.0,12.0,4.5,0.78,7.0,0,0
95791,27.0,24.0,31.0,4.0,1.01,13.0,0,0
95792,18.0,17.0,17.0,4.6,0.85,12.0,0,0
95793,47.0,33.0,40.0,3.8,0.54,15.0,0,0
95794,32.0,24.0,235.0,4.4,0.85,12.0,0,0
95798,15.0,22.0,16.0,4.0,0.64,22.0,0,0
95799,20.0,19.0,12.0,4.1,0.97,15.0,0,0
95802,12.0,12.0,7.0,3.9,1.36,21.0,0,0
95803,19.0,20.0,36.0,3.8,1.32,13.0,0,0
95807,21.0,13.0,14.0,4.0,0.73,11.0,0,0
95808,9.0,14.0,23.0,4.1,0.68,13.0,0,0
95809,36.0,53.0,321.0,3.9,0.57,8.0,0,0
95811,18.0,20.0,19.0,3.8,0.64,15.0,0,0
95812,19.0,28.0,19.0,3.7,0.9,16.0,0,0
95813,37.0,35.0,81.0,3.5,0.91,21.0,0,0
95814,23.0,36.0,13.0,3.6,0.99,10.0,0,0
95816,,,,,,,,
95817,23.0,29.0,17.0,4.2,0.67,8.0,0,0
95818,4.0,17.0,10.0,4.4,0.58,7.0,0,0
95819,,,,,,,,
95820,,,,,,,,
95821,11.0,19.0,10.0,4.3,0.63,8.0,0,0
95822,11.0,18.0,25.0,4.4,0.83,13.0,0,0
95824,21.0,22.0,25.0,4.2,1.01,11.0,0,0
95825,17.0,16.0,15.0,3.7,0.56,13.0,0,0
95827,23.0,20.0,14.0,4.4,0.85,9.0,0,0
95828,11.0,15.0,13.0,4.1,1.3,14.0,0,0
95829,28.0,27.0,27.0,4.1,0.71,16.0,0,0
95831,24.0,19.0,20.0,4.0,0.71,20.0,0,0
95833,43.0,31.0,329.0,4.6,0.77,12.0,0,0
95834,9.0,12.0,16.0,4.6,0.62,12.0,0,0
95835,17.0,17.0,23.0,3.9,0.62,15.0,0,0
95836,14.0,19.0,11.0,4.4,0.99,20.0,0,0
95838,11.0,14.0,27.0,4.1,1.96,40.0,0,0
95839,27.0,19.0,15.0,4.2,1.22,14.0,0,0
95841,27.0,20.0,27.0,4.5,0.86,18.0,0,0
95843,9.0,17.0,14.0,3.3,0.79,14.0,0,0
95844,23.0,19.0,22.0,3.6,1.01,17.0,0,0
95846,10.0,15.0,16.0,4.2,0.94,13.0,0,0
95848,13.0,15.0,13.0,4.1,0.63,19.0,0,0
95849,10.0,16.0,19.0,4.2,0.54,15.0,0,0
95850,15.0,19.0,22.0,3.6,0.77,9.0,0,0
95851,25.0,23.0,31.0,4.2,0.89,18.0,0,0
95853,13.0,17.0,12.0,3.9,0.84,14.0,0,0
95854,49.0,25.0,63.0,4.6,1.21,16.0,0,0
95855,,,,,,,,
95857,13.0,19.0,21.0,4.2,1.02,10.0,0,0
95858,35.0,29.0,12.0,4.3,0.88,14.0,0,0
95859,11.0,21.0,8.0,4.4,0.46,10.0,0,0
95860,8.0,17.0,43.0,3.8,0.68,7.0,0,0
95862,47.0,40.0,87.0,3.5,0.68,23.0,0,0
95863,14.0,20.0,17.0,3.5,1.41,34.0,0,0
95864,,,,,,,,
95865,12.0,13.0,17.0,3.8,0.76,11.0,0,0
95866,12.0,16.0,16.0,4.0,0.72,17.0,0,0
95867,16.0,15.0,21.0,4.1,0.93,16.0,0,0
95868,,,,,,,,
95869,31.0,30.0,59.0,4.0,1.18,14.0,0,0
95870,32.0,74.0,22.0,3.6,0.69,17.0,0,0
95873,24.0,26.0,82.0,4.3,0.65,12.0,0,0
95874,7.0,15.0,10.0,4.2,0.61,13.0,0,0
95875,18.0,17.0,13.0,3.7,0.54,9.0,0,0
95877,26.0,35.0,24.0,4.2,0.92,16.0,0,0
95879,12.0,22.0,12.0,4.7,0.68,9.0,0,0
95880,18.0,22.0,23.0,4.3,1.2,20.0,0,0
95881,19.0,24.0,19.0,4.4,0.82,9.0,0,0
95882,18.0,35.0,35.0,4.6,1.08,14.0,0,0
95883,17.0,18.0,22.0,3.5,0.76,10.0,0,0
95886,,,,,,,,
95889,13.0,16.0,8.0,4.3,0.61,13.0,0,0
95891,7.0,16.0,23.0,3.5,0.65,7.0,0,0
95892,,,,,,,,
95895,,,,,,,,
95896,13.0,24.0,15.0,4.0,0.69,16.0,0,0
95898,15.0,19.0,9.0,3.9,0.68,8.0,0,0
95899,17.0,16.0,14.0,4.1,1.02,26.0,0,0
95900,15.0,17.0,8.0,4.1,1.02,13.0,0,0
95902,15.0,18.0,18.0,3.5,0.62,11.0,0,0
95903,32.0,22.0,18.0,4.4,1.01,8.0,0,0
95904,11.0,16.0,19.0,4.1,0.73,20.0,0,0
95906,10.0,15.0,7.0,4.6,0.68,9.0,0,0
95907,11.0,14.0,8.0,3.4,0.5,7.0,0,0
95908,27.0,18.0,26.0,4.2,1.1,20.0,0,0
95910,68.0,37.0,93.0,4.7,0.89,15.0,0,0
95911,12.0,14.0,12.0,4.6,0.56,19.0,0,0
95912,24.0,24.0,22.0,4.3,1.23,24.0,0,0
95913,19.0,22.0,15.0,4.4,0.69,16.0,0,0
95914,26.0,24.0,24.0,4.4,0.71,12.0,0,0
95915,62.0,46.0,55.0,4.0,1.12,14.0,0,0
95917,16.0,17.0,16.0,3.3,0.89,15.0,0,0
95919,29.0,18.0,29.0,3.9,1.25,18.0,0,0
95922,14.0,20.0,12.0,4.2,0.86,23.0,0,0
95924,11.0,14.0,13.0,3.8,0.75,13.0,0,0
95926,14.0,22.0,10.0,4.3,0.5,8.0,0,0
95927,10.0,14.0,11.0,3.9,0.44,9.0,0,0
95928,19.0,24.0,22.0,4.3,0.91,26.0,0,0
95931,15.0,17.0,33.0,4.7,0.58,14.0,0,0
95933,,,,,,,,
95934,17.0,18.0,10.0,4.2,0.57,15.0,0,0
95935,23.0,19.0,22.0,4.5,0.93,12.0,0,0
95936,16.0,16.0,24.0,4.0,0.74,11.0,0,0
95939,24.0,22.0,18.0,4.0,1.04,17.0,0,0
95944,27.0,21.0,33.0,4.1,1.18,25.0,0,0
95945,35.0,29.0,20.0,4.0,1.06,22.0,0,0
95948,12.0,19.0,11.0,4.4,0.74,6.0,0,0
95950,14.0,21.0,10.0,4.1,0.87,6.0,0,0
95951,16.0,23.0,15.0,4.5,1.05,13.0,0,0
95952,14.0,17.0,16.0,3.9,1.1,17.0,0,0
95953,11.0,18.0,13.0,4.5,0.74,13.0,0,0
95955,11.0,12.0,10.0,3.5,0.83,12.0,0,0
95956,15.0,17.0,18.0,4.4,1.02,15.0,0,0
95958,12.0,16.0,10.0,4.4,0.57,9.0,0,0
95959,,,,,,,,
95962,52.0,39.0,293.0,3.7,1.02,14.0,0,0
95964,15.0,20.0,16.0,4.4,0.65,17.0,0,0
95966,34.0,21.0,152.0,4.0,0.86,13.0,0,0
95968,10.0,12.0,9.0,4.3,0.82,12.0,0,0
95969,71.0,37.0,81.0,4.1,0.97,15.0,0,0
95971,13.0,18.0,28.0,3.7,0.87,24.0,0,0
95973,16.0,18.0,16.0,4.3,0.6,10.0,0,0
95976,11.0,19.0,62.0,4.3,0.9,7.0,0,0
95977,45.0,112.0,65.0,3.9,0.62,7.0,0,0
95978,14.0,19.0,12.0,4.1,0.94,10.0,0,0
95979,8.0,15.0,27.0,4.2,0.71,13.0,0,0
95981,25.0,31.0,15.0,4.3,1.32,28.0,0,0
95983,18.0,22.0,12.0,3.8,0.71,28.0,0,0
95985,15.0,14.0,18.0,3.9,0.77,19.0,0,0
95986,83.0,30.0,291.0,3.4,1.07,15.0,0,0
95987,21.0,19.0,241.0,3.8,0.68,24.0,0,0
95988,13.0,16.0,17.0,3.9,1.22,18.0,0,0
95989,10.0,14.0,10.0,4.2,0.41,9.0,0,0
95990,12.0,18.0,9.0,4.0,0.68,9.0,0,0
95991,35.0,29.0,63.0,4.2,0.83,18.0,0,0
95992,18.0,31.0,147.0,3.4,1.07,25.0,0,0
95993,15.0,21.0,14.0,4.3,0.85,13.0,0,0
95995,,,,,,,,
95996,,,,,,,,
95997,16.0,18.0,25.0,3.8,0.8,13.0,0,0
95998,133.0,59.0,54.0,4.6,0.69,16.0,0,0
95999,9.0,18.0,11.0,4.3,1.28,12.0,0,0
96000,26.0,27.0,26.0,4.5,0.94,11.0,0,0
96001,14.0,17.0,54.0,3.9,0.87,14.0,0,0
96002,14.0,12.0,17.0,3.1,0.46,8.0,0,0
96003,22.0,20.0,38.0,3.9,0.52,11.0,0,0
96004,23.0,23.0,48.0,3.8,0.97,13.0,0,0
96005,17.0,20.0,18.0,4.5,0.77,11.0,0,0
96006,,,,,,,,
96008,25.0,23.0,30.0,4.0,1.2,16.0,0,0
96010,,,,,,,,
96011,17.0,17.0,15.0,4.3,0.59,12.0,0,0
96012,6.0,18.0,18.0,4.4,0.74,5.0,0,0
96013,11.0,11.0,9.0,4.2,0.62,8.0,0,0
96014,10.0,17.0,54.0,3.7,0.74,7.0,0,0
96016,18.0,17.0,49.0,3.8,6.75,38.0,0,0
96017,14.0,21.0,24.0,4.0,1.03,17.0,0,0
96018,,,,,,,,
96019,10.0,10.0,76.0,4.0,1.4,27.0,0,0
96020,15.0,16.0,35.0,4.0,0.94,25.0,0,0
96022,30.0,24.0,74.0,4.2,0.7,14.0,0,0
96023,18.0,30.0,11.0,3.9,0.61,23.0,0,0
96025,69.0,28.0,269.0,3.8,3.85,42.0,0,0
96027,13.0,19.0,7.0,3.6,0.83,13.0,0,0
96029,54.0,29.0,54.0,4.3,0.98,13.0,0,0
96030,12.0,17.0,19.0,4.6,1.13,13.0,0,0
96031,8.0,16.0,5.0,3.8,0.7,17.0,0,0
96033,11.0,12.0,20.0,3.7,1.53,20.0,0,0
96034,23.0,24.0,26.0,4.2,1.04,18.0,0,0
96035,10.0,14.0,12.0,4.0,0.57,10.0,0,0
96036,16.0,22.0,13.0,4.0,0.7,12.0,0,0
96037,21.0,19.0,35.0,3.9,1.07,12.0,0,0
96038,77.0,59.0,39.0,4.7,0.6,20.0,0,0
96041,9.0,16.0,11.0,4.1,1.51,20.0,0,0
96044,36.0,27.0,43.0,3.4,0.91,11.0,0,0
96048,16.0,16.0,78.0,4.1,0.93,19.0,0,0
96049,12.0,16.0,18.0,4.2,1.06,19.0,0,0
96050,16.0,17.0,18.0,4.2,0.63,11.0,0,0
96052,10.0,17.0,8.0,4.1,0.57,9.0,0,0
96056,26.0,20.0,24.0,4.2,0.85,9.0,0,0
96061,18.0,14.0,32.0,4.2,1.11,19.0,0,0
96063,16.0,22.0,20.0,4.4,0.59,13.0,0,0
96064,13.0,13.0,20.0,3.9,0.98,11.0,0,0
96065,17.0,19.0,15.0,3.8,0.87,12.0,0,0
96066,49.0,57.0,117.0,4.5,0.74,9.0,0,0
96067,17.0,16.0,24.0,4.1,0.57,16.0,0,0
96068,10.0,18.0,9.0,4.0,0.61,8.0,0,0
96070,21.0,18.0,26.0,4.1,1.19,16.0,0,0
96071,,,,,,,,
96074,16.0,16.0,10.0,4.1,0.57,10.0,0,0
96077,7.0,14.0,10.0,3.9,0.86,16.0,0,0
96078,28.0,18.0,26.0,4.1,0.69,11.0,0,0
96079,36.0,30.0,55.0,4.2,0.96,15.0,0,0
96082,27.0,24.0,34.0,3.9,0.99,13.0,0,0
96083,12.0,20.0,9.0,3.9,0.58,10.0,0,0
96084,22.0,22.0,37.0,4.1,0.86,11.0,0,0
96085,18.0,22.0,23.0,4.0,1.25,13.0,0,0
96086,40.0,34.0,18.0,4.4,1.32,15.0,0,0
96087,20.0,25.0,28.0,4.7,0.95,16.0,0,0
96088,8.0,17.0,15.0,4.0,1.08,14.0,0,0
96089,20.0,19.0,70.0,4.0,1.61,28.0,0,0
96090,23.0,19.0,67.0,3.9,0.86,14.0,0,0
96091,141.0,114.0,74.0,3.8,0.59,10.0,0,0
96092,13.0,20.0,17.0,4.6,0.91,20.0,0,0
96093,24.0,27.0,10.0,4.7,0.72,6.0,0,0
96094,17.0,20.0,28.0,4.0,0.81,11.0,0,0
96096,21.0,22.0,20.0,3.8,0.91,10.0,0,0
96097,62.0,60.0,35.0,3.7,0.8,9.0,0,0
96098,12.0,18.0,22.0,3.1,6.61,55.0,0,0
96099,23.0,25.0,60.0,3.8,0.89,12.0,0,0
96100,6.0,12.0,26.0,4.2,1.28,13.0,0,0
96101,16.0,17.0,19.0,3.8,0.75,11.0,0,0
96103,20.0,17.0,15.0,3.9,0.66,10.0,0,0
96104,15.0,16.0,14.0,4.7,0.97,14.0,0,0
96105,7.0,13.0,5.0,4.0,0.69,6.0,0,0
96108,28.0,22.0,18.0,4.0,0.62,14.0,0,0
96111,10.0,17.0,20.0,4.0,0.73,19.0,0,0
96112,14.0,17.0,32.0,3.9,0.75,12.0,0,0
96114,10.0,15.0,16.0,3.7,0.86,19.0,0,0
96115,15.0,14.0,13.0,4.2,0.51,12.0,0,0
96116,14.0,15.0,17.0,4.0,0.81,14.0,0,0
96117,18.0,14.0,35.0,4.2,1.14,16.0,0,0
96119,11.0,19.0,6.0,3.9,0.7,9.0,0,0
96120,72.0,92.0,122.0,3.7,0.99,11.0,0,0
96121,15.0,17.0,8.0,4.2,0.99,15.0,0,0
96122,15.0,20.0,23.0,4.1,0.55,11.0,0,0
96123,18.0,18.0,11.0,3.5,0.83,17.0,0,0
96124,13.0,22.0,15.0,3.5,0.48,12.0,0,0
96125,12.0,19.0,12.0,4.3,0.71,12.0,0,0
96127,55.0,47.0,19.0,4.5,1.05,13.0,0,0
96128,11.0,13.0,11.0,4.6,0.94,14.0,0,0
96130,9.0,18.0,23.0,4.3,0.79,19.0,0,0
96132,18.0,34.0,11.0,4.2,1.06,15.0,0,0
96133,81.0,37.0,68.0,4.6,1.08,10.0,0,0
96134,11.0,14.0,11.0,3.8,0.67,12.0,0,0
96135,18.0,31.0,17.0,4.2,1.07,18.0,0,0
96136,,,,,,,,
96137,11.0,11.0,19.0,4.0,0.85,9.0,0,0
96138,29.0,26.0,17.0,4.1,1.06,19.0,0,0
96139,14.0,18.0,11.0,4.1,0.9,14.0,0,0
96140,23.0,17.0,20.0,3.9,0.69,13.0,0,0
96141,32.0,30.0,25.0,4.0,0.98,21.0,0,0
96143,16.0,18.0,21.0,3.9,1.13,11.0,0,0
96144,27.0,23.0,200.0,4.0,0.73,9.0,0,0
96145,14.0,15.0,30.0,4.0,1.29,22.0,0,0
96147,20.0,14.0,13.0,4.0,1.35,17.0,0,0
96149,18.0,23.0,38.0,4.4,0.46,10.0,0,0
96150,77.0,134.0,148.0,4.1,0.76,8.0,0,0
96151,34.0,26.0,40.0,4.7,1.05,22.0,0,0
96152,30.0,21.0,54.0,3.4,0.74,13.0,0,0
96156,24.0,24.0,17.0,4.2,1.12,22.0,0,0
96158,,,,,,,,
96159,9.0,14.0,14.0,3.8,0.76,12.0,0,0
96160,48.0,27.0,42.0,4.3,0.82,15.0,0,0
96162,52.0,50.0,60.0,4.4,0.85,13.0,0,0
96163,83.0,42.0,37.0,4.3,0.62,7.0,0,0
96164,9.0,17.0,26.0,3.9,0.62,17.0,0,0
96165,11.0,17.0,33.0,3.9,1.85,29.0,0,0
96168,9.0,18.0,13.0,4.2,0.51,8.0,0,0
96169,14.0,17.0,25.0,4.1,1.07,17.0,0,0
96170,19.0,20.0,88.0,3.7,0.68,13.0,0,0
96171,12.0,16.0,20.0,4.3,1.11,20.0,0,0
96172,24.0,30.0,23.0,4.1,0.68,14.0,0,0
96175,26.0,18.0,84.0,4.0,1.13,14.0,0,0
96177,19.0,21.0,6.0,4.1,0.7,16.0,0,0
96178,10.0,14.0,13.0,4.4,1.01,7.0,0,0
96179,38.0,29.0,80.0,4.7,0.87,21.0,0,0
96181,12.0,18.0,11.0,4.2,1.37,34.0,0,0
96184,17.0,25.0,14.0,4.7,1.71,33.0,0,0
96185,22.0,18.0,19.0,3.8,1.06,18.0,0,0
96186,18.0,21.0,21.0,3.9,1.16,11.0,0,0
96188,18.0,18.0,16.0,3.9,0.63,11.0,0,0
96189,31.0,29.0,21.0,4.4,0.94,14.0,0,0
96190,25.0,24.0,11.0,3.9,0.78,20.0,0,0
96191,65.0,47.0,42.0,3.6,0.44,13.0,0,0
96192,,,,,,,,
96195,25.0,26.0,103.0,4.1,0.92,13.0,0,0
96196,17.0,18.0,30.0,3.8,0.92,11.0,0,0
96197,17.0,27.0,23.0,4.1,0.71,12.0,0,0
96198,11.0,15.0,20.0,3.9,0.76,12.0,0,0
96205,25.0,29.0,37.0,4.0,1.03,11.0,0,0
96210,11.0,17.0,15.0,3.8,0.97,20.0,0,0
96211,16.0,18.0,50.0,4.5,0.88,14.0,0,0
96213,10.0,14.0,12.0,3.8,0.48,14.0,0,0
96214,13.0,27.0,13.0,3.7,0.68,6.0,0,0
96216,8.0,17.0,12.0,4.0,0.73,16.0,0,0
96217,18.0,17.0,10.0,3.7,1.14,18.0,0,0
96219,10.0,11.0,18.0,2.6,0.54,13.0,0,0
96220,,,,,,,,
96221,22.0,30.0,8.0,4.3,0.81,24.0,0,0
96222,13.0,17.0,9.0,4.2,0.74,11.0,0,0
96223,11.0,34.0,103.0,3.7,1.35,10.0,0,0
96224,12.0,17.0,10.0,4.2,0.81,15.0,0,0
96226,15.0,14.0,11.0,4.1,1.0,10.0,0,0
96229,9.0,15.0,15.0,3.7,0.63,11.0,0,0
96230,32.0,21.0,23.0,4.1,1.08,19.0,0,0
96233,13.0,27.0,8.0,4.4,1.08,19.0,0,0
96234,23.0,24.0,37.0,4.6,1.14,13.0,0,0
96235,,,,,,,,
96236,17.0,23.0,14.0,4.3,0.83,13.0,0,0
96237,21.0,24.0,31.0,4.7,0.6,14.0,0,0
96238,11.0,14.0,15.0,4.5,1.0,8.0,0,0
96239,16.0,19.0,13.0,4.2,0.79,15.0,0,0
96240,50.0,31.0,26.0,4.4,0.74,17.0,0,0
96241,26.0,23.0,11.0,4.3,0.56,8.0,0,0
96242,,,,,,,,
96243,18.0,19.0,15.0,2.8,0.58,5.0,0,0
96244,12.0,17.0,15.0,4.2,0.69,16.0,0,0
96245,59.0,55.0,91.0,4.3,0.51,17.0,0,0
96246,,,,,,,,
96249,31.0,18.0,29.0,4.2,0.48,14.0,0,0
96250,23.0,18.0,31.0,4.0,0.93,16.0,0,0
96252,70.0,56.0,393.0,3.8,0.82,31.0,0,0
96253,24.0,21.0,29.0,3.8,0.64,9.0,0,0
96257,32.0,22.0,71.0,4.2,0.51,8.0,0,0
96260,17.0,24.0,13.0,4.0,0.72,20.0,0,0
96261,14.0,15.0,15.0,4.3,0.59,10.0,0,0
96263,15.0,22.0,13.0,4.7,0.45,16.0,0,0
96264,13.0,22.0,8.0,3.0,0.8,13.0,0,0
96265,11.0,18.0,101.0,3.7,0.95,10.0,0,0
96266,22.0,16.0,15.0,3.5,0.51,20.0,0,0
96268,18.0,36.0,14.0,4.3,0.99,22.0,0,0
96269,20.0,17.0,17.0,3.5,0.54,10.0,0,0
96270,19.0,22.0,17.0,4.6,1.0,12.0,0,0
96271,13.0,20.0,16.0,4.1,1.11,20.0,0,0
96272,23.0,23.0,25.0,4.5,1.06,16.0,0,0
96273,,,,,,,,
96275,16.0,19.0,13.0,3.9,0.7,8.0,0,0
96276,20.0,21.0,25.0,3.9,0.73,14.0,0,0
96279,11.0,11.0,34.0,3.7,0.36,11.0,0,0
96280,17.0,18.0,15.0,4.2,0.7,12.0,0,0
96282,15.0,15.0,25.0,4.4,0.82,11.0,0,0
96283,34.0,27.0,60.0,4.4,1.17,17.0,0,0
96284,15.0,16.0,30.0,3.8,1.24,13.0,0,0
96285,9.0,15.0,9.0,4.2,0.73,13.0,0,0
96286,9.0,21.0,14.0,4.1,0.65,18.0,0,0
96287,48.0,37.0,28.0,3.8,0.8,23.0,0,0
96288,26.0,31.0,43.0,4.3,0.85,15.0,0,0
96289,15.0,14.0,17.0,4.2,0.77,11.0,0,0
96290,38.0,30.0,130.0,3.8,0.92,9.0,0,0
96291,13.0,14.0,23.0,3.8,0.69,11.0,0,0
96293,20.0,24.0,9.0,4.3,0.92,16.0,0,0
96294,12.0,19.0,21.0,4.2,0.7,14.0,0,0
96295,26.0,23.0,25.0,4.1,0.83,17.0,0,0
96296,10.0,17.0,20.0,3.9,0.89,21.0,0,0
96297,13.0,17.0,8.0,3.8,0.87,13.0,0,0
96298,26.0,24.0,13.0,4.4,1.15,12.0,0,0
96299,67.0,61.0,21.0,4.2,0.93,20.0,0,0
96301,22.0,29.0,27.0,3.8,1.32,20.0,0,0
96302,19.0,25.0,27.0,4.4,1.08,20.0,0,0
96304,54.0,65.0,63.0,3.9,0.64,13.0,0,0
96305,12.0,27.0,5.0,4.5,0.48,8.0,0,0
96306,21.0,23.0,20.0,4.1,0.99,13.0,0,0
96308,28.0,28.0,23.0,4.2,1.1,17.0,0,0
96309,9.0,13.0,8.0,4.1,0.74,13.0,0,0
96310,33.0,31.0,21.0,3.9,0.88,10.0,0,0
96311,9.0,14.0,8.0,4.1,0.65,8.0,0,0
96312,18.0,16.0,13.0,4.2,0.75,12.0,0,0
96313,14.0,17.0,7.0,3.0,0.57,13.0,0,0
96315,17.0,16.0,22.0,4.4,0.69,12.0,0,0
96317,19.0,22.0,20.0,3.8,0.99,10.0,0,0
96318,,,,,,,,
96319,20.0,14.0,27.0,4.2,0.63,26.0,0,0
96320,19.0,21.0,21.0,4.5,0.98,13.0,0,0
96321,,,,,,,,
96322,13.0,15.0,17.0,3.9,0.45,12.0,0,0
96323,30.0,20.0,51.0,4.2,0.94,13.0,0,0
96325,5.0,15.0,15.0,4.1,0.56,11.0,0,0
96326,,,,,,,,
96328,,,,,,,,
96329,13.0,16.0,14.0,4.3,0.6,14.0,0,0
96330,27.0,24.0,20.0,4.4,2.29,24.0,0,0
96332,13.0,19.0,15.0,4.1,1.11,11.0,0,0
96333,11.0,13.0,11.0,3.8,0.57,10.0,0,0
96335,15.0,17.0,15.0,4.1,1.23,29.0,0,0
96336,27.0,18.0,48.0,3.3,2.68,45.0,0,0
96337,24.0,14.0,37.0,4.4,0.85,18.0,0,0
96338,13.0,19.0,5.0,3.2,0.49,10.0,0,0
96339,17.0,22.0,32.0,3.4,0.89,15.0,0,0
96340,26.0,20.0,35.0,4.2,1.09,27.0,0,0
96342,17.0,16.0,48.0,2.7,1.64,41.0,0,0
96344,23.0,22.0,18.0,3.7,0.99,9.0,0,0
96345,18.0,22.0,35.0,4.9,0.56,15.0,0,0
96346,31.0,18.0,80.0,4.4,1.04,16.0,0,0
96347,9.0,16.0,13.0,4.3,0.64,10.0,0,0
96348,13.0,23.0,14.0,4.3,1.34,28.0,0,0
96349,18.0,16.0,35.0,3.8,1.04,27.0,0,0
96350,12.0,19.0,10.0,5.0,0.84,14.0,0,0
96351,17.0,24.0,13.0,4.7,1.11,18.0,0,0
96352,12.0,15.0,13.0,4.0,0.77,9.0,0,0
96355,9.0,13.0,8.0,4.3,0.52,17.0,0,0
96357,12.0,15.0,30.0,3.9,1.27,18.0,0,0
96358,29.0,20.0,36.0,4.2,0.83,13.0,0,0
96360,21.0,20.0,15.0,4.1,0.81,18.0,0,0
96361,15.0,16.0,12.0,4.1,0.68,10.0,0,0
96362,23.0,19.0,24.0,4.1,0.73,20.0,0,0
96365,21.0,18.0,33.0,3.7,0.81,14.0,0,0
96366,36.0,19.0,241.0,4.0,0.84,16.0,0,0
96367,10.0,14.0,20.0,3.9,0.98,19.0,0,0
96368,15.0,17.0,41.0,3.8,0.6,11.0,0,0
96369,12.0,19.0,11.0,4.2,0.82,13.0,0,0
96370,16.0,21.0,14.0,4.0,0.69,15.0,0,0
96371,14.0,19.0,7.0,4.5,0.52,11.0,0,0
96372,17.0,13.0,32.0,4.2,0.94,21.0,0,0
96373,32.0,16.0,43.0,3.2,1.13,8.0,0,0
96374,16.0,17.0,9.0,4.1,0.66,8.0,0,0
96375,23.0,30.0,166.0,3.6,1.32,38.0,0,0
96376,14.0,18.0,13.0,4.3,0.45,10.0,0,0
96377,22.0,21.0,10.0,4.1,0.62,11.0,0,0
96379,17.0,22.0,15.0,4.1,0.63,13.0,0,0
96380,30.0,26.0,59.0,4.1,1.1,14.0,0,0
96382,13.0,31.0,26.0,4.4,0.91,12.0,0,0
96383,9.0,18.0,15.0,4.6,0.7,9.0,0,0
96385,13.0,17.0,35.0,4.0,0.57,11.0,0,0
96386,13.0,31.0,162.0,3.6,0.67,13.0,0,0
96389,14.0,19.0,20.0,4.1,0.63,14.0,0,0
96390,34.0,36.0,23.0,4.4,1.06,22.0,0,0
96391,26.0,24.0,24.0,4.4,0.69,9.0,0,0
96392,12.0,17.0,16.0,3.9,0.64,13.0,0,0
96393,21.0,22.0,15.0,4.1,1.16,20.0,0,0
96396,20.0,17.0,22.0,4.5,0.87,16.0,0,0
96398,20.0,13.0,47.0,4.0,1.0,9.0,0,0
96399,25.0,21.0,22.0,4.0,0.93,15.0,0,0
96400,92.0,33.0,29.0,4.1,1.11,12.0,0,0
96401,,,,,,,,
96402,26.0,31.0,22.0,4.4,1.08,9.0,0,0
96403,20.0,28.0,21.0,4.8,0.71,10.0,0,0
96404,16.0,20.0,15.0,4.5,0.73,19.0,0,0
96405,18.0,15.0,14.0,4.2,0.52,13.0,0,0
96406,,,,,,,,
96408,14.0,25.0,46.0,3.4,0.72,13.0,0,0
96409,11.0,15.0,14.0,3.3,0.85,21.0,0,0
96410,11.0,25.0,16.0,4.3,0.59,9.0,0,0
96411,24.0,26.0,20.0,4.3,0.88,10.0,0,0
96413,16.0,20.0,42.0,3.9,0.82,12.0,0,0
96415,23.0,27.0,13.0,4.6,0.83,9.0,0,0
96416,24.0,29.0,33.0,3.9,0.77,10.0,0,0
96417,10.0,13.0,11.0,3.7,0.53,13.0,0,0
96418,11.0,16.0,12.0,4.1,0.63,9.0,0,0
96419,8.0,14.0,10.0,4.5,0.64,14.0,0,0
96420,24.0,20.0,54.0,3.9,0.84,11.0,0,0
96421,14.0,31.0,13.0,4.0,0.65,7.0,0,0
96422,26.0,22.0,20.0,4.1,0.87,16.0,0,0
96425,12.0,20.0,9.0,4.2,0.89,13.0,0,0
96426,11.0,13.0,44.0,3.7,1.34,23.0,0,0
96428,10.0,13.0,10.0,3.9,0.66,9.0,0,0
96431,17.0,15.0,22.0,3.9,0.89,14.0,0,0
96432,10.0,15.0,18.0,4.2,0.93,8.0,0,0
96433,13.0,17.0,14.0,3.7,0.63,13.0,0,0
96436,14.0,20.0,20.0,4.2,0.94,18.0,0,0
96439,,,,,,,,
96441,17.0,15.0,10.0,4.2,0.77,13.0,0,0
96442,79.0,47.0,47.0,4.7,0.56,9.0,0,0
96443,18.0,20.0,9.0,4.7,0.67,7.0,0,0
96444,31.0,24.0,15.0,4.2,0.57,12.0,0,0
96445,19.0,14.0,35.0,4.1,0.94,9.0,0,0
96446,23.0,27.0,15.0,3.8,0.61,7.0,0,0
96448,15.0,15.0,19.0,4.1,0.76,15.0,0,0
96449,28.0,25.0,12.0,2.8,2.19,44.0,0,0
96450,39.0,24.0,30.0,4.0,0.65,22.0,0,0
96451,28.0,30.0,31.0,3.6,1.01,29.0,0,0
96452,16.0,20.0,19.0,4.4,0.73,13.0,0,0
96453,11.0,12.0,13.0,4.0,0.72,10.0,0,0
96455,24.0,19.0,29.0,4.2,0.87,10.0,0,0
96456,14.0,17.0,9.0,4.0,1.15,24.0,0,0
96457,25.0,23.0,31.0,4.1,0.87,17.0,0,0
96462,8.0,23.0,20.0,3.9,0.87,10.0,0,0
96463,9.0,13.0,14.0,4.1,0.99,10.0,0,0
96465,34.0,29.0,44.0,4.1,0.73,12.0,0,0
96466,13.0,22.0,15.0,3.1,0.7,10.0,0,0
96467,8.0,11.0,7.0,4.4,0.7,10.0,0,0
96468,17.0,19.0,27.0,4.0,1.05,14.0,0,0
96469,14.0,17.0,21.0,4.3,0.57,11.0,0,0
96470,24.0,25.0,34.0,4.1,0.89,19.0,0,0
96471,8.0,11.0,11.0,3.6,1.03,12.0,0,0
96473,16.0,18.0,81.0,3.9,1.15,13.0,0,0
96474,15.0,17.0,12.0,4.2,0.69,11.0,0,0
96475,22.0,17.0,42.0,3.9,1.07,13.0,0,0
96476,11.0,16.0,12.0,3.7,0.83,14.0,0,0
96477,12.0,21.0,13.0,4.1,1.08,13.0,0,0
96478,26.0,18.0,25.0,4.9,0.59,11.0,0,0
96479,15.0,28.0,9.0,4.3,1.07,23.0,0,0
96480,11.0,22.0,10.0,4.0,0.96,13.0,0,0
96481,20.0,14.0,10.0,4.2,0.78,20.0,0,0
96483,14.0,15.0,39.0,4.1,0.8,18.0,0,0
96484,14.0,17.0,13.0,4.2,1.0,16.0,0,0
96485,14.0,18.0,15.0,4.1,0.86,14.0,0,0
96486,25.0,17.0,29.0,4.0,0.9,27.0,0,0
96487,11.0,14.0,10.0,4.4,1.0,24.0,0,0
96488,35.0,23.0,47.0,4.2,0.88,12.0,0,0
96489,16.0,20.0,28.0,3.9,0.53,12.0,0,0
96490,6.0,11.0,13.0,4.3,0.74,11.0,0,0
96491,17.0,20.0,15.0,4.2,0.53,13.0,0,0
96495,109.0,63.0,86.0,4.3,1.06,8.0,0,0
96497,13.0,16.0,28.0,3.2,0.59,5.0,0,0
96500,11.0,17.0,13.0,4.3,0.88,10.0,0,0
96501,58.0,35.0,137.0,3.7,0.49,12.0,0,0
96502,12.0,17.0,8.0,3.9,0.75,14.0,0,0
96503,25.0,20.0,40.0,4.4,0.66,17.0,0,0
96504,18.0,21.0,11.0,4.2,0.57,9.0,0,0
96505,11.0,12.0,16.0,3.6,0.84,13.0,0,0
96507,,,,,,,,
96508,15.0,13.0,14.0,4.1,0.53,15.0,0,0
96509,20.0,22.0,26.0,4.8,0.58,7.0,0,0
96510,23.0,19.0,19.0,3.7,0.82,12.0,0,0
96511,32.0,23.0,51.0,4.1,1.17,13.0,0,0
96512,26.0,22.0,49.0,4.1,0.91,20.0,0,0
96513,16.0,23.0,19.0,4.5,0.93,13.0,0,0
96514,17.0,20.0,21.0,4.2,1.04,14.0,0,0
96515,17.0,24.0,30.0,3.9,0.91,13.0,0,0
96516,15.0,21.0,17.0,3.9,0.7,10.0,0,0
96517,13.0,25.0,13.0,4.4,0.78,10.0,0,0
96518,,,,,,,,
96519,11.0,16.0,22.0,4.2,0.71,8.0,0,0
96521,23.0,16.0,28.0,3.6,1.03,23.0,0,0
96522,14.0,20.0,12.0,4.5,0.68,19.0,0,0
96523,22.0,19.0,16.0,3.4,0.67,12.0,0,0
96525,19.0,21.0,15.0,4.1,1.45,25.0,0,0
96526,,,,,,,,
96529,26.0,21.0,73.0,3.9,0.88,19.0,0,0
96532,16.0,14.0,17.0,3.8,0.69,19.0,0,0
96533,,,,,,,,
96534,26.0,36.0,14.0,4.2,0.76,12.0,0,0
96537,12.0,28.0,12.0,4.1,0.75,13.0,0,0
96538,9.0,18.0,24.0,4.2,0.61,11.0,0,0
96540,25.0,28.0,26.0,4.1,0.79,24.0,0,0
96542,8.0,13.0,7.0,3.8,0.61,10.0,0,0
96543,16.0,18.0,21.0,4.1,0.71,10.0,0,0
96544,12.0,20.0,14.0,5.2,0.5,12.0,0,0
96545,62.0,29.0,22.0,4.5,0.62,17.0,0,0
96546,,,,,,,,
96547,13.0,15.0,6.0,4.1,0.64,21.0,0,0
96548,9.0,12.0,12.0,4.2,0.71,17.0,0,0
96550,34.0,26.0,18.0,4.7,0.79,15.0,0,0
96551,61.0,67.0,62.0,4.4,0.64,14.0,0,0
96552,17.0,20.0,12.0,3.9,0.93,12.0,0,0
96553,29.0,22.0,37.0,4.7,0.67,17.0,0,0
96554,24.0,22.0,18.0,4.1,1.06,12.0,0,0
96555,13.0,13.0,54.0,3.6,0.83,13.0,0,0
96557,28.0,20.0,50.0,4.4,1.22,13.0,0,0
96558,17.0,19.0,32.0,4.0,1.11,14.0,0,0
96559,7.0,17.0,19.0,3.8,0.63,5.0,0,0
96560,11.0,23.0,26.0,3.6,1.25,8.0,0,0
96561,12.0,8.0,36.0,3.9,1.35,17.0,0,0
96563,9.0,15.0,9.0,4.6,0.62,10.0,0,0
96565,14.0,18.0,12.0,4.1,0.75,10.0,0,0
96566,25.0,18.0,25.0,4.4,1.37,13.0,0,0
96568,33.0,34.0,24.0,4.2,1.13,18.0,0,0
96569,16.0,18.0,16.0,4.2,0.96,16.0,0,0
96571,37.0,43.0,44.0,3.8,0.58,10.0,0,0
96573,11.0,15.0,13.0,4.2,0.83,13.0,0,0
96574,10.0,13.0,14.0,4.3,0.77,10.0,0,0
96576,47.0,32.0,27.0,4.2,1.15,16.0,0,0
96578,40.0,33.0,23.0,4.7,0.81,12.0,0,0
96580,15.0,12.0,21.0,4.1,0.96,15.0,0,0
96582,28.0,45.0,79.0,4.2,0.99,15.0,0,0
96583,16.0,20.0,56.0,3.8,1.34,12.0,0,0
96585,35.0,30.0,17.0,4.0,0.84,21.0,0,0
96586,16.0,17.0,29.0,3.2,0.68,16.0,0,0
96587,59.0,29.0,57.0,4.1,0.75,12.0,0,0
96588,26.0,33.0,13.0,3.9,0.96,12.0,0,0
96589,33.0,24.0,16.0,4.0,0.61,10.0,0,0
96590,15.0,14.0,15.0,4.2,0.52,13.0,0,0
96592,14.0,12.0,13.0,3.6,1.0,25.0,0,0
96593,19.0,17.0,17.0,3.8,1.0,19.0,0,0
96594,,,,,,,,
96595,27.0,26.0,43.0,4.2,0.57,13.0,0,0
96596,37.0,23.0,49.0,4.7,0.86,17.0,0,0
96598,10.0,13.0,11.0,4.0,0.79,18.0,0,0
96599,39.0,31.0,40.0,4.4,0.82,17.0,0,0
96600,16.0,14.0,13.0,3.3,0.72,5.0,0,0
96602,14.0,22.0,9.0,3.3,1.32,21.0,0,0
96603,20.0,16.0,81.0,3.7,0.94,16.0,0,0
96606,16.0,22.0,14.0,4.5,0.54,16.0,0,0
96607,26.0,25.0,40.0,4.3,1.15,19.0,0,0
96608,,,,,,,,
96609,10.0,16.0,17.0,3.6,0.79,8.0,0,0
96610,,,,,,,,
96614,,,,,,,,
96615,29.0,24.0,20.0,4.4,0.83,19.0,0,0
96616,34.0,24.0,32.0,4.1,0.8,19.0,0,0
96618,65.0,61.0,22.0,3.8,0.57,9.0,0,0
96619,9.0,12.0,13.0,4.4,0.74,13.0,0,0
96622,10.0,9.0,27.0,3.4,0.76,8.0,0,0
96623,18.0,14.0,88.0,4.0,0.85,18.0,0,0
96624,26.0,19.0,23.0,4.5,0.93,15.0,0,0
96625,37.0,25.0,20.0,4.4,0.75,11.0,0,0
96626,32.0,19.0,18.0,4.4,0.85,11.0,0,0
96628,12.0,16.0,19.0,4.0,0.95,17.0,0,0
96629,13.0,19.0,13.0,3.8,0.88,13.0,0,0
96630,47.0,28.0,43.0,4.0,0.74,10.0,0,0
96631,94.0,48.0,32.0,4.2,0.95,13.0,0,0
96633,11.0,15.0,21.0,3.8,1.35,17.0,0,0
96634,25.0,21.0,52.0,4.4,0.84,14.0,0,0
96636,10.0,12.0,14.0,4.0,0.8,12.0,0,0
96637,15.0,24.0,12.0,4.2,0.94,13.0,0,0
96638,115.0,104.0,187.0,3.8,0.7,15.0,0,0
96639,16.0,21.0,27.0,4.4,1.05,23.0,0,0
96641,17.0,24.0,34.0,4.2,1.09,12.0,0,0
96642,17.0,17.0,20.0,4.3,0.87,19.0,0,0
96644,32.0,22.0,31.0,4.7,1.44,21.0,0,0
96646,22.0,21.0,11.0,4.4,0.87,19.0,0,0
96647,12.0,16.0,13.0,4.2,0.66,14.0,0,0
96649,18.0,19.0,56.0,3.5,2.53,25.0,0,0
96651,13.0,11.0,23.0,3.5,0.94,16.0,0,0
96652,28.0,18.0,25.0,4.1,0.86,14.0,0,0
96653,,,,,,,,
96654,20.0,28.0,57.0,4.0,0.88,14.0,0,0
96655,17.0,30.0,18.0,4.9,0.64,16.0,0,0
96656,45.0,34.0,41.0,4.5,1.14,13.0,0,0
96657,37.0,44.0,64.0,4.2,0.93,14.0,0,0
96658,38.0,37.0,26.0,4.1,1.11,22.0,0,0
96659,18.0,24.0,129.0,4.3,0.93,18.0,0,0
96660,20.0,20.0,12.0,4.3,0.64,15.0,0,0
96661,8.0,13.0,19.0,4.2,0.69,10.0,0,0
96663,13.0,18.0,10.0,4.0,0.85,15.0,0,0
96666,,,,,,,,
96667,18.0,14.0,33.0,3.7,0.84,18.0,0,0
96669,12.0,22.0,22.0,4.2,0.69,16.0,0,0
96670,21.0,21.0,10.0,4.2,0.47,9.0,0,0
96671,17.0,18.0,7.0,4.4,0.55,13.0,0,0
96672,24.0,18.0,32.0,4.6,1.08,12.0,0,0
96674,45.0,29.0,49.0,4.4,1.18,14.0,0,0
96675,15.0,17.0,11.0,4.1,0.83,15.0,0,0
96677,17.0,16.0,23.0,4.2,0.85,14.0,0,0
96679,17.0,18.0,13.0,4.5,0.7,16.0,0,0
96681,16.0,15.0,15.0,3.7,0.73,16.0,0,0
96683,25.0,18.0,17.0,3.9,0.7,15.0,0,0
96685,20.0,26.0,15.0,4.0,0.69,10.0,0,0
96687,9.0,17.0,10.0,3.4,0.87,12.0,0,0
96688,27.0,25.0,94.0,4.2,1.07,13.0,0,0
96692,63.0,26.0,50.0,4.5,0.97,23.0,0,0
96693,7.0,17.0,7.0,4.3,0.7,12.0,0,0
96694,33.0,23.0,27.0,4.5,0.85,12.0,0,0
96695,13.0,14.0,9.0,3.9,0.69,13.0,0,0
96696,52.0,27.0,33.0,4.4,0.65,7.0,0,0
96697,15.0,19.0,8.0,4.2,0.74,14.0,0,0
96698,23.0,17.0,24.0,4.3,0.89,19.0,0,0
96699,8.0,12.0,22.0,4.5,0.97,15.0,0,0
96700,24.0,22.0,27.0,4.0,1.2,21.0,0,0
96701,3.0,14.0,10.0,3.6,1.32,17.0,0,0
96704,8.0,16.0,10.0,3.8,2.61,32.0,0,0
96705,16.0,21.0,16.0,4.4,0.88,18.0,0,0
96706,27.0,20.0,26.0,4.4,0.93,12.0,0,0
96707,16.0,20.0,22.0,4.4,1.19,18.0,0,0
96708,63.0,57.0,16.0,4.1,0.75,20.0,0,0
96711,19.0,23.0,14.0,4.4,0.72,8.0,0,0
96712,11.0,16.0,14.0,3.8,1.13,24.0,0,0
96715,18.0,20.0,31.0,3.6,0.67,18.0,0,0
96718,16.0,17.0,22.0,4.4,0.96,24.0,0,0
96719,12.0,11.0,22.0,3.5,0.55,12.0,0,0
96720,30.0,24.0,20.0,4.3,1.02,18.0,0,0
96721,14.0,11.0,17.0,3.7,0.58,11.0,0,0
96722,25.0,21.0,28.0,3.9,0.86,19.0,0,0
96723,11.0,14.0,13.0,4.0,0.53,12.0,0,0
96725,31.0,23.0,12.0,4.3,0.62,10.0,0,0
96726,32.0,27.0,27.0,3.9,0.83,17.0,0,0
96727,11.0,19.0,20.0,3.7,1.78,36.0,0,0
96730,15.0,16.0,18.0,4.2,0.94,21.0,0,0
96731,18.0,16.0,18.0,3.7,1.07,9.0,0,0
96732,21.0,23.0,31.0,4.1,1.17,26.0,0,0
96733,,,,,,,,
96734,8.0,12.0,14.0,3.8,0.73,12.0,0,0
96736,20.0,20.0,17.0,4.3,0.9,13.0,0,0
96737,11.0,16.0,11.0,4.0,0.64,10.0,0,0
96739,,,,,,,,
96740,78.0,59.0,44.0,3.9,0.58,9.0,0,0
96743,34.0,24.0,22.0,4.3,0.97,10.0,0,0
96744,33.0,29.0,39.0,4.3,0.98,10.0,0,0
96745,14.0,14.0,25.0,3.5,0.94,16.0,0,0
96746,15.0,18.0,11.0,4.3,1.15,12.0,0,0
96748,15.0,14.0,12.0,3.4,0.71,13.0,0,0
96750,13.0,14.0,22.0,4.1,0.49,8.0,0,0
96751,9.0,15.0,13.0,3.9,0.74,13.0,0,0
96752,26.0,41.0,32.0,3.6,0.51,12.0,0,0
96753,11.0,18.0,58.0,4.1,1.79,28.0,0,0
96754,12.0,17.0,25.0,4.0,0.84,16.0,0,0
96756,29.0,21.0,9.0,3.5,0.8,12.0,0,0
96758,17.0,15.0,14.0,3.8,0.78,9.0,0,0
96759,30.0,18.0,40.0,4.0,0.61,10.0,0,0
96760,46.0,33.0,53.0,4.0,0.77,11.0,0,0
96763,16.0,21.0,14.0,4.4,0.73,18.0,0,0
96764,36.0,27.0,40.0,4.2,1.0,19.0,0,0
96765,,,,,,,,
96766,9.0,16.0,8.0,3.4,0.81,12.0,0,0
96768,12.0,17.0,129.0,4.1,0.9,17.0,0,0
96770,15.0,24.0,12.0,3.9,0.7,14.0,0,0
96771,22.0,24.0,15.0,3.9,0.89,23.0,0,0
96774,9.0,11.0,8.0,4.6,0.52,8.0,0,0
96775,,,,,,,,
96776,19.0,22.0,16.0,5.1,0.76,13.0,0,0
96777,31.0,25.0,37.0,3.8,0.86,11.0,0,0
96778,11.0,19.0,7.0,3.5,0.82,11.0,0,0
96780,22.0,22.0,24.0,4.0,0.92,11.0,0,0
96783,12.0,14.0,13.0,3.8,0.7,20.0,0,0
96784,15.0,15.0,15.0,4.0,0.67,12.0,0,0
96785,,,,,,,,
96787,16.0,19.0,14.0,4.4,0.6,14.0,0,0
96788,21.0,22.0,15.0,3.8,0.83,11.0,0,0
96789,10.0,19.0,18.0,3.8,1.23,32.0,0,0
96790,22.0,18.0,82.0,3.4,0.74,11.0,0,0
96792,11.0,14.0,16.0,4.6,0.75,17.0,0,0
96793,17.0,19.0,19.0,4.1,0.91,8.0,0,0
96795,118.0,49.0,128.0,4.3,0.94,20.0,0,0
96798,32.0,20.0,62.0,4.0,1.13,28.0,0,0
96799,13.0,19.0,15.0,4.0,1.44,20.0,0,0
96800,25.0,22.0,38.0,3.8,1.2,13.0,0,0
96804,22.0,19.0,42.0,4.4,1.19,24.0,0,0
96805,16.0,18.0,19.0,4.0,0.75,12.0,0,0
96806,,,,,,,,
96809,15.0,19.0,7.0,3.9,1.07,12.0,0,0
96810,9.0,12.0,7.0,3.8,0.53,14.0,0,0
96811,,,,,,,,
96812,20.0,28.0,28.0,4.5,1.43,30.0,0,0
96813,,,,,,,,
96815,15.0,13.0,16.0,4.0,0.92,18.0,0,0
96816,14.0,13.0,28.0,4.1,0.66,11.0,0,0
96817,18.0,15.0,9.0,4.4,0.57,8.0,0,0
96818,17.0,36.0,16.0,4.4,1.16,11.0,0,0
96820,10.0,13.0,13.0,4.3,0.96,4.0,0,0
96821,16.0,16.0,16.0,4.3,0.99,19.0,0,0
96822,20.0,19.0,17.0,4.9,0.84,12.0,0,0
96823,8.0,22.0,11.0,4.4,0.8,17.0,0,0
96826,19.0,17.0,16.0,4.4,0.69,15.0,0,0
96827,38.0,35.0,41.0,3.8,0.34,17.0,0,0
96829,17.0,14.0,24.0,4.2,0.72,11.0,0,0
96830,58.0,47.0,41.0,4.5,0.98,19.0,0,0
96833,23.0,19.0,17.0,4.0,0.62,8.0,0,0
96834,34.0,36.0,42.0,3.6,1.83,18.0,0,0
96835,17.0,18.0,18.0,4.0,0.68,16.0,0,0
96836,14.0,13.0,54.0,4.0,0.76,12.0,0,0
96838,10.0,14.0,20.0,4.0,0.67,9.0,0,0
96839,13.0,11.0,14.0,3.8,0.74,8.0,0,0
96840,36.0,30.0,35.0,4.7,0.95,20.0,0,0
96841,14.0,17.0,44.0,4.1,0.68,19.0,0,0
96842,20.0,21.0,12.0,4.1,0.79,12.0,0,0
96843,40.0,28.0,29.0,4.3,0.81,14.0,0,0
96844,32.0,23.0,32.0,4.7,0.88,13.0,0,0
96847,11.0,17.0,20.0,4.4,0.95,14.0,0,0
96848,11.0,14.0,18.0,3.5,0.56,13.0,0,0
96850,53.0,24.0,18.0,4.4,0.8,18.0,0,0
96851,23.0,20.0,30.0,4.0,0.8,16.0,0,0
96852,51.0,40.0,30.0,3.9,0.75,19.0,0,0
96854,,,,,,,,
96855,,,,,,,,
96859,9.0,18.0,13.0,4.6,0.85,13.0,0,0
96860,10.0,15.0,5.0,3.8,0.73,10.0,0,0
96862,14.0,18.0,49.0,3.7,0.72,9.0,0,0
96863,32.0,24.0,22.0,4.2,1.19,13.0,0,0
96865,12.0,16.0,42.0,4.1,0.76,12.0,0,0
96866,30.0,32.0,15.0,3.7,0.93,21.0,0,0
96868,,,,,,,,
96869,22.0,18.0,37.0,3.6,1.47,31.0,0,0
96871,13.0,21.0,30.0,3.9,1.6,25.0,0,0
96873,19.0,21.0,11.0,3.2,0.98,17.0,0,0
96874,11.0,14.0,17.0,4.2,0.79,9.0,0,0
96875,23.0,26.0,37.0,4.0,0.68,14.0,0,0
96876,25.0,27.0,25.0,3.6,1.19,34.0,0,0
96877,13.0,16.0,20.0,3.8,1.09,20.0,0,0
96878,15.0,19.0,28.0,4.1,1.16,18.0,0,0
96879,16.0,20.0,13.0,3.2,0.52,9.0,0,0
96881,14.0,25.0,19.0,3.5,0.74,8.0,0,0
96882,14.0,16.0,14.0,3.9,0.64,9.0,0,0
96884,11.0,16.0,11.0,3.9,0.86,13.0,0,0
96885,29.0,19.0,20.0,4.4,0.58,10.0,0,0
96887,24.0,31.0,17.0,3.9,0.64,9.0,0,0
96890,15.0,17.0,22.0,4.6,0.9,10.0,0,0
96891,10.0,12.0,19.0,4.1,0.8,9.0,0,0
96892,30.0,20.0,152.0,4.7,0.75,23.0,0,0
96893,48.0,32.0,75.0,4.1,0.73,11.0,0,0
96894,,,,,,,,
96895,33.0,23.0,30.0,3.9,0.73,9.0,0,0
96896,12.0,14.0,13.0,4.0,0.78,14.0,0,0
96897,12.0,17.0,13.0,4.4,0.64,14.0,0,0
96898,15.0,20.0,16.0,4.0,0.91,13.0,0,0
96899,29.0,30.0,16.0,4.1,1.12,9.0,0,0
96900,48.0,30.0,49.0,4.8,0.86,15.0,0,0
96901,10.0,12.0,12.0,4.1,0.61,12.0,0,0
96902,28.0,,57.0,4.3,0.77,10.0,0,0
96903,,,,,,,,
96906,18.0,21.0,18.0,3.9,1.01,20.0,0,0
96907,13.0,16.0,17.0,3.6,0.85,15.0,0,0
96908,45.0,36.0,65.0,4.7,0.67,14.0,0,0
96912,20.0,27.0,42.0,3.9,0.81,16.0,0,0
96913,12.0,15.0,13.0,4.1,0.64,12.0,0,0
96915,22.0,17.0,19.0,4.2,1.0,21.0,0,0
96916,14.0,22.0,15.0,3.8,0.66,18.0,0,0
96919,11.0,22.0,9.0,4.9,0.43,8.0,0,0
96921,26.0,21.0,56.0,4.1,1.13,24.0,0,0
96922,44.0,29.0,54.0,4.1,0.86,25.0,0,0
96924,8.0,13.0,18.0,4.0,0.49,10.0,0,0
96925,181.0,69.0,67.0,4.5,0.75,13.0,0,0
96926,19.0,17.0,33.0,4.0,0.98,19.0,0,0
96927,26.0,17.0,59.0,4.5,0.94,22.0,0,0
96928,9.0,15.0,30.0,4.2,1.03,14.0,0,0
96930,13.0,18.0,27.0,4.6,0.95,16.0,0,0
96933,24.0,31.0,26.0,4.2,0.64,14.0,0,0
96934,42.0,109.0,286.0,2.6,0.37,4.0,0,0
96935,19.0,17.0,36.0,4.3,0.83,18.0,0,0
96937,15.0,21.0,11.0,3.9,0.73,20.0,0,0
96938,19.0,15.0,22.0,4.6,0.66,15.0,0,0
96939,9.0,12.0,11.0,3.9,0.56,9.0,0,0
96940,23.0,30.0,56.0,4.1,0.82,17.0,0,0
96941,14.0,18.0,30.0,3.5,0.78,11.0,0,0
96942,11.0,18.0,14.0,4.8,0.79,11.0,0,0
96944,33.0,42.0,40.0,3.5,1.41,21.0,0,0
96945,33.0,24.0,18.0,4.0,0.88,16.0,0,0
96946,64.0,39.0,44.0,4.1,1.54,17.0,0,0
96948,,,,,,,,
96951,15.0,16.0,27.0,4.1,0.79,13.0,0,0
96952,27.0,22.0,18.0,4.4,0.71,18.0,0,0
96953,13.0,17.0,24.0,4.2,0.92,15.0,0,0
96954,52.0,31.0,39.0,4.4,0.62,17.0,0,0
96955,14.0,13.0,33.0,4.0,0.86,8.0,0,0
96956,,,,,,,,
96958,10.0,12.0,18.0,3.8,0.67,14.0,0,0
96959,19.0,15.0,19.0,4.3,0.94,9.0,0,0
96960,18.0,12.0,31.0,3.8,0.77,12.0,0,0
96961,15.0,21.0,30.0,4.3,0.78,17.0,0,0
96962,22.0,,12.0,4.2,0.69,13.0,0,0
96964,17.0,18.0,37.0,4.1,1.04,10.0,0,0
96965,21.0,17.0,20.0,3.8,1.23,19.0,0,0
96966,5.0,10.0,10.0,3.9,0.56,4.0,0,0
96967,12.0,14.0,13.0,4.3,0.4,10.0,0,0
96968,16.0,15.0,14.0,4.1,0.57,10.0,0,0
96969,26.0,21.0,31.0,4.2,0.72,13.0,0,0
96970,9.0,9.0,13.0,4.0,0.5,12.0,0,0
96971,13.0,22.0,10.0,4.3,0.71,12.0,0,0
96972,,,,,,,,
96975,,,,,,,,
96976,18.0,16.0,28.0,3.9,0.91,19.0,0,0
96978,14.0,10.0,52.0,4.3,1.18,16.0,0,0
96979,12.0,14.0,21.0,4.1,0.64,11.0,0,0
96980,28.0,24.0,14.0,4.5,0.73,11.0,0,0
96981,20.0,20.0,26.0,4.4,0.6,11.0,0,0
96983,20.0,18.0,26.0,4.1,1.03,21.0,0,0
96984,12.0,17.0,17.0,3.8,0.78,10.0,0,0
96985,14.0,22.0,23.0,4.2,1.34,25.0,0,0
96989,17.0,17.0,58.0,4.0,0.76,11.0,0,0
96990,49.0,24.0,27.0,4.3,0.84,14.0,0,0
96992,17.0,17.0,23.0,4.2,1.12,11.0,0,0
96993,64.0,40.0,38.0,4.0,0.93,18.0,0,0
96994,13.0,11.0,19.0,3.6,0.85,12.0,0,0
96996,20.0,19.0,24.0,4.1,0.57,14.0,0,0
96998,16.0,14.0,27.0,3.8,0.61,15.0,0,0
97000,37.0,33.0,74.0,4.1,0.92,14.0,0,0
97003,12.0,18.0,20.0,4.8,0.92,12.0,0,0
97004,9.0,17.0,7.0,4.8,0.59,12.0,0,0
97008,31.0,25.0,15.0,4.2,0.4,7.0,0,0
97009,,,,,,,,
97011,19.0,25.0,21.0,4.2,0.81,10.0,0,0
97012,7.0,17.0,11.0,4.5,0.77,9.0,0,0
97013,25.0,51.0,94.0,3.6,0.75,6.0,0,0
97015,15.0,14.0,31.0,3.7,0.98,22.0,0,0
97017,23.0,24.0,20.0,4.2,0.75,10.0,0,0
97018,16.0,19.0,12.0,4.0,0.93,13.0,0,0
97019,,,,,,,,
97020,14.0,16.0,23.0,3.6,0.38,16.0,0,0
97021,34.0,20.0,21.0,4.5,1.16,11.0,0,0
97022,35.0,21.0,38.0,4.3,0.83,10.0,0,0
97023,13.0,18.0,11.0,4.4,0.79,19.0,0,0
97024,27.0,28.0,10.0,3.6,0.8,16.0,0,0
97025,16.0,19.0,17.0,3.6,0.43,14.0,0,0
97026,25.0,22.0,11.0,3.9,1.13,28.0,0,0
97027,8.0,14.0,11.0,4.3,0.75,11.0,0,0
97028,15.0,16.0,29.0,4.4,0.8,11.0,0,0
97029,24.0,32.0,45.0,4.4,1.11,22.0,0,0
97030,28.0,25.0,34.0,4.2,0.68,24.0,0,0
97031,15.0,18.0,14.0,4.1,0.79,7.0,0,0
97032,17.0,23.0,16.0,4.2,0.93,22.0,0,0
97033,20.0,18.0,28.0,3.9,0.58,15.0,0,0
97034,14.0,17.0,8.0,4.3,0.65,9.0,0,0
97035,20.0,18.0,13.0,3.8,0.79,8.0,0,0
97036,,,,,,,,
97037,,,,,,,,
97038,,,,,,,,
97039,31.0,23.0,48.0,4.8,0.64,10.0,0,0
97040,47.0,39.0,36.0,4.0,0.91,12.0,0,0
97041,8.0,12.0,11.0,4.0,0.73,13.0,0,0
97042,15.0,29.0,10.0,4.6,0.72,11.0,0,0
97043,9.0,12.0,7.0,4.8,0.63,10.0,0,0
97044,9.0,14.0,12.0,4.6,0.63,7.0,0,0
97046,16.0,16.0,30.0,4.4,1.3,14.0,0,0
97048,11.0,14.0,10.0,4.0,0.83,13.0,0,0
97049,23.0,20.0,24.0,4.3,0.86,10.0,0,0
97050,17.0,19.0,20.0,4.3,0.58,17.0,0,0
97051,30.0,23.0,35.0,4.5,0.85,24.0,0,0
97054,28.0,27.0,28.0,3.9,0.91,13.0,0,0
97055,38.0,36.0,28.0,4.3,0.86,11.0,0,0
97056,8.0,6.0,14.0,3.3,10.96,57.0,0,0
97057,16.0,21.0,12.0,4.2,0.73,13.0,0,0
97058,,,,,,,,
97059,17.0,17.0,21.0,3.7,0.96,11.0,0,0
97060,17.0,23.0,18.0,4.5,0.97,9.0,0,0
97063,19.0,23.0,21.0,4.5,1.02,21.0,0,0
97064,17.0,20.0,25.0,4.1,0.84,14.0,0,0
97065,16.0,21.0,35.0,4.4,0.98,16.0,0,0
97067,20.0,16.0,27.0,4.2,1.0,11.0,0,0
97069,,,,,,,,
97070,18.0,23.0,12.0,4.1,0.9,13.0,0,0
97071,13.0,13.0,31.0,4.4,0.61,10.0,0,0
97075,,,,,,,,
97076,38.0,26.0,27.0,4.3,1.22,14.0,0,0
97077,13.0,14.0,22.0,4.1,0.86,16.0,0,0
97078,13.0,16.0,15.0,3.8,0.78,12.0,0,0
97080,9.0,28.0,12.0,4.0,0.66,24.0,0,0
97088,16.0,14.0,9.0,4.2,0.94,21.0,0,0
97092,14.0,15.0,8.0,3.8,0.63,8.0,0,0
97093,7.0,15.0,14.0,3.7,0.81,7.0,0,0
97094,17.0,14.0,64.0,4.3,0.6,12.0,0,0
97095,30.0,29.0,30.0,4.0,0.68,9.0,0,0
97096,18.0,19.0,18.0,4.1,0.74,15.0,0,0
97097,32.0,21.0,28.0,4.0,0.79,14.0,0,0
97098,16.0,,12.0,4.7,0.83,14.0,0,0
97099,17.0,25.0,13.0,3.9,0.96,20.0,0,0
97100,38.0,28.0,25.0,4.3,0.93,11.0,0,0
97102,27.0,39.0,67.0,3.6,0.81,22.0,0,0
97103,14.0,15.0,12.0,4.1,0.83,9.0,0,0
97104,44.0,25.0,20.0,4.3,1.05,19.0,0,0
97105,25.0,18.0,23.0,4.7,1.02,18.0,0,0
97106,10.0,13.0,9.0,4.2,0.76,13.0,0,0
97107,,,,,,,,
97108,23.0,21.0,37.0,4.5,0.88,18.0,0,0
97109,14.0,20.0,12.0,3.4,0.96,18.0,0,0
97111,48.0,30.0,52.0,4.3,0.97,12.0,0,0
97112,14.0,18.0,15.0,4.2,0.73,14.0,0,0
97114,2.0,12.0,10.0,4.4,0.54,14.0,1,0
97115,42.0,28.0,24.0,4.8,0.83,15.0,0,0
97116,15.0,15.0,13.0,4.4,0.63,14.0,0,0
97117,33.0,31.0,22.0,4.4,0.74,17.0,0,0
97118,15.0,18.0,27.0,4.1,0.93,13.0,0,0
97120,11.0,17.0,11.0,3.7,0.82,14.0,0,0
97121,57.0,40.0,21.0,4.5,0.75,14.0,0,0
97122,15.0,18.0,13.0,3.9,0.72,10.0,0,0
97123,12.0,18.0,10.0,4.2,0.46,6.0,0,0
97124,26.0,16.0,24.0,4.0,1.12,23.0,0,0
97125,23.0,28.0,24.0,4.3,1.0,15.0,0,0
97127,16.0,13.0,12.0,4.4,0.92,17.0,0,0
97128,19.0,19.0,34.0,3.8,0.58,11.0,0,0
97129,14.0,16.0,12.0,4.4,0.59,11.0,0,0
97130,34.0,,16.0,4.5,0.91,15.0,0,0
97131,13.0,18.0,25.0,3.7,0.76,13.0,0,0
97133,42.0,52.0,169.0,3.9,0.52,10.0,0,0
97135,13.0,17.0,15.0,4.6,0.69,17.0,0,0
97137,19.0,29.0,39.0,3.7,0.95,8.0,0,0
97138,16.0,21.0,9.0,4.1,0.8,13.0,0,0
97139,19.0,20.0,15.0,4.8,0.99,19.0,0,0
97140,25.0,19.0,34.0,3.7,0.58,11.0,0,0
97142,17.0,22.0,59.0,4.0,0.6,12.0,0,0
97143,12.0,15.0,23.0,4.2,1.02,17.0,0,0
97144,16.0,13.0,11.0,4.2,0.92,8.0,0,0
97145,22.0,21.0,13.0,3.9,0.76,19.0,0,0
97146,14.0,16.0,17.0,4.1,0.69,9.0,0,0
97147,10.0,15.0,10.0,4.1,0.45,9.0,0,0
97149,12.0,25.0,27.0,4.1,0.67,14.0,0,0
97150,30.0,32.0,81.0,3.8,1.15,14.0,0,0
97152,14.0,17.0,6.0,3.9,0.63,14.0,0,0
97153,36.0,23.0,46.0,4.2,1.11,14.0,0,0
97155,12.0,18.0,19.0,3.7,0.96,8.0,0,0
97156,31.0,22.0,32.0,4.1,0.73,8.0,0,0
97157,21.0,19.0,13.0,4.6,0.91,16.0,0,0
97160,16.0,17.0,12.0,3.9,0.77,13.0,0,0
97161,92.0,134.0,145.0,3.5,0.82,19.0,0,0
97163,33.0,23.0,47.0,4.5,0.86,14.0,0,0
97164,10.0,14.0,14.0,3.6,0.63,13.0,0,0
97165,,,,,,,,
97166,10.0,12.0,15.0,4.2,0.73,11.0,0,0
97167,,,,,,,,
97168,16.0,19.0,10.0,4.3,1.02,27.0,0,0
97169,13.0,14.0,31.0,3.9,0.7,14.0,0,0
97171,14.0,15.0,11.0,4.1,0.64,15.0,0,0
97173,13.0,17.0,14.0,4.0,0.79,5.0,0,0
97174,16.0,21.0,22.0,3.9,0.7,19.0,0,0
97176,21.0,20.0,58.0,3.9,0.51,16.0,0,0
97177,71.0,43.0,70.0,4.5,0.92,22.0,0,0
97178,15.0,14.0,49.0,3.9,0.65,11.0,0,0
97179,16.0,17.0,10.0,4.5,0.48,12.0,0,0
97180,15.0,16.0,4.0,3.9,0.91,23.0,0,0
97181,15.0,14.0,20.0,4.2,0.86,20.0,0,0
97182,16.0,20.0,26.0,4.5,0.79,10.0,0,0
97183,,,,,,,,
97184,7.0,17.0,10.0,4.0,0.77,12.0,0,0
97186,50.0,42.0,46.0,4.7,0.91,18.0,0,0
97187,22.0,18.0,20.0,4.1,0.54,13.0,0,0
97188,14.0,16.0,25.0,4.1,0.92,8.0,0,0
97189,18.0,22.0,12.0,3.7,0.85,15.0,0,0
97191,14.0,17.0,18.0,4.0,0.66,6.0,0,0
97192,22.0,30.0,25.0,4.4,1.3,15.0,0,0
97193,42.0,31.0,82.0,4.0,0.85,11.0,0,0
97194,22.0,19.0,37.0,4.3,0.86,19.0,0,0
97197,,,,,,,,
97198,17.0,22.0,14.0,4.4,1.01,27.0,0,0
97199,15.0,14.0,10.0,4.2,0.7,12.0,0,0
97200,17.0,21.0,18.0,4.6,1.41,12.0,0,0
97201,20.0,29.0,28.0,3.9,0.96,12.0,0,0
97204,11.0,20.0,20.0,3.6,1.02,18.0,0,0
97206,28.0,27.0,25.0,3.8,1.21,13.0,0,0
97208,27.0,26.0,25.0,3.9,1.09,14.0,0,0
97209,13.0,18.0,11.0,3.9,0.71,15.0,0,0
97210,76.0,76.0,80.0,4.2,0.64,14.0,0,0
97211,11.0,17.0,21.0,4.3,2.01,30.0,0,0
97212,15.0,25.0,13.0,4.1,0.74,16.0,0,0
97215,10.0,15.0,35.0,4.0,1.77,51.0,0,0
97216,17.0,18.0,13.0,3.6,0.7,22.0,0,0
97217,9.0,14.0,16.0,4.3,0.66,15.0,0,0
97218,12.0,16.0,17.0,4.4,0.81,12.0,0,0
97221,21.0,26.0,21.0,4.1,0.93,18.0,0,0
97222,20.0,14.0,27.0,3.6,0.65,13.0,0,0
97223,15.0,20.0,29.0,4.3,1.25,19.0,0,0
97224,17.0,29.0,33.0,4.7,1.11,19.0,0,0
97225,18.0,23.0,86.0,4.0,0.7,18.0,0,0
97228,8.0,14.0,12.0,3.8,0.78,8.0,0,0
97229,12.0,22.0,26.0,4.4,1.24,21.0,0,0
97231,29.0,46.0,50.0,4.3,0.52,10.0,0,0
97232,11.0,18.0,14.0,4.7,0.96,14.0,0,0
97233,24.0,22.0,20.0,4.3,0.65,11.0,0,0
97234,17.0,19.0,16.0,4.1,0.67,10.0,0,0
97235,15.0,12.0,41.0,3.5,0.79,8.0,0,0
97236,15.0,18.0,14.0,4.4,1.13,18.0,0,0
97237,13.0,17.0,14.0,4.1,0.87,17.0,0,0
97239,12.0,17.0,14.0,4.7,0.68,7.0,0,0
97240,11.0,14.0,11.0,3.8,0.73,15.0,0,0
97241,,,,,,,,
97242,14.0,16.0,16.0,4.4,1.08,17.0,0,0
97244,15.0,18.0,11.0,4.7,0.67,11.0,0,0
97245,14.0,9.0,22.0,4.2,0.89,15.0,0,0
97247,25.0,16.0,30.0,4.3,1.03,21.0,0,0
97248,35.0,21.0,62.0,4.0,1.16,22.0,0,0
97249,8.0,10.0,16.0,3.3,0.63,9.0,0,0
97250,21.0,18.0,17.0,4.5,0.94,17.0,0,0
97251,28.0,26.0,39.0,4.1,1.18,14.0,0,0
97252,11.0,16.0,39.0,3.4,0.68,20.0,0,0
97253,25.0,28.0,20.0,3.8,1.06,15.0,0,0
97255,56.0,54.0,25.0,4.1,0.31,13.0,0,0
97256,19.0,21.0,73.0,3.6,0.81,10.0,0,0
97257,16.0,21.0,10.0,4.2,0.88,12.0,0,0
97258,12.0,18.0,11.0,4.9,0.66,9.0,0,0
97259,29.0,40.0,59.0,4.4,0.66,9.0,0,0
97260,17.0,15.0,26.0,4.0,0.69,15.0,0,0
97261,50.0,27.0,26.0,4.9,0.99,14.0,0,0
97262,20.0,17.0,56.0,4.4,0.65,11.0,0,0
97263,13.0,21.0,6.0,4.1,0.68,13.0,0,0
97264,54.0,87.0,140.0,3.3,0.6,18.0,0,0
97266,17.0,21.0,19.0,4.3,0.89,4.0,0,0
97268,6.0,13.0,23.0,4.4,0.87,15.0,0,0
97270,12.0,15.0,18.0,4.1,0.78,10.0,0,0
97272,42.0,38.0,69.0,3.5,1.81,28.0,0,0
97274,16.0,21.0,25.0,4.0,0.84,9.0,0,0
97275,10.0,15.0,9.0,3.7,0.52,10.0,0,0
97277,26.0,21.0,43.0,3.7,0.79,12.0,0,0
97278,11.0,15.0,12.0,3.4,0.78,9.0,0,0
97279,18.0,19.0,15.0,4.1,0.78,13.0,0,0
97280,45.0,37.0,83.0,3.9,0.8,15.0,0,0
97282,,,,,,,,
97284,13.0,19.0,25.0,4.5,0.78,10.0,0,0
97285,20.0,20.0,15.0,4.3,0.83,12.0,0,0
97287,17.0,14.0,22.0,3.8,0.55,17.0,0,0
97289,15.0,18.0,15.0,4.3,0.91,13.0,0,0
97292,,,,,,,,
97293,21.0,22.0,45.0,3.5,0.61,16.0,0,0
97297,31.0,31.0,14.0,4.3,0.51,12.0,0,0
97298,11.0,20.0,9.0,4.3,0.52,9.0,0,0
97299,27.0,20.0,27.0,4.2,0.82,15.0,0,0
97301,52.0,37.0,48.0,4.3,1.34,13.0,0,0
97302,22.0,23.0,14.0,4.0,0.42,13.0,0,0
97304,7.0,12.0,8.0,3.5,0.71,15.0,0,0
97305,21.0,24.0,17.0,4.5,0.94,16.0,0,0
97306,19.0,19.0,24.0,4.1,0.75,12.0,0,0
97307,27.0,27.0,159.0,3.7,0.81,9.0,0,0
97308,13.0,15.0,12.0,3.7,0.69,13.0,0,0
97313,12.0,14.0,12.0,3.9,0.77,12.0,0,0
97314,,,,,,,,
97315,,,,,,,,
97316,40.0,28.0,55.0,4.5,0.81,15.0,0,0
97319,31.0,20.0,114.0,4.1,0.99,12.0,0,0
97320,15.0,18.0,17.0,3.9,0.77,11.0,0,0
97321,21.0,23.0,21.0,4.1,0.84,9.0,0,0
97322,107.0,92.0,116.0,3.3,0.87,13.0,0,0
97323,16.0,21.0,17.0,4.1,0.54,14.0,0,0
97324,,,,,,,,
97325,41.0,29.0,14.0,4.4,0.67,13.0,0,0
97326,14.0,14.0,18.0,3.5,0.71,19.0,0,0
97327,13.0,16.0,29.0,4.0,1.62,28.0,0,0
97329,14.0,19.0,9.0,4.7,0.63,8.0,0,0
97330,19.0,14.0,27.0,3.9,0.95,16.0,0,0
97332,7.0,13.0,9.0,3.9,1.22,29.0,0,0
97333,8.0,13.0,14.0,3.8,0.49,12.0,0,0
97334,31.0,32.0,295.0,3.6,1.35,15.0,0,0
97335,,,,,,,,
97336,19.0,21.0,11.0,4.1,0.81,12.0,0,0
97337,21.0,22.0,49.0,4.0,1.89,23.0,0,0
97338,23.0,22.0,35.0,3.7,0.65,10.0,0,0
97339,14.0,19.0,19.0,4.4,1.02,14.0,0,0
97343,11.0,16.0,12.0,4.0,0.74,8.0,0,0
97345,12.0,18.0,25.0,3.9,0.78,11.0,0,0
97348,17.0,27.0,9.0,3.9,0.98,15.0,0,0
97349,13.0,12.0,20.0,3.5,0.49,9.0,0,0
97351,15.0,20.0,11.0,4.6,0.56,11.0,0,0
97352,25.0,26.0,24.0,4.1,1.02,19.0,0,0
97353,16.0,23.0,12.0,3.9,1.98,26.0,0,0
97354,21.0,13.0,18.0,4.4,0.62,9.0,0,0
97356,17.0,18.0,13.0,4.0,0.45,8.0,0,0
97357,16.0,16.0,22.0,4.0,1.24,24.0,0,0
97358,14.0,14.0,10.0,4.2,0.73,12.0,0,0
97359,,,,,,,,
97360,21.0,19.0,17.0,4.2,0.92,11.0,0,0
97361,15.0,17.0,21.0,4.2,1.0,13.0,0,0
97362,10.0,15.0,11.0,4.4,1.1,18.0,0,0
97364,13.0,16.0,10.0,4.1,0.88,13.0,0,0
97365,8.0,15.0,16.0,4.4,0.71,9.0,0,0
97367,10.0,15.0,15.0,4.2,0.8,17.0,0,0
97370,28.0,21.0,31.0,4.1,0.73,22.0,0,0
97371,23.0,20.0,21.0,4.3,0.61,13.0,0,0
97372,12.0,15.0,11.0,4.3,0.66,16.0,0,0
97373,10.0,14.0,23.0,4.2,0.85,9.0,0,0
97374,13.0,13.0,25.0,3.8,1.07,19.0,0,0
97375,37.0,30.0,21.0,4.1,1.21,21.0,0,0
97377,15.0,17.0,13.0,4.1,0.71,15.0,0,0
97378,10.0,14.0,6.0,3.7,0.62,10.0,0,0
97379,39.0,29.0,29.0,4.1,0.92,14.0,0,0
97380,49.0,18.0,30.0,4.4,0.74,18.0,0,0
97381,17.0,23.0,13.0,3.9,1.4,22.0,0,0
97382,29.0,22.0,28.0,4.6,1.1,20.0,0,0
97383,19.0,14.0,19.0,4.0,1.15,15.0,0,0
97384,21.0,19.0,19.0,4.0,0.87,11.0,0,0
97385,10.0,18.0,6.0,4.2,0.57,7.0,0,0
97386,15.0,12.0,24.0,3.6,1.27,13.0,0,0
97387,37.0,33.0,21.0,4.6,0.7,11.0,0,0
97388,9.0,11.0,10.0,3.6,1.6,24.0,0,0
97389,11.0,24.0,33.0,3.1,0.83,13.0,0,0
97390,21.0,22.0,16.0,3.8,0.96,17.0,0,0
97391,27.0,29.0,38.0,4.6,0.89,14.0,0,0
97392,,,,,,,,
97394,20.0,31.0,15.0,4.2,0.82,9.0,0,0
97395,,,,,,,,
97396,34.0,23.0,68.0,4.4,0.97,21.0,0,0
97397,22.0,21.0,19.0,4.5,0.98,15.0,0,0
97398,24.0,22.0,32.0,4.3,1.15,16.0,0,0
97400,14.0,19.0,12.0,4.3,0.86,13.0,0,0
97402,26.0,22.0,5.0,4.6,0.67,14.0,0,0
97403,13.0,21.0,17.0,4.1,1.14,23.0,0,0
97407,35.0,35.0,369.0,4.2,0.84,12.0,0,0
97408,28.0,27.0,29.0,4.0,1.58,14.0,0,0
97409,22.0,35.0,18.0,4.5,1.01,15.0,0,0
97410,14.0,16.0,6.0,4.2,0.5,9.0,0,0
97411,22.0,17.0,13.0,4.0,0.44,10.0,0,0
97412,19.0,21.0,18.0,4.1,1.1,14.0,0,0
97415,21.0,19.0,62.0,4.2,1.11,22.0,0,0
97417,18.0,13.0,64.0,4.4,0.57,8.0,0,0
97418,13.0,14.0,18.0,4.2,0.67,12.0,0,0
97419,17.0,21.0,15.0,4.3,0.57,13.0,0,0
97420,16.0,19.0,27.0,4.1,1.24,20.0,0,0
97422,12.0,22.0,12.0,3.8,1.27,20.0,0,0
97423,16.0,18.0,27.0,3.8,0.63,9.0,0,0
97424,16.0,13.0,19.0,3.7,1.24,19.0,0,0
97425,11.0,13.0,18.0,4.2,1.0,14.0,0,0
97428,21.0,18.0,24.0,4.7,0.74,20.0,0,0
97429,26.0,22.0,34.0,4.0,0.95,29.0,0,0
97430,38.0,21.0,25.0,4.9,0.93,15.0,0,0
97432,24.0,20.0,72.0,4.4,0.93,14.0,0,0
97436,12.0,16.0,21.0,4.0,0.88,12.0,0,0
97437,22.0,24.0,21.0,4.4,0.94,16.0,0,0
97441,30.0,22.0,52.0,3.9,0.82,14.0,0,0
97443,20.0,18.0,25.0,4.2,0.86,14.0,0,0
97444,23.0,21.0,55.0,4.2,0.91,20.0,0,0
97445,23.0,19.0,49.0,4.1,1.34,12.0,0,0
97446,17.0,18.0,18.0,4.3,1.23,23.0,0,0
97448,12.0,17.0,14.0,4.5,0.8,15.0,0,0
97449,13.0,14.0,19.0,4.2,0.66,11.0,0,0
97450,18.0,17.0,13.0,3.8,0.63,10.0,0,0
97451,12.0,15.0,27.0,3.7,0.6,10.0,0,0
97452,15.0,16.0,9.0,3.6,0.6,15.0,0,0
97455,10.0,14.0,15.0,4.0,0.81,19.0,0,0
97456,20.0,21.0,14.0,3.8,1.22,22.0,0,0
97458,11.0,12.0,13.0,4.0,0.71,10.0,0,0
97460,8.0,14.0,18.0,4.1,0.97,18.0,0,0
97462,41.0,29.0,47.0,4.5,0.85,16.0,0,0
97463,11.0,17.0,11.0,4.4,0.49,9.0,0,0
97464,19.0,14.0,25.0,3.9,0.8,15.0,0,0
97465,18.0,17.0,26.0,4.0,0.92,16.0,0,0
97468,42.0,37.0,28.0,4.1,0.89,16.0,0,0
97469,11.0,17.0,17.0,4.5,0.93,8.0,0,0
97471,9.0,13.0,10.0,3.5,0.87,17.0,0,0
97472,21.0,22.0,13.0,4.3,0.93,12.0,0,0
97473,14.0,16.0,19.0,4.4,0.76,11.0,0,0
97474,72.0,33.0,37.0,4.2,0.81,13.0,0,0
97478,20.0,21.0,42.0,4.1,0.71,10.0,0,0
97481,8.0,11.0,10.0,3.4,1.01,11.0,0,0
97482,19.0,18.0,16.0,3.3,0.95,15.0,0,0
97483,37.0,21.0,30.0,4.5,0.98,10.0,0,0
97484,15.0,15.0,24.0,4.2,1.05,11.0,0,0
97485,19.0,17.0,15.0,4.5,0.64,14.0,0,0
97486,15.0,15.0,19.0,4.0,0.73,14.0,0,0
97487,24.0,17.0,84.0,3.7,0.64,14.0,0,0
97488,13.0,19.0,19.0,4.2,0.82,26.0,0,0
97490,13.0,18.0,16.0,4.4,1.03,16.0,0,0
97492,13.0,22.0,13.0,4.3,1.12,13.0,0,0
97495,11.0,13.0,19.0,3.8,0.72,9.0,0,0
97497,18.0,19.0,50.0,3.9,1.4,9.0,0,0
97500,15.0,16.0,48.0,3.7,1.49,26.0,0,0
97501,31.0,17.0,19.0,4.2,0.72,12.0,0,0
97505,36.0,40.0,54.0,4.3,1.18,26.0,0,0
97506,11.0,11.0,15.0,4.2,0.86,19.0,0,0
97507,8.0,13.0,7.0,4.0,0.59,7.0,0,0
97509,18.0,18.0,15.0,4.3,0.67,11.0,0,0
97510,13.0,19.0,16.0,4.2,0.79,16.0,0,0
97512,37.0,27.0,8.0,3.7,0.85,12.0,0,0
97513,17.0,20.0,27.0,3.6,1.0,10.0,0,0
97516,12.0,12.0,13.0,3.5,0.87,17.0,0,0
97517,16.0,14.0,9.0,4.4,0.94,14.0,0,0
97518,13.0,20.0,10.0,4.5,1.09,17.0,0,0
97520,11.0,16.0,18.0,4.2,0.97,18.0,0,0
97521,32.0,24.0,26.0,3.8,0.99,16.0,0,0
97522,11.0,15.0,12.0,4.7,0.82,10.0,0,0
97523,26.0,31.0,38.0,4.1,1.15,36.0,0,0
97524,13.0,16.0,9.0,4.1,0.72,11.0,0,0
97526,,,,,,,,
97527,17.0,15.0,28.0,3.8,0.93,12.0,0,0
97531,,,,,,,,
97532,13.0,22.0,29.0,4.6,1.17,15.0,0,0
97533,23.0,19.0,17.0,4.4,1.01,14.0,0,0
97535,15.0,17.0,26.0,4.1,0.61,16.0,0,0
97536,12.0,19.0,15.0,3.6,0.76,11.0,0,0
97537,9.0,14.0,6.0,2.9,0.47,9.0,0,0
97538,47.0,32.0,25.0,4.5,0.7,15.0,0,0
97539,46.0,23.0,31.0,4.2,1.15,19.0,0,0
97541,22.0,15.0,64.0,3.7,0.77,9.0,0,0
97544,23.0,20.0,18.0,4.3,0.84,18.0,0,0
97545,,,,,,,,
97548,20.0,23.0,17.0,4.2,0.88,18.0,0,0
97549,6.0,14.0,15.0,4.6,0.69,14.0,0,0
97550,25.0,39.0,10.0,4.4,0.86,11.0,0,0
97551,10.0,14.0,13.0,4.1,0.58,8.0,0,0
97554,50.0,41.0,650.0,3.9,0.55,18.0,0,0
97555,9.0,14.0,10.0,4.0,0.69,16.0,0,0
97557,14.0,14.0,17.0,4.2,1.05,36.0,0,0
97558,23.0,26.0,12.0,3.9,0.65,5.0,0,0
97560,28.0,21.0,16.0,4.3,1.07,20.0,0,0
97561,25.0,43.0,18.0,4.5,0.84,17.0,0,0
97563,16.0,16.0,14.0,3.7,0.65,14.0,0,0
97564,49.0,28.0,23.0,4.5,0.59,9.0,0,0
97568,35.0,27.0,54.0,4.3,0.94,17.0,0,0
97569,18.0,17.0,16.0,4.1,1.24,13.0,0,0
97570,17.0,17.0,63.0,4.4,0.57,11.0,0,0
97571,58.0,98.0,460.0,4.0,0.99,8.0,0,0
97572,42.0,18.0,13.0,4.0,0.89,19.0,0,0
97573,18.0,21.0,23.0,4.1,0.56,13.0,0,0
97574,31.0,25.0,25.0,4.1,0.6,13.0,0,0
97575,12.0,19.0,12.0,3.8,0.86,14.0,0,0
97576,56.0,35.0,114.0,3.9,1.09,14.0,0,0
97577,11.0,20.0,33.0,4.1,1.77,25.0,0,0
97578,19.0,20.0,30.0,3.8,0.82,21.0,0,0
97580,44.0,26.0,29.0,4.5,0.83,16.0,0,0
97582,14.0,18.0,15.0,4.1,0.86,14.0,0,0
97584,17.0,38.0,13.0,3.7,0.79,9.0,0,0
97585,21.0,21.0,26.0,4.8,0.84,12.0,0,0
97588,26.0,16.0,39.0,3.4,0.95,19.0,0,0
97589,15.0,22.0,13.0,4.4,0.79,10.0,0,0
97591,18.0,16.0,18.0,4.2,1.02,15.0,0,0
97592,16.0,15.0,32.0,4.5,0.82,12.0,0,0
97593,19.0,20.0,18.0,3.9,0.92,15.0,0,0
97594,43.0,37.0,37.0,4.0,0.7,12.0,0,0
97595,49.0,42.0,42.0,4.5,0.93,13.0,0,0
97597,8.0,19.0,38.0,3.7,1.03,12.0,0,0
97598,16.0,18.0,13.0,4.1,0.7,15.0,0,0
97600,68.0,40.0,39.0,4.7,0.59,12.0,0,0
97601,,,,,,,,
97602,9.0,10.0,4.0,3.6,0.86,6.0,0,0
97605,18.0,20.0,15.0,4.1,0.73,12.0,0,0
97606,6.0,14.0,17.0,3.6,1.4,24.0,0,0
97607,21.0,25.0,26.0,4.5,0.87,17.0,0,0
97608,26.0,23.0,28.0,4.1,1.08,27.0,0,0
97609,12.0,15.0,14.0,4.0,0.93,23.0,0,0
97610,19.0,18.0,12.0,4.6,1.25,22.0,0,0
97611,30.0,32.0,28.0,4.1,0.96,19.0,0,0
97617,13.0,15.0,22.0,4.4,0.8,13.0,0,0
97618,35.0,27.0,84.0,4.2,0.92,10.0,0,0
97619,16.0,15.0,33.0,4.4,0.85,11.0,0,0
97620,14.0,17.0,23.0,3.8,0.7,9.0,0,0
97621,11.0,17.0,9.0,4.3,0.75,12.0,0,0
97623,27.0,23.0,24.0,4.2,0.67,12.0,0,0
97624,12.0,13.0,17.0,4.4,0.78,15.0,0,0
97625,12.0,31.0,6.0,4.6,0.86,9.0,0,0
97626,10.0,18.0,6.0,3.9,0.81,21.0,0,0
97627,60.0,54.0,34.0,3.9,0.69,12.0,0,0
97629,,,,,,,,
97630,13.0,16.0,15.0,4.0,1.2,25.0,0,0
97631,12.0,17.0,9.0,3.7,0.9,11.0,0,0
97635,12.0,16.0,15.0,3.9,0.71,14.0,0,0
97638,9.0,14.0,22.0,4.0,1.39,14.0,0,0
97639,15.0,16.0,17.0,3.4,1.14,15.0,0,0
97640,20.0,23.0,24.0,4.2,0.69,14.0,0,0
97641,17.0,26.0,14.0,4.3,0.93,11.0,0,0
97642,15.0,13.0,16.0,3.9,1.14,20.0,0,0
97643,15.0,18.0,14.0,3.5,0.84,13.0,0,0
97644,16.0,20.0,14.0,5.0,1.04,17.0,0,0
97647,16.0,16.0,14.0,4.2,0.63,11.0,0,0
97648,15.0,15.0,19.0,4.1,0.91,11.0,0,0
97650,11.0,19.0,13.0,3.8,1.34,23.0,0,0
97651,25.0,31.0,12.0,3.7,0.46,13.0,0,0
97652,12.0,17.0,11.0,4.6,0.83,14.0,0,0
97656,28.0,23.0,25.0,4.3,0.76,16.0,0,0
97657,31.0,60.0,11.0,4.1,0.66,19.0,0,0
97659,17.0,23.0,31.0,3.8,0.98,17.0,0,0
97661,,,,,,,,
97662,18.0,19.0,18.0,3.4,0.86,12.0,0,0
97666,31.0,27.0,65.0,3.5,1.33,22.0,0,0
97667,13.0,14.0,13.0,4.1,1.0,11.0,0,0
97668,10.0,16.0,21.0,3.6,1.5,25.0,0,0
97669,28.0,21.0,13.0,4.0,0.59,6.0,0,0
97670,23.0,19.0,19.0,4.2,0.56,11.0,0,0
97671,9.0,13.0,12.0,3.4,0.71,10.0,0,0
97672,13.0,17.0,19.0,3.7,0.7,6.0,0,0
97675,7.0,17.0,20.0,4.1,0.79,9.0,0,0
97676,28.0,27.0,45.0,4.4,0.85,17.0,0,0
97683,12.0,19.0,18.0,3.8,1.13,14.0,0,0
97684,17.0,14.0,14.0,4.2,0.55,14.0,0,0
97685,159.0,77.0,136.0,3.9,0.85,10.0,0,0
97688,17.0,13.0,126.0,3.8,0.69,19.0,0,0
97689,16.0,22.0,15.0,4.0,0.87,11.0,0,0
97691,10.0,17.0,33.0,3.6,0.71,15.0,0,0
97692,29.0,26.0,39.0,4.1,0.93,18.0,0,0
97693,11.0,21.0,26.0,4.2,1.61,24.0,0,0
97694,12.0,15.0,13.0,4.0,0.62,12.0,0,0
97695,12.0,17.0,14.0,4.0,1.43,39.0,0,0
97696,26.0,73.0,12.0,5.0,0.96,18.0,0,0
97697,,,,,,,,
97698,14.0,16.0,31.0,3.6,0.62,10.0,0,0
97699,15.0,14.0,14.0,4.3,0.65,12.0,0,0
97701,31.0,19.0,106.0,3.9,1.19,13.0,0,0
97702,13.0,18.0,12.0,3.7,0.76,12.0,0,0
97703,26.0,25.0,21.0,3.9,0.82,14.0,0,0
97704,13.0,18.0,17.0,3.7,0.66,10.0,0,0
97705,14.0,19.0,14.0,4.1,0.85,10.0,0,0
97706,30.0,14.0,23.0,4.2,0.83,26.0,0,0
97708,24.0,28.0,20.0,4.0,0.83,13.0,0,0
97709,18.0,15.0,11.0,3.8,0.63,15.0,0,0
97711,10.0,16.0,32.0,3.7,2.33,34.0,0,0
97712,7.0,10.0,17.0,3.9,1.86,39.0,0,0
97713,18.0,21.0,23.0,3.8,1.02,12.0,0,0
97714,40.0,22.0,46.0,4.3,0.74,12.0,0,0
97716,13.0,21.0,58.0,4.5,0.59,12.0,0,0
97717,45.0,33.0,23.0,4.4,0.48,8.0,0,0
97719,8.0,18.0,14.0,4.4,0.9,10.0,0,0
97720,9.0,13.0,9.0,4.2,0.83,16.0,0,0
97722,13.0,19.0,26.0,4.1,0.75,9.0,0,0
97723,36.0,26.0,19.0,4.2,0.6,6.0,0,0
97724,9.0,15.0,18.0,3.6,0.9,13.0,0,0
97726,12.0,13.0,12.0,4.4,0.65,11.0,0,0
97727,11.0,21.0,19.0,4.1,1.3,19.0,0,0
97728,,,,,,,,
97729,23.0,21.0,13.0,4.0,0.88,10.0,0,0
97730,13.0,16.0,11.0,4.1,0.29,7.0,0,0
97735,20.0,20.0,16.0,4.2,1.23,22.0,0,0
97737,20.0,25.0,16.0,4.6,0.91,12.0,0,0
97739,14.0,18.0,32.0,3.9,0.92,11.0,0,0
97740,18.0,16.0,65.0,4.3,0.62,12.0,0,0
97741,31.0,34.0,9.0,4.0,0.67,8.0,0,0
97742,9.0,19.0,8.0,4.2,0.67,13.0,0,0
97744,19.0,19.0,10.0,4.5,0.98,24.0,0,0
97745,23.0,28.0,25.0,4.4,1.0,23.0,0,0
97746,52.0,57.0,22.0,4.4,0.96,21.0,0,0
97747,20.0,27.0,19.0,3.8,1.2,17.0,0,0
97748,20.0,20.0,26.0,4.2,0.79,16.0,0,0
97750,,,,,,,,
97751,20.0,25.0,12.0,3.8,0.62,11.0,0,0
97752,13.0,16.0,9.0,3.6,1.33,22.0,0,0
97753,17.0,18.0,13.0,3.9,0.9,16.0,0,0
97754,14.0,23.0,15.0,4.5,0.6,9.0,0,0
97755,11.0,15.0,8.0,4.0,0.56,7.0,0,0
97756,36.0,29.0,33.0,3.9,0.68,12.0,0,0
97758,18.0,20.0,17.0,3.8,0.62,12.0,0,0
97760,23.0,19.0,18.0,3.6,0.67,9.0,0,0
97761,19.0,21.0,24.0,4.9,0.83,13.0,0,0
97762,22.0,18.0,75.0,3.9,0.77,14.0,0,0
97763,26.0,,43.0,4.2,0.93,,0,0
97764,13.0,23.0,27.0,4.3,1.16,13.0,0,0
97765,24.0,22.0,19.0,4.4,0.46,13.0,0,0
97766,57.0,89.0,191.0,4.0,1.05,10.0,0,0
97768,46.0,35.0,60.0,3.7,0.88,17.0,0,0
97769,11.0,13.0,34.0,3.6,1.33,22.0,0,0
97770,17.0,21.0,14.0,3.8,0.73,18.0,0,0
97771,11.0,12.0,8.0,3.1,0.55,8.0,0,0
97772,51.0,33.0,72.0,4.7,0.92,10.0,0,0
97773,6.0,10.0,12.0,4.0,0.85,7.0,0,0
97774,21.0,14.0,12.0,4.7,0.62,10.0,0,0
97775,13.0,18.0,21.0,4.0,0.9,20.0,0,0
97776,27.0,21.0,27.0,4.1,0.71,15.0,0,0
97777,15.0,16.0,20.0,4.3,1.13,10.0,0,0
97778,10.0,17.0,22.0,4.1,0.64,12.0,0,0
97779,,,,,,,,
97782,7.0,18.0,17.0,3.6,0.91,15.0,0,0
97783,11.0,15.0,14.0,3.2,0.81,7.0,0,0
97784,45.0,30.0,37.0,4.3,0.93,12.0,0,0
97785,,,,,,,,
97786,19.0,27.0,14.0,4.5,0.78,11.0,0,0
97787,10.0,10.0,18.0,3.4,0.91,13.0,0,0
97788,19.0,21.0,15.0,4.5,1.2,16.0,0,0
97790,19.0,21.0,16.0,4.4,0.91,16.0,0,0
97792,19.0,22.0,17.0,4.0,0.57,10.0,0,0
97793,24.0,19.0,25.0,4.7,0.81,7.0,0,0
97794,13.0,15.0,15.0,4.2,0.56,17.0,0,0
97795,9.0,17.0,8.0,4.0,0.71,8.0,0,0
97796,11.0,11.0,10.0,3.9,0.5,13.0,0,0
97797,12.0,26.0,10.0,4.5,0.6,15.0,0,0
97798,29.0,25.0,17.0,4.1,0.73,9.0,0,0
97799,20.0,31.0,11.0,4.1,1.15,23.0,0,0
97800,70.0,23.0,55.0,4.2,0.87,15.0,0,0
97801,15.0,20.0,14.0,4.0,1.23,20.0,0,0
97802,19.0,21.0,20.0,3.9,1.67,37.0,0,0
97805,15.0,21.0,12.0,4.6,0.8,20.0,0,0
97806,10.0,16.0,10.0,4.6,0.67,8.0,0,0
97809,38.0,30.0,25.0,4.2,0.94,14.0,0,0
97810,20.0,16.0,14.0,4.3,0.89,19.0,0,0
97811,13.0,19.0,11.0,4.3,0.88,17.0,0,0
97813,29.0,32.0,45.0,4.1,0.86,9.0,0,0
97817,13.0,19.0,9.0,4.2,0.64,13.0,0,0
97819,16.0,18.0,13.0,4.1,0.64,10.0,0,0
97822,,,,,,,,
97823,18.0,18.0,18.0,4.5,0.93,11.0,0,0
97825,15.0,14.0,17.0,4.4,1.02,9.0,0,0
97827,25.0,26.0,45.0,3.9,0.92,5.0,0,0
97828,13.0,20.0,14.0,3.4,1.09,17.0,0,0
97829,18.0,26.0,13.0,3.5,0.93,13.0,0,0
97830,54.0,38.0,28.0,4.0,1.31,17.0,0,0
97832,20.0,24.0,13.0,3.6,0.82,16.0,0,0
97835,,,,,,,,
97839,,,,,,,,
97840,24.0,19.0,31.0,4.2,1.02,17.0,0,0
97841,13.0,18.0,13.0,4.6,0.57,11.0,0,0
97845,37.0,49.0,287.0,2.6,0.67,7.0,0,0
97847,15.0,21.0,14.0,4.2,0.73,13.0,0,0
97848,16.0,16.0,17.0,4.2,0.76,15.0,0,0
97850,22.0,26.0,67.0,4.0,0.76,17.0,0,0
97851,20.0,18.0,22.0,4.4,0.93,14.0,0,0
97853,7.0,12.0,7.0,2.9,0.39,8.0,0,0
97859,16.0,16.0,33.0,4.4,0.89,13.0,0,0
97861,,,,,,,,
97862,9.0,17.0,21.0,4.1,1.27,13.0,0,0
97863,30.0,22.0,20.0,4.5,0.65,10.0,0,0
97866,43.0,30.0,45.0,4.4,1.02,14.0,0,0
97869,15.0,19.0,49.0,4.1,1.35,19.0,0,0
97871,213.0,182.0,369.0,3.9,0.51,10.0,0,0
97874,,,,,,,,
97876,17.0,14.0,19.0,3.4,0.93,18.0,0,0
97877,12.0,19.0,21.0,4.2,0.66,8.0,0,0
97878,19.0,14.0,22.0,4.3,0.92,14.0,0,0
97881,13.0,24.0,10.0,4.8,0.81,16.0,0,0
97882,15.0,18.0,27.0,4.1,0.63,16.0,0,0
97883,18.0,20.0,28.0,4.4,0.71,11.0,0,0
97886,12.0,16.0,11.0,4.2,0.61,11.0,0,0
97891,16.0,14.0,35.0,3.9,1.18,13.0,0,0
97892,12.0,17.0,19.0,3.9,0.7,10.0,0,0
97894,10.0,15.0,12.0,4.2,0.6,17.0,0,0
97895,16.0,14.0,21.0,3.6,1.07,16.0,0,0
97896,9.0,13.0,17.0,3.7,0.67,9.0,0,0
97897,28.0,24.0,26.0,3.8,0.83,13.0,0,0
97899,,,,,,,,
97901,22.0,20.0,31.0,4.4,0.94,14.0,0,0
97902,18.0,14.0,31.0,4.3,0.85,12.0,0,0
97903,23.0,31.0,17.0,4.0,1.2,20.0,0,0
97904,30.0,52.0,17.0,4.4,1.3,12.0,0,0
97905,17.0,15.0,24.0,3.7,1.06,21.0,0,0
97908,16.0,17.0,11.0,3.8,0.9,13.0,0,0
97909,18.0,13.0,15.0,4.0,0.61,11.0,0,0
97910,10.0,24.0,11.0,4.5,0.6,15.0,0,0
97915,25.0,25.0,14.0,3.9,0.54,15.0,0,0
97916,10.0,14.0,15.0,3.9,0.7,18.0,0,0
97918,23.0,18.0,10.0,3.9,0.56,17.0,0,0
97919,10.0,16.0,16.0,4.3,0.63,6.0,0,0
97923,41.0,173.0,410.0,3.0,0.35,4.0,0,0
97924,,,,,,,,
97925,9.0,17.0,7.0,4.4,0.65,7.0,0,0
97926,16.0,22.0,24.0,3.9,1.17,20.0,0,0
97928,23.0,20.0,21.0,4.1,1.04,14.0,0,0
97929,15.0,15.0,23.0,4.1,0.57,15.0,0,0
97930,32.0,22.0,28.0,4.2,1.1,16.0,0,0
97931,14.0,22.0,10.0,4.2,0.83,13.0,0,0
97933,30.0,24.0,15.0,4.7,0.58,12.0,0,0
97934,15.0,20.0,13.0,4.2,0.76,20.0,0,0
97935,,,,,,,,
97937,15.0,22.0,14.0,4.3,0.61,9.0,0,0
97938,11.0,16.0,15.0,3.4,0.88,11.0,0,0
97940,34.0,23.0,20.0,4.3,0.77,10.0,0,0
97941,11.0,18.0,10.0,4.2,0.92,18.0,0,0
97943,21.0,16.0,20.0,4.6,0.74,8.0,0,0
97944,11.0,13.0,9.0,3.7,0.76,9.0,0,0
97945,21.0,16.0,19.0,4.1,0.49,7.0,0,0
97946,17.0,16.0,13.0,4.1,0.79,10.0,0,0
97947,16.0,18.0,18.0,4.3,0.86,21.0,0,0
97948,12.0,18.0,11.0,4.3,0.69,10.0,0,0
97949,7.0,17.0,22.0,4.0,0.72,12.0,0,0
97950,14.0,17.0,12.0,3.4,1.04,15.0,0,0
97951,14.0,17.0,11.0,4.6,0.83,15.0,0,0
97952,14.0,14.0,14.0,3.8,1.11,10.0,0,0
97954,53.0,46.0,25.0,4.3,0.47,9.0,0,0
97955,82.0,83.0,142.0,3.5,0.67,16.0,0,0
97956,23.0,27.0,12.0,4.2,1.78,29.0,0,0
97958,11.0,10.0,8.0,3.6,0.8,13.0,0,0
97959,11.0,19.0,16.0,4.3,0.8,16.0,0,0
97960,,,,,,,,
97963,12.0,19.0,18.0,4.3,1.03,12.0,0,0
97964,14.0,19.0,124.0,3.8,1.01,14.0,0,0
97965,34.0,21.0,26.0,4.2,1.01,14.0,0,0
97966,25.0,24.0,18.0,4.5,0.71,14.0,0,0
97967,16.0,16.0,19.0,4.1,0.69,15.0,0,0
97969,18.0,16.0,17.0,4.3,0.72,20.0,0,0
97970,17.0,17.0,37.0,3.6,0.95,13.0,0,0
97971,44.0,41.0,64.0,4.2,0.95,19.0,0,0
97972,8.0,11.0,10.0,3.8,0.7,7.0,0,0
97973,27.0,22.0,22.0,4.2,1.08,23.0,0,0
97974,14.0,18.0,36.0,3.9,0.63,14.0,0,0
97976,23.0,31.0,34.0,3.4,0.53,9.0,0,0
97977,,,,,,,,
97978,21.0,19.0,88.0,3.7,0.78,9.0,0,0
97979,21.0,27.0,19.0,4.5,0.67,19.0,0,0
97980,17.0,21.0,12.0,4.2,1.14,23.0,0,0
97982,22.0,25.0,27.0,4.5,0.81,16.0,0,0
97983,18.0,15.0,31.0,3.9,0.98,22.0,0,0
97985,11.0,20.0,22.0,4.2,1.29,19.0,0,0
97986,11.0,12.0,19.0,3.6,0.89,17.0,0,0
97987,19.0,20.0,14.0,4.1,0.98,12.0,0,0
97988,15.0,30.0,14.0,4.2,1.14,21.0,0,0
97989,,,,,,,,
97991,8.0,15.0,12.0,4.6,0.78,16.0,0,0
97993,11.0,17.0,17.0,4.5,0.64,6.0,0,0
97995,,,,,,,,
97996,48.0,34.0,33.0,4.1,0.87,22.0,0,0
97997,18.0,18.0,20.0,4.0,0.77,16.0,0,0
97999,11.0,14.0,12.0,3.6,1.77,31.0,0,0
98001,10.0,13.0,12.0,4.5,0.77,17.0,0,0
98002,11.0,27.0,18.0,4.2,1.03,14.0,0,0
98004,9.0,18.0,19.0,4.2,0.73,9.0,0,0
98005,16.0,18.0,18.0,4.5,1.18,27.0,0,0
98006,16.0,23.0,11.0,3.1,1.22,14.0,0,0
98007,,,,,,,,
98008,11.0,18.0,17.0,3.8,0.91,19.0,0,0
98009,19.0,25.0,17.0,4.3,1.06,13.0,0,0
98010,14.0,19.0,8.0,4.4,0.57,12.0,0,0
98012,13.0,20.0,11.0,4.8,0.56,14.0,0,0
98014,23.0,17.0,31.0,3.8,0.41,10.0,0,0
98015,26.0,21.0,23.0,4.4,0.83,14.0,0,0
98016,,,,,,,,
98018,5.0,12.0,17.0,4.5,1.02,12.0,0,0
98019,11.0,12.0,10.0,4.3,1.05,21.0,0,0
98022,18.0,24.0,23.0,3.5,0.62,6.0,0,0
98023,19.0,16.0,18.0,4.0,0.81,13.0,0,0
98024,14.0,17.0,33.0,3.8,0.66,17.0,0,0
98025,21.0,30.0,9.0,4.1,0.77,17.0,0,0
98028,19.0,18.0,50.0,4.3,0.76,10.0,0,0
98029,11.0,15.0,10.0,3.9,0.68,15.0,0,0
98030,12.0,15.0,13.0,4.1,0.58,10.0,0,0
98031,63.0,38.0,301.0,3.8,0.85,13.0,0,0
98032,15.0,20.0,44.0,4.6,0.93,20.0,0,0
98033,11.0,25.0,12.0,3.9,0.79,9.0,0,0
98034,,,,,,,,
98035,10.0,13.0,9.0,3.8,0.6,15.0,0,0
98036,12.0,13.0,14.0,3.9,0.75,11.0,0,0
98038,16.0,23.0,12.0,4.4,0.54,7.0,0,0
98040,21.0,20.0,23.0,4.6,1.21,25.0,0,0
98041,17.0,21.0,23.0,3.8,0.71,13.0,0,0
98043,28.0,24.0,29.0,4.2,0.78,10.0,0,0
98044,,,,,,,,
98045,15.0,16.0,7.0,4.2,0.58,7.0,0,0
98046,14.0,14.0,28.0,3.8,0.59,16.0,0,0
98047,30.0,25.0,69.0,3.8,0.93,14.0,0,0
98048,,,,,,,,
98049,7.0,20.0,14.0,3.8,1.11,20.0,0,0
98052,9.0,14.0,18.0,4.0,0.74,9.0,0,0
98054,76.0,36.0,45.0,4.9,0.74,14.0,0,0
98056,17.0,13.0,18.0,3.8,0.67,9.0,0,0
98057,25.0,15.0,33.0,4.1,0.81,14.0,0,0
98058,10.0,19.0,10.0,4.4,0.73,30.0,0,0
98060,25.0,28.0,27.0,4.4,0.89,10.0,0,0
98061,9.0,15.0,25.0,4.7,1.01,11.0,0,0
98062,15.0,13.0,18.0,3.6,0.78,16.0,0,0
98065,14.0,15.0,12.0,4.8,0.78,9.0,0,0
98066,17.0,21.0,18.0,4.6,0.81,18.0,0,0
98068,15.0,13.0,19.0,4.3,0.56,13.0,0,0
98071,12.0,19.0,23.0,3.9,0.69,9.0,0,0
98073,19.0,27.0,17.0,4.2,0.74,12.0,0,0
98075,16.0,15.0,30.0,4.1,1.08,20.0,0,0
98077,,,,,,,,
98081,15.0,23.0,25.0,4.0,1.09,9.0,0,0
98082,46.0,30.0,129.0,4.0,0.62,7.0,0,0
98083,156.0,150.0,570.0,3.9,0.91,22.0,0,0
98084,13.0,15.0,27.0,3.4,1.23,23.0,0,0
98085,19.0,17.0,148.0,4.2,0.64,23.0,0,0
98087,12.0,18.0,13.0,4.1,0.96,15.0,0,0
98088,40.0,24.0,30.0,4.5,0.94,13.0,0,0
98092,50.0,24.0,25.0,4.1,0.65,10.0,0,0
98094,26.0,28.0,20.0,4.5,0.56,12.0,0,0
98095,16.0,19.0,11.0,4.1,0.94,22.0,0,0
98096,31.0,19.0,20.0,4.2,0.67,14.0,0,0
98097,44.0,29.0,34.0,4.5,0.87,12.0,0,0
98099,18.0,21.0,14.0,4.3,0.99,16.0,0,0
98100,16.0,19.0,28.0,4.4,0.88,10.0,0,0
98101,,,,,,,,
98102,18.0,20.0,14.0,3.5,0.58,8.0,0,0
98103,14.0,14.0,16.0,4.1,1.12,10.0,0,0
98106,33.0,38.0,39.0,4.1,0.58,15.0,0,0
98107,19.0,20.0,21.0,3.4,0.67,16.0,0,0
98109,20.0,32.0,16.0,3.9,1.52,23.0,0,0
98110,,,,,,,,
98111,40.0,27.0,16.0,4.0,0.77,12.0,0,0
98113,11.0,16.0,21.0,4.1,0.68,15.0,0,0
98114,,,,,,,,
98119,22.0,16.0,19.0,3.6,0.54,10.0,0,0
98120,16.0,12.0,14.0,3.6,0.78,11.0,0,0
98121,15.0,19.0,19.0,4.0,1.3,30.0,0,0
98122,7.0,18.0,13.0,4.6,0.79,8.0,0,0
98124,29.0,27.0,105.0,4.5,0.85,14.0,0,0
98125,15.0,18.0,13.0,4.0,0.81,13.0,0,0
98129,9.0,13.0,13.0,4.4,0.55,12.0,0,0
98130,31.0,33.0,26.0,3.8,0.81,15.0,0,0
98131,16.0,16.0,29.0,3.4,0.89,14.0,0,0
98132,8.0,14.0,9.0,4.5,0.66,13.0,0,0
98133,11.0,20.0,13.0,3.9,0.78,9.0,0,0
98134,28.0,29.0,47.0,3.9,1.0,23.0,0,0
98135,13.0,12.0,23.0,3.4,0.72,9.0,0,0
98137,25.0,25.0,14.0,4.4,0.87,18.0,0,0
98138,30.0,22.0,148.0,4.3,0.85,15.0,0,0
98139,17.0,26.0,24.0,4.1,0.87,27.0,0,0
98141,20.0,18.0,14.0,4.0,0.69,17.0,0,0
98142,15.0,33.0,56.0,4.0,1.24,17.0,0,0
98143,17.0,26.0,34.0,4.4,1.23,18.0,0,0
98144,11.0,12.0,13.0,3.9,0.73,16.0,0,0
98145,13.0,25.0,8.0,4.3,0.72,17.0,0,0
98146,,,,,,,,
98147,69.0,38.0,24.0,4.2,1.15,17.0,0,0
98148,12.0,19.0,16.0,4.4,0.89,6.0,0,0
98149,,,,,,,,
98150,8.0,10.0,9.0,4.6,0.74,8.0,0,0
98152,14.0,18.0,11.0,3.6,1.04,11.0,0,0
98153,17.0,21.0,23.0,3.8,0.93,12.0,0,0
98156,19.0,15.0,200.0,4.0,0.55,8.0,0,0
98158,11.0,16.0,12.0,4.1,1.24,12.0,0,0
98161,9.0,12.0,20.0,4.1,0.67,17.0,0,0
98162,14.0,19.0,12.0,4.1,0.73,16.0,0,0
98163,15.0,19.0,20.0,4.1,0.64,8.0,0,0
98164,8.0,13.0,6.0,4.0,0.64,13.0,0,0
98165,31.0,28.0,34.0,4.2,0.86,15.0,0,0
98168,41.0,23.0,21.0,3.7,0.67,10.0,0,0
98169,14.0,16.0,14.0,4.1,0.41,6.0,0,0
98170,13.0,14.0,7.0,3.9,0.69,14.0,0,0
98172,15.0,23.0,31.0,3.8,0.77,12.0,0,0
98173,23.0,26.0,22.0,3.9,0.41,14.0,0,0
98174,37.0,42.0,55.0,3.8,0.95,17.0,0,0
98175,16.0,16.0,27.0,3.6,0.73,18.0,0,0
98176,14.0,18.0,15.0,4.1,0.75,11.0,0,0
98177,9.0,14.0,9.0,4.6,0.71,11.0,0,0
98178,20.0,22.0,12.0,4.4,0.98,18.0,0,0
98180,85.0,46.0,49.0,3.8,0.69,13.0,0,0
98184,18.0,16.0,11.0,4.2,0.61,9.0,0,0
98187,24.0,20.0,8.0,3.7,0.47,10.0,0,0
98189,17.0,18.0,24.0,3.8,0.85,15.0,0,0
98190,19.0,20.0,18.0,4.4,0.48,6.0,0,0
98194,,,,,,,,
98195,35.0,28.0,18.0,4.2,1.06,17.0,0,0
98197,44.0,,52.0,4.2,1.3,26.0,0,0
98198,18.0,23.0,20.0,4.1,0.92,14.0,0,0
98199,13.0,16.0,11.0,4.3,0.87,20.0,0,0
98202,14.0,19.0,20.0,3.6,1.17,21.0,0,0
98203,27.0,23.0,40.0,4.4,0.84,11.0,0,0
98204,15.0,17.0,18.0,4.6,1.1,13.0,0,0
98205,13.0,14.0,14.0,3.7,0.97,17.0,0,0
98207,38.0,28.0,45.0,4.3,1.18,15.0,0,0
98208,10.0,15.0,15.0,4.5,0.77,10.0,0,0
98209,33.0,29.0,49.0,4.2,0.99,17.0,0,0
98210,14.0,14.0,8.0,4.3,1.05,13.0,0,0
98211,15.0,18.0,23.0,3.8,0.98,19.0,0,0
98212,8.0,15.0,14.0,4.2,0.76,11.0,0,0
98213,10.0,17.0,9.0,4.7,1.02,16.0,0,0
98214,,,,,,,,
98215,13.0,13.0,15.0,4.1,0.66,13.0,0,0
98216,26.0,20.0,35.0,4.0,1.06,16.0,0,0
98218,,,,,,,,
98220,27.0,27.0,22.0,4.4,0.9,13.0,0,0
98221,14.0,16.0,18.0,4.1,0.92,9.0,0,0
98222,29.0,23.0,32.0,3.9,0.96,16.0,0,0
98223,24.0,18.0,24.0,4.3,1.0,15.0,0,0
98224,16.0,19.0,7.0,4.2,0.83,10.0,0,0
98225,23.0,18.0,15.0,4.6,1.03,20.0,0,0
98227,10.0,14.0,13.0,4.1,0.79,11.0,0,0
98228,17.0,14.0,24.0,3.7,0.78,12.0,0,0
98230,13.0,17.0,89.0,3.6,0.77,11.0,0,0
98231,10.0,15.0,8.0,4.2,0.67,8.0,0,0
98236,11.0,19.0,10.0,4.3,0.77,16.0,0,0
98238,20.0,23.0,53.0,3.3,0.3,13.0,0,0
98241,25.0,23.0,20.0,4.4,1.1,15.0,0,0
98242,28.0,31.0,41.0,4.5,0.91,10.0,0,0
98243,56.0,32.0,102.0,3.7,0.92,10.0,0,0
98244,14.0,21.0,15.0,3.7,0.92,22.0,0,0
98250,14.0,16.0,17.0,4.4,0.93,16.0,0,0
98251,27.0,23.0,25.0,4.3,1.16,23.0,0,0
98252,38.0,26.0,24.0,4.5,0.9,14.0,0,0
98253,17.0,21.0,17.0,4.0,0.64,13.0,0,0
98255,14.0,26.0,28.0,3.9,0.84,13.0,0,0
98256,9.0,15.0,13.0,4.2,0.65,8.0,0,0
98257,14.0,20.0,14.0,4.3,1.19,18.0,0,0
98258,26.0,30.0,24.0,4.1,1.17,26.0,0,0
98259,13.0,18.0,55.0,3.5,0.84,12.0,0,0
98260,9.0,17.0,12.0,4.1,1.11,14.0,0,0
98262,24.0,25.0,34.0,3.9,0.93,14.0,0,0
98264,14.0,22.0,26.0,4.5,0.93,19.0,0,0
98266,12.0,16.0,9.0,3.8,0.62,16.0,0,0
98267,23.0,18.0,68.0,4.1,0.99,9.0,0,0
98268,16.0,21.0,17.0,4.6,0.82,12.0,0,0
98269,10.0,17.0,11.0,4.4,0.7,18.0,0,0
98270,24.0,26.0,15.0,3.6,0.69,22.0,0,0
98271,21.0,17.0,20.0,3.7,0.84,12.0,0,0
98272,40.0,29.0,30.0,3.8,1.08,17.0,0,0
98274,17.0,14.0,45.0,4.0,0.74,16.0,0,0
98277,9.0,16.0,9.0,3.9,0.69,9.0,0,0
98280,14.0,14.0,18.0,3.8,0.45,8.0,0,0
98284,21.0,17.0,40.0,3.4,0.72,10.0,0,0
98285,8.0,14.0,12.0,4.1,0.72,10.0,0,0
98287,18.0,15.0,43.0,3.7,0.79,24.0,0,0
98288,16.0,16.0,62.0,3.9,1.26,19.0,0,0
98289,19.0,26.0,24.0,4.1,1.13,11.0,0,0
98292,9.0,12.0,26.0,4.1,0.79,12.0,0,0
98293,18.0,19.0,44.0,3.8,0.93,18.0,0,0
98295,19.0,19.0,14.0,4.2,0.65,11.0,0,0
98296,18.0,22.0,12.0,4.7,0.43,10.0,0,0
98298,13.0,13.0,16.0,3.6,0.66,7.0,0,0
98299,,,,,,,,
98300,20.0,17.0,13.0,4.3,0.82,15.0,0,0
98301,18.0,19.0,22.0,4.4,0.86,17.0,0,0
98302,36.0,21.0,33.0,4.2,0.79,6.0,0,0
98303,10.0,14.0,29.0,4.1,0.68,9.0,0,0
98304,26.0,23.0,20.0,4.4,0.56,10.0,0,0
98305,8.0,14.0,13.0,3.9,0.56,16.0,0,0
98308,13.0,17.0,11.0,4.3,0.75,13.0,0,0
98309,24.0,30.0,66.0,4.1,1.26,20.0,0,0
98310,22.0,14.0,30.0,3.9,0.58,9.0,0,0
98311,13.0,23.0,17.0,3.8,0.61,8.0,0,0
98314,39.0,19.0,93.0,4.4,0.93,13.0,0,0
98316,53.0,40.0,36.0,3.9,0.82,16.0,0,0
98318,73.0,43.0,256.0,4.1,1.17,12.0,0,0
98320,18.0,21.0,108.0,3.9,0.69,11.0,0,0
98322,18.0,19.0,23.0,3.1,0.61,12.0,0,0
98323,12.0,14.0,13.0,4.3,0.7,11.0,0,0
98325,50.0,29.0,46.0,5.0,0.86,14.0,0,0
98326,17.0,22.0,55.0,4.3,0.71,10.0,0,0
98327,13.0,18.0,7.0,4.0,0.44,12.0,0,0
98328,21.0,20.0,7.0,3.1,0.47,6.0,0,0
98330,49.0,50.0,28.0,4.0,0.72,8.0,0,0
98331,19.0,20.0,23.0,4.3,0.66,15.0,0,0
98332,12.0,14.0,18.0,4.5,0.92,12.0,0,0
98333,,,,,,,,
98334,25.0,24.0,41.0,3.8,1.05,10.0,0,0
98336,61.0,31.0,66.0,3.9,1.07,13.0,0,0
98338,45.0,40.0,38.0,4.6,1.22,22.0,0,0
98339,24.0,22.0,24.0,3.7,1.07,16.0,0,0
98340,13.0,16.0,9.0,4.0,0.58,8.0,0,0
98341,18.0,26.0,9.0,4.2,0.73,14.0,0,0
98343,12.0,16.0,14.0,3.8,0.64,12.0,0,0
98344,6.0,18.0,8.0,4.1,2.1,39.0,0,0
98345,16.0,20.0,15.0,4.0,1.07,20.0,0,0
98347,31.0,43.0,84.0,4.9,1.34,30.0,0,0
98349,10.0,17.0,12.0,4.2,0.74,13.0,0,0
98350,61.0,52.0,64.0,3.5,0.64,11.0,0,0
98351,13.0,15.0,22.0,4.4,0.7,15.0,0,0
98352,10.0,12.0,10.0,4.6,0.95,10.0,0,0
98353,31.0,28.0,20.0,4.6,0.65,14.0,0,0
98354,13.0,19.0,18.0,3.7,0.74,16.0,0,0
98355,13.0,19.0,13.0,4.3,0.54,14.0,0,0
98357,17.0,49.0,15.0,4.3,0.98,9.0,0,0
98358,29.0,20.0,24.0,4.5,0.91,12.0,0,0
98359,12.0,16.0,11.0,4.1,0.68,12.0,0,0
98360,12.0,20.0,39.0,3.4,1.15,32.0,0,0
98364,15.0,14.0,13.0,4.3,0.82,12.0,0,0
98366,8.0,19.0,24.0,3.7,4.76,24.0,0,0
98368,17.0,19.0,68.0,3.9,1.11,17.0,0,0
98369,18.0,22.0,11.0,4.3,1.12,24.0,0,0
98370,,,,,,,,
98371,19.0,22.0,33.0,3.6,0.59,11.0,0,0
98372,12.0,15.0,13.0,3.5,0.95,21.0,0,0
98373,12.0,20.0,7.0,3.9,1.04,26.0,0,0
98374,10.0,12.0,14.0,3.9,0.87,5.0,0,0
98375,30.0,27.0,31.0,4.1,0.92,15.0,0,0
98376,11.0,20.0,12.0,4.6,0.89,21.0,0,0
98378,30.0,23.0,21.0,4.1,0.7,16.0,0,0
98379,13.0,10.0,19.0,3.8,0.84,13.0,0,0
98380,16.0,17.0,20.0,4.2,0.86,17.0,0,0
98381,29.0,21.0,17.0,3.8,0.94,15.0,0,0
98383,27.0,36.0,149.0,3.0,0.95,24.0,0,0
98384,14.0,21.0,14.0,3.8,0.8,15.0,0,0
98385,45.0,27.0,42.0,3.7,1.06,15.0,0,0
98386,,,,4.1,,,,
98390,12.0,16.0,15.0,3.6,0.99,9.0,0,0
98391,12.0,24.0,22.0,4.0,0.81,18.0,0,0
98392,19.0,17.0,42.0,4.0,1.38,12.0,0,0
98393,13.0,17.0,13.0,3.9,0.79,22.0,0,0
98394,16.0,20.0,19.0,4.2,0.62,9.0,0,0
98395,6.0,14.0,3.0,2.6,0.41,5.0,0,0
98396,13.0,19.0,17.0,4.3,0.52,13.0,0,0
98397,20.0,23.0,15.0,4.3,0.91,14.0,0,0
98399,45.0,31.0,27.0,4.3,0.98,18.0,0,0
98401,18.0,31.0,17.0,4.4,1.21,12.0,0,0
98402,25.0,18.0,21.0,3.8,0.75,10.0,0,0
98403,25.0,23.0,9.0,4.5,1.11,19.0,0,0
98404,20.0,21.0,16.0,3.7,0.85,9.0,0,0
98406,,,,,,,,
98408,9.0,14.0,5.0,3.6,0.69,9.0,0,0
98411,19.0,19.0,27.0,3.9,0.57,12.0,0,0
98412,9.0,11.0,8.0,3.4,0.78,9.0,0,0
98413,55.0,48.0,85.0,3.8,1.64,20.0,0,0
98414,28.0,40.0,26.0,3.7,0.76,13.0,0,0
98416,9.0,15.0,7.0,4.4,0.63,14.0,0,0
98417,7.0,14.0,8.0,3.9,0.8,11.0,0,0
98418,10.0,17.0,19.0,4.5,0.85,13.0,0,0
98419,15.0,19.0,16.0,4.2,0.46,9.0,0,0
98420,17.0,20.0,9.0,3.9,0.65,10.0,0,0
98421,29.0,23.0,42.0,4.4,1.1,17.0,0,0
98422,21.0,24.0,23.0,4.1,0.73,12.0,0,0
98423,13.0,23.0,12.0,3.9,0.82,19.0,0,0
98424,14.0,17.0,25.0,4.1,1.86,21.0,0,0
98426,45.0,41.0,54.0,4.2,1.05,10.0,0,0
98427,13.0,16.0,14.0,4.6,0.92,12.0,0,0
98428,12.0,18.0,4.0,4.3,0.8,10.0,0,0
98429,11.0,19.0,17.0,3.7,1.21,19.0,0,0
98431,10.0,13.0,22.0,3.8,0.67,11.0,0,0
98433,50.0,37.0,63.0,4.0,0.98,20.0,0,0
98435,12.0,18.0,13.0,3.6,0.94,10.0,0,0
98436,24.0,17.0,24.0,4.0,1.02,12.0,0,0
98437,21.0,17.0,24.0,4.0,0.66,14.0,0,0
98438,11.0,16.0,21.0,3.7,1.1,31.0,0,0
98440,12.0,23.0,19.0,4.0,0.91,10.0,0,0
98441,42.0,24.0,41.0,4.0,0.94,12.0,0,0
98442,7.0,9.0,12.0,3.7,0.68,6.0,0,0
98443,11.0,14.0,8.0,4.0,0.68,14.0,0,0
98444,12.0,11.0,18.0,3.6,0.93,16.0,0,0
98445,3.0,13.0,8.0,4.2,0.69,7.0,0,0
98446,11.0,20.0,12.0,4.7,0.6,13.0,0,0
98447,18.0,19.0,21.0,3.8,0.87,17.0,0,0
98448,,,,,,,,
98449,9.0,15.0,7.0,4.1,0.52,12.0,0,0
98450,,,,,,,,
98452,139.0,272.0,708.0,4.9,1.06,12.0,0,0
98454,10.0,16.0,15.0,3.5,1.07,20.0,0,0
98456,27.0,25.0,17.0,3.9,0.77,10.0,0,0
98457,,,,,,,,
98458,50.0,25.0,37.0,4.8,0.83,9.0,0,0
98459,,,,,,,,
98460,20.0,19.0,20.0,4.2,0.67,11.0,0,0
98461,15.0,18.0,14.0,3.0,4.74,55.0,0,0
98462,24.0,18.0,37.0,4.1,0.85,13.0,0,0
98463,14.0,17.0,13.0,3.9,1.07,16.0,0,0
98465,10.0,17.0,9.0,3.9,0.59,7.0,0,0
98468,13.0,14.0,10.0,4.5,0.51,8.0,0,0
98469,27.0,24.0,29.0,4.3,0.93,24.0,0,0
98470,17.0,20.0,26.0,3.7,0.7,10.0,0,0
98473,16.0,18.0,18.0,3.9,0.61,8.0,0,0
98474,8.0,14.0,31.0,4.3,1.07,10.0,0,0
98475,44.0,22.0,45.0,4.2,1.16,14.0,0,0
98477,,,,,,,,
98479,48.0,19.0,27.0,4.0,0.99,16.0,0,0
98481,,,,,,,,
98483,16.0,20.0,13.0,4.4,0.68,15.0,0,0
98484,11.0,19.0,11.0,4.3,0.59,20.0,0,0
98485,14.0,16.0,10.0,4.1,1.11,14.0,0,0
98486,10.0,15.0,9.0,3.9,0.53,14.0,0,0
98489,14.0,16.0,53.0,4.2,0.68,13.0,0,0
98490,38.0,20.0,35.0,4.4,1.09,14.0,0,0
98491,21.0,18.0,14.0,3.9,0.54,16.0,0,0
98493,35.0,30.0,12.0,4.2,0.66,8.0,0,0
98494,12.0,15.0,11.0,4.5,0.79,15.0,0,0
98495,13.0,15.0,14.0,4.3,1.02,14.0,0,0
98496,,,,,,,,
98498,12.0,19.0,9.0,3.9,0.84,19.0,0,0
98499,11.0,21.0,9.0,4.0,0.47,9.0,0,0
98500,19.0,19.0,27.0,4.2,0.63,10.0,0,0
98501,13.0,14.0,17.0,3.5,0.6,7.0,0,0
98502,13.0,21.0,26.0,4.1,0.8,15.0,0,0
98504,,,,,,,,
98505,16.0,21.0,22.0,4.5,1.04,16.0,0,0
98506,33.0,35.0,28.0,3.9,1.22,17.0,0,0
98507,9.0,16.0,9.0,4.5,0.7,10.0,0,0
98508,41.0,27.0,54.0,4.2,0.89,13.0,0,0
98509,16.0,15.0,24.0,3.6,0.52,10.0,0,0
98511,13.0,21.0,10.0,4.4,0.54,8.0,0,0
98512,41.0,19.0,33.0,3.8,0.65,13.0,0,0
98514,54.0,24.0,42.0,4.5,0.84,10.0,0,0
98517,9.0,12.0,17.0,4.0,1.43,31.0,0,0
98520,12.0,17.0,10.0,4.2,0.86,7.0,0,0
98521,37.0,31.0,47.0,4.4,1.07,8.0,0,0
98522,36.0,21.0,20.0,4.3,0.92,8.0,0,0
98523,,,,,,,,
98524,24.0,21.0,18.0,3.9,0.76,20.0,0,0
98526,19.0,20.0,19.0,3.9,1.22,21.0,0,0
98527,12.0,12.0,11.0,4.4,0.71,14.0,0,0
98528,20.0,16.0,52.0,4.9,0.81,7.0,0,0
98529,13.0,17.0,33.0,4.1,0.79,16.0,0,0
98530,17.0,19.0,22.0,3.5,0.8,16.0,0,0
98531,12.0,16.0,14.0,4.3,0.51,11.0,0,0
98535,11.0,15.0,18.0,4.2,0.73,21.0,0,0
98536,32.0,22.0,21.0,3.9,0.84,19.0,0,0
98537,32.0,21.0,25.0,4.1,0.63,16.0,0,0
98540,13.0,19.0,23.0,4.1,0.98,13.0,0,0
98541,14.0,21.0,12.0,4.0,0.82,16.0,0,0
98542,30.0,29.0,21.0,4.3,0.72,19.0,0,0
98544,,,,,,,,
98545,15.0,18.0,15.0,3.8,0.7,10.0,0,0
98548,34.0,26.0,105.0,4.1,0.8,12.0,0,0
98549,16.0,17.0,33.0,4.3,0.62,11.0,0,0
98550,26.0,17.0,54.0,3.7,0.87,15.0,0,0
98551,14.0,16.0,9.0,3.9,0.65,11.0,0,0
98553,9.0,17.0,14.0,4.0,0.77,15.0,0,0
98554,18.0,19.0,13.0,4.4,0.52,13.0,0,0
98555,,,,,,,,
98556,31.0,22.0,57.0,4.1,1.17,15.0,0,0
98557,10.0,13.0,18.0,4.0,1.24,17.0,0,0
98558,19.0,19.0,75.0,4.0,0.84,12.0,0,0
98560,11.0,21.0,15.0,4.2,0.69,5.0,0,0
98561,23.0,20.0,36.0,4.0,1.17,17.0,0,0
98562,9.0,13.0,24.0,3.7,1.0,14.0,0,0
98563,12.0,17.0,11.0,4.1,0.7,13.0,0,0
98564,10.0,18.0,13.0,4.4,0.69,10.0,0,0
98565,12.0,16.0,17.0,4.0,0.68,18.0,0,0
98568,18.0,23.0,17.0,3.8,1.16,12.0,0,0
98569,27.0,53.0,9.0,3.9,1.14,17.0,0,0
98571,9.0,11.0,11.0,4.0,0.77,9.0,0,0
98574,16.0,22.0,21.0,4.3,0.75,15.0,0,0
98578,9.0,17.0,7.0,4.5,0.56,14.0,0,0
98579,,,,,,,,
98581,29.0,45.0,59.0,3.4,1.28,21.0,0,0
98583,8.0,12.0,12.0,4.7,0.83,12.0,0,0
98585,21.0,24.0,20.0,4.0,1.02,20.0,0,0
98586,17.0,17.0,20.0,5.4,0.9,24.0,0,0
98589,20.0,16.0,21.0,3.4,0.67,13.0,0,0
98590,,,,,,,,
98592,15.0,23.0,17.0,4.4,1.03,17.0,0,0
98594,13.0,14.0,13.0,3.9,0.59,11.0,0,0
98595,22.0,21.0,24.0,3.8,0.64,21.0,0,0
98596,,,,,,,,
98597,13.0,18.0,13.0,4.0,0.48,16.0,0,0
98598,28.0,41.0,82.0,3.4,0.97,8.0,0,0
98599,20.0,23.0,13.0,3.9,1.37,35.0,0,0
98600,21.0,27.0,18.0,4.3,1.21,18.0,0,0
98601,40.0,58.0,82.0,4.1,0.98,9.0,0,0
98602,12.0,15.0,26.0,3.9,1.76,39.0,0,0
98603,14.0,20.0,20.0,4.2,0.84,14.0,0,0
98605,28.0,24.0,70.0,3.8,0.96,9.0,0,0
98606,,,,,,,,
98608,50.0,27.0,30.0,4.7,0.87,12.0,0,0
98609,13.0,17.0,21.0,3.7,0.72,20.0,0,0
98610,23.0,17.0,27.0,4.3,1.17,16.0,0,0
98611,23.0,21.0,17.0,4.1,0.73,17.0,0,0
98614,,,,,,,,
98615,31.0,24.0,66.0,4.0,0.96,15.0,0,0
98616,9.0,13.0,10.0,4.4,0.66,15.0,0,0
98617,29.0,31.0,22.0,4.2,0.62,10.0,0,0
98618,14.0,15.0,19.0,4.6,0.94,13.0,0,0
98622,10.0,16.0,11.0,3.9,1.05,17.0,0,0
98623,15.0,16.0,12.0,4.0,0.71,9.0,0,0
98624,16.0,21.0,13.0,4.3,1.17,11.0,0,0
98627,58.0,31.0,24.0,4.3,0.86,19.0,0,0
98628,36.0,28.0,153.0,4.3,0.94,19.0,0,0
98629,15.0,18.0,48.0,4.2,0.93,12.0,0,0
98630,20.0,21.0,16.0,3.7,1.26,25.0,0,0
98631,11.0,15.0,12.0,3.9,0.62,11.0,0,0
98634,14.0,15.0,16.0,4.0,0.56,12.0,0,0
98635,16.0,22.0,13.0,4.1,0.65,7.0,0,0
98638,9.0,12.0,15.0,4.0,1.13,14.0,0,0
98640,19.0,18.0,13.0,4.0,0.52,8.0,0,0
98641,13.0,14.0,14.0,4.2,1.05,27.0,0,0
98642,11.0,21.0,9.0,4.4,0.5,7.0,0,0
98645,14.0,15.0,16.0,4.1,0.66,14.0,0,0
98646,9.0,14.0,18.0,4.1,0.77,20.0,0,0
98648,17.0,33.0,48.0,3.5,1.07,24.0,0,0
98649,20.0,22.0,20.0,4.4,1.15,21.0,0,0
98650,20.0,20.0,26.0,4.0,1.13,14.0,0,0
98651,,,,,,,,
98653,19.0,21.0,37.0,4.4,1.3,14.0,0,0
98654,39.0,45.0,56.0,4.1,0.97,14.0,0,0
98656,49.0,32.0,75.0,4.2,0.89,16.0,0,0
98657,36.0,29.0,73.0,4.6,1.06,19.0,0,0
98661,7.0,16.0,21.0,4.3,0.8,11.0,0,0
98662,26.0,29.0,22.0,4.0,0.73,11.0,0,0
98666,53.0,24.0,173.0,4.2,1.03,8.0,0,0
98667,21.0,28.0,13.0,4.2,0.94,13.0,0,0
98669,10.0,15.0,13.0,3.8,1.3,17.0,0,0
98673,13.0,15.0,20.0,3.8,0.52,10.0,0,0
98675,19.0,17.0,12.0,4.2,0.57,11.0,0,0
98676,11.0,16.0,12.0,4.5,0.53,13.0,0,0
98677,35.0,22.0,44.0,4.0,1.0,14.0,0,0
98679,26.0,26.0,41.0,4.3,0.94,21.0,0,0
98680,13.0,12.0,25.0,3.8,0.69,14.0,0,0
98681,16.0,21.0,51.0,3.9,0.72,20.0,0,0
98682,45.0,32.0,22.0,4.5,0.73,8.0,0,0
98684,9.0,19.0,15.0,3.7,0.88,12.0,0,0
98685,11.0,18.0,18.0,3.7,0.92,13.0,0,0
98687,21.0,20.0,7.0,4.2,0.73,18.0,0,0
98688,8.0,12.0,15.0,3.7,0.85,15.0,0,0
98689,28.0,20.0,22.0,3.9,0.79,23.0,0,0
98690,19.0,23.0,23.0,3.7,1.57,23.0,0,0
98691,28.0,26.0,33.0,4.0,0.74,21.0,0,0
98692,19.0,26.0,12.0,4.1,0.99,8.0,0,0
98693,21.0,27.0,14.0,4.3,0.67,14.0,0,0
98694,16.0,15.0,13.0,3.8,0.69,11.0,0,0
98695,,,,,,,,
98697,15.0,23.0,14.0,4.6,1.1,20.0,0,0
98698,10.0,17.0,16.0,3.8,0.86,17.0,0,0
98699,22.0,26.0,52.0,3.6,0.91,23.0,0,0
98701,15.0,20.0,13.0,4.0,0.64,9.0,0,0
98702,9.0,15.0,8.0,4.1,0.66,11.0,0,0
98703,,,,,,,,
98705,,,,,,,,
98707,22.0,35.0,27.0,3.6,0.74,8.0,0,0
98708,12.0,25.0,41.0,4.6,0.83,13.0,0,0
98710,28.0,20.0,18.0,4.8,0.89,19.0,0,0
98711,14.0,13.0,19.0,4.2,0.8,14.0,0,0
98713,20.0,23.0,31.0,4.1,0.97,15.0,0,0
98714,35.0,23.0,24.0,3.5,0.68,11.0,0,0
98716,15.0,16.0,21.0,4.0,0.59,13.0,0,0
98717,27.0,22.0,27.0,4.3,0.9,14.0,0,0
98718,12.0,16.0,10.0,4.0,0.76,12.0,0,0
98720,39.0,28.0,37.0,4.7,1.09,10.0,0,0
98721,21.0,24.0,17.0,4.2,0.73,12.0,0,0
98722,15.0,16.0,27.0,3.3,0.75,11.0,0,0
98724,34.0,20.0,33.0,4.0,0.65,19.0,0,0
98725,53.0,31.0,70.0,4.7,1.1,11.0,0,0
98726,25.0,27.0,20.0,4.3,1.15,22.0,0,0
98728,18.0,22.0,11.0,4.1,0.8,15.0,0,0
98729,7.0,22.0,23.0,4.0,0.9,10.0,0,0
98732,17.0,16.0,321.0,3.8,6.19,24.0,0,0
98733,17.0,14.0,14.0,4.2,0.56,10.0,0,0
98734,39.0,25.0,43.0,4.0,1.08,13.0,0,0
98740,25.0,22.0,27.0,4.5,1.22,10.0,0,0
98741,6.0,16.0,9.0,3.0,0.78,12.0,0,0
98742,10.0,19.0,21.0,3.2,1.19,28.0,0,0
98743,15.0,18.0,17.0,4.0,1.04,23.0,0,0
98744,20.0,20.0,31.0,4.1,0.74,13.0,0,0
98745,10.0,14.0,14.0,3.8,0.84,13.0,0,0
98746,14.0,26.0,26.0,4.2,1.04,10.0,0,0
98747,10.0,14.0,26.0,4.0,1.05,6.0,0,0
98748,9.0,18.0,18.0,3.9,1.11,13.0,0,0
98749,24.0,26.0,21.0,5.0,0.81,9.0,0,0
98751,25.0,22.0,27.0,4.7,0.89,9.0,0,0
98752,17.0,15.0,29.0,4.0,1.22,16.0,0,0
98753,27.0,18.0,19.0,4.3,0.89,8.0,0,0
98755,25.0,26.0,12.0,4.0,0.61,12.0,0,0
98756,9.0,17.0,10.0,3.7,2.0,33.0,0,0
98757,14.0,17.0,56.0,4.5,0.8,14.0,0,0
98759,13.0,14.0,12.0,4.4,0.55,16.0,0,0
98762,31.0,21.0,19.0,4.0,0.91,21.0,0,0
98763,,,,,,,,
98767,16.0,23.0,14.0,4.4,0.78,10.0,0,0
98768,8.0,17.0,8.0,4.2,1.1,26.0,0,0
98769,35.0,22.0,30.0,4.5,0.95,12.0,0,0
98770,10.0,14.0,28.0,3.6,0.71,9.0,0,0
98772,13.0,12.0,60.0,3.3,0.78,8.0,0,0
98773,33.0,24.0,32.0,4.8,0.81,21.0,0,0
98775,21.0,19.0,17.0,4.2,0.86,18.0,0,0
98776,9.0,16.0,13.0,4.3,0.78,11.0,0,0
98778,13.0,15.0,14.0,4.2,0.84,18.0,0,0
98780,41.0,23.0,67.0,4.2,1.02,15.0,0,0
98781,14.0,18.0,20.0,4.1,0.83,11.0,0,0
98782,11.0,20.0,14.0,3.5,0.69,10.0,0,0
98783,27.0,16.0,78.0,3.8,0.92,13.0,0,0
98784,14.0,15.0,8.0,4.3,0.68,5.0,0,0
98786,12.0,15.0,23.0,4.9,0.84,12.0,0,0
98788,10.0,13.0,15.0,4.0,0.57,10.0,0,0
98789,14.0,20.0,13.0,4.3,0.68,17.0,0,0
98790,21.0,18.0,73.0,4.0,0.95,12.0,0,0
98791,30.0,29.0,14.0,4.3,0.85,8.0,0,0
98793,25.0,31.0,19.0,4.2,0.57,17.0,0,0
98794,12.0,17.0,17.0,4.3,0.8,12.0,0,0
98795,9.0,14.0,7.0,4.1,0.62,11.0,0,0
98796,7.0,10.0,7.0,3.9,0.69,11.0,0,0
98797,32.0,23.0,36.0,4.6,0.68,14.0,0,0
98799,14.0,14.0,19.0,3.8,0.66,7.0,0,0
98801,10.0,21.0,17.0,4.4,0.82,11.0,0,0
98802,,,,,,,,
98803,40.0,27.0,31.0,4.2,0.8,15.0,0,0
98804,24.0,19.0,35.0,4.2,0.72,11.0,0,0
98806,10.0,10.0,18.0,3.6,0.51,17.0,0,0
98807,13.0,15.0,16.0,4.1,0.83,13.0,0,0
98810,9.0,14.0,38.0,3.5,0.78,7.0,0,0
98812,24.0,22.0,21.0,4.1,0.57,6.0,0,0
98813,19.0,24.0,15.0,3.9,1.13,11.0,0,0
98814,82.0,47.0,52.0,4.5,0.67,14.0,0,0
98815,23.0,23.0,174.0,3.4,0.71,9.0,0,0
98816,20.0,20.0,12.0,4.4,0.6,18.0,0,0
98817,19.0,17.0,10.0,3.9,0.61,13.0,0,0
98819,20.0,29.0,46.0,4.1,0.7,16.0,0,0
98820,17.0,23.0,24.0,4.1,0.96,19.0,0,0
98821,11.0,14.0,7.0,4.0,0.67,8.0,0,0
98822,30.0,22.0,20.0,4.4,1.02,10.0,0,0
98823,56.0,49.0,85.0,4.0,0.45,6.0,0,0
98824,56.0,33.0,31.0,3.9,0.85,9.0,0,0
98827,11.0,18.0,12.0,4.2,0.79,14.0,0,0
98828,8.0,14.0,12.0,3.8,0.75,7.0,0,0
98829,19.0,16.0,16.0,4.7,0.78,12.0,0,0
98830,26.0,19.0,35.0,4.2,1.06,12.0,0,0
98832,13.0,14.0,14.0,4.5,0.89,11.0,0,0
98833,9.0,18.0,14.0,3.9,1.01,12.0,0,0
98834,8.0,21.0,46.0,4.0,0.54,8.0,0,0
98835,9.0,16.0,10.0,4.3,0.92,13.0,0,0
98837,20.0,26.0,18.0,3.5,2.22,30.0,0,0
98838,14.0,20.0,12.0,3.8,0.84,10.0,0,0
98839,,,,,,,,
98840,21.0,19.0,13.0,3.7,0.84,9.0,0,0
98842,25.0,20.0,45.0,4.7,0.99,24.0,0,0
98843,12.0,19.0,14.0,4.2,0.76,9.0,0,0
98844,23.0,32.0,42.0,4.4,1.41,11.0,0,0
98845,20.0,16.0,16.0,3.8,0.61,11.0,0,0
98846,31.0,18.0,76.0,3.6,0.7,9.0,0,0
98847,33.0,24.0,48.0,3.9,1.02,22.0,0,0
98848,28.0,19.0,21.0,3.6,0.73,16.0,0,0
98851,11.0,16.0,19.0,4.2,0.73,15.0,0,0
98853,17.0,18.0,43.0,3.8,0.84,16.0,0,0
98854,25.0,21.0,28.0,4.2,0.86,13.0,0,0
98857,19.0,19.0,16.0,4.2,0.93,14.0,0,0
98858,,,,,,,,
98864,8.0,18.0,29.0,4.5,1.29,22.0,0,0
98865,14.0,20.0,17.0,4.2,1.09,11.0,0,0
98866,18.0,30.0,35.0,4.6,0.87,23.0,0,0
98867,20.0,33.0,52.0,4.4,0.95,14.0,0,0
98868,22.0,26.0,22.0,4.4,1.15,13.0,0,0
98869,10.0,15.0,15.0,4.0,0.89,15.0,0,0
98870,,,,,,,,
98872,13.0,16.0,23.0,4.0,1.06,10.0,0,0
98876,14.0,17.0,34.0,3.9,0.91,14.0,0,0
98877,43.0,30.0,75.0,4.3,0.96,13.0,0,0
98878,21.0,21.0,16.0,4.5,0.86,16.0,0,0
98880,,,,,,,,
98883,20.0,26.0,10.0,4.4,0.64,15.0,0,0
98884,24.0,24.0,22.0,4.4,0.83,15.0,0,0
98885,12.0,16.0,17.0,4.5,0.74,12.0,0,0
98890,17.0,17.0,14.0,4.5,0.88,11.0,0,0
98891,23.0,24.0,54.0,3.7,0.77,14.0,0,0
98892,108.0,97.0,95.0,4.4,0.71,13.0,0,0
98893,21.0,22.0,18.0,3.8,0.91,22.0,0,0
98894,96.0,57.0,176.0,4.2,1.11,11.0,0,0
98895,30.0,23.0,34.0,4.0,1.03,10.0,0,0
98896,54.0,26.0,38.0,4.0,0.54,10.0,0,0
98898,15.0,17.0,15.0,4.0,1.07,18.0,0,0
98899,14.0,16.0,14.0,4.3,0.77,14.0,0,0
98900,24.0,23.0,28.0,4.3,0.96,12.0,0,0
98901,15.0,38.0,41.0,3.7,2.44,29.0,0,0
98902,17.0,19.0,19.0,4.4,0.56,11.0,0,0
98903,22.0,20.0,17.0,3.9,0.71,19.0,0,0
98904,12.0,19.0,13.0,4.0,0.64,15.0,0,0
98905,21.0,20.0,23.0,3.6,0.84,11.0,0,0
98906,17.0,19.0,18.0,4.6,0.79,14.0,0,0
98907,16.0,19.0,18.0,4.4,1.09,20.0,0,0
98909,17.0,17.0,22.0,4.0,0.73,19.0,0,0
98910,9.0,21.0,16.0,4.6,1.04,10.0,0,0
98912,,,,,,,,
98913,15.0,25.0,8.0,4.2,0.71,13.0,0,0
98914,23.0,22.0,14.0,3.9,0.79,20.0,0,0
98916,16.0,20.0,23.0,4.3,1.05,17.0,0,0
98917,32.0,28.0,19.0,4.7,0.84,19.0,0,0
98918,11.0,18.0,15.0,4.4,0.82,10.0,0,0
98919,25.0,23.0,31.0,4.1,0.63,13.0,0,0
98920,18.0,16.0,13.0,4.5,0.81,9.0,0,0
98921,47.0,28.0,52.0,4.1,0.64,13.0,0,0
98922,13.0,16.0,11.0,4.1,1.01,16.0,0,0
98923,14.0,17.0,35.0,3.7,0.8,10.0,0,0
98924,37.0,35.0,61.0,4.5,0.63,13.0,0,0
98925,39.0,28.0,21.0,3.8,0.55,12.0,0,0
98926,16.0,19.0,18.0,4.4,0.5,14.0,0,0
98927,11.0,17.0,17.0,4.1,0.74,12.0,0,0
98928,15.0,14.0,20.0,3.2,0.54,16.0,0,0
98929,22.0,17.0,20.0,4.2,0.96,20.0,0,0
98931,24.0,26.0,11.0,4.3,0.9,13.0,0,0
98932,58.0,36.0,39.0,4.3,0.79,13.0,0,0
98933,11.0,13.0,57.0,4.0,0.68,13.0,0,0
98934,22.0,19.0,20.0,3.4,1.61,35.0,0,0
98935,17.0,25.0,27.0,4.1,0.98,14.0,0,0
98936,98.0,107.0,1192.0,3.9,0.93,15.0,0,0
98938,9.0,14.0,7.0,4.1,0.73,7.0,0,0
98940,20.0,17.0,23.0,4.1,0.7,15.0,0,0
98941,19.0,20.0,15.0,4.3,0.57,15.0,0,0
98944,25.0,19.0,25.0,4.2,0.92,11.0,0,0
98945,49.0,28.0,41.0,4.0,1.11,14.0,0,0
98946,,,,,,,,
98947,,,,,,,,
98948,86.0,54.0,212.0,4.2,0.9,16.0,0,0
98951,22.0,16.0,56.0,2.4,1.26,26.0,0,0
98952,115.0,52.0,106.0,4.3,0.61,11.0,0,0
98953,10.0,14.0,6.0,3.6,0.72,11.0,0,0
98955,,,,,,,,
98957,27.0,23.0,48.0,3.9,1.2,31.0,0,0
98958,11.0,15.0,7.0,4.6,0.57,12.0,0,0
98959,28.0,28.0,42.0,4.6,0.81,14.0,0,0
98960,24.0,14.0,39.0,4.2,0.83,13.0,0,0
98961,14.0,19.0,47.0,3.7,1.03,32.0,0,0
98962,6.0,11.0,6.0,4.6,0.73,10.0,0,0
98964,8.0,14.0,33.0,3.9,1.05,12.0,0,0
98965,14.0,9.0,29.0,3.6,0.59,13.0,0,0
98966,64.0,43.0,121.0,4.4,0.73,15.0,0,0
98967,7.0,13.0,15.0,4.0,0.62,10.0,0,0
98968,90.0,43.0,79.0,4.3,0.87,17.0,0,0
98971,42.0,36.0,27.0,3.7,0.98,10.0,0,0
98972,12.0,17.0,10.0,3.8,0.66,16.0,0,0
98975,15.0,16.0,27.0,4.6,0.65,10.0,0,0
98976,,,,,,,,
98977,,,,,,,,
98978,13.0,22.0,13.0,4.0,0.55,10.0,0,0
98980,37.0,35.0,48.0,3.8,0.81,14.0,0,0
98981,10.0,18.0,12.0,4.9,0.83,9.0,0,0
98982,13.0,18.0,19.0,3.7,0.94,11.0,0,0
98983,18.0,24.0,36.0,4.4,0.94,26.0,0,0
98985,11.0,19.0,9.0,4.3,0.68,13.0,0,0
98986,11.0,12.0,7.0,4.5,0.53,10.0,0,0
98988,19.0,15.0,22.0,3.4,0.46,17.0,0,0
98989,13.0,17.0,16.0,3.6,1.25,31.0,0,0
98990,20.0,39.0,12.0,3.9,1.05,21.0,0,0
98992,34.0,28.0,41.0,4.3,1.18,20.0,0,0
98994,32.0,24.0,31.0,4.4,0.92,19.0,0,0
98995,17.0,19.0,11.0,4.5,0.8,14.0,0,0
98996,8.0,23.0,23.0,4.2,0.88,14.0,0,0
98997,50.0,26.0,49.0,4.3,0.92,11.0,0,0
98998,8.0,15.0,20.0,3.7,0.85,16.0,0,0
99001,11.0,17.0,30.0,3.9,1.0,17.0,0,0
99002,39.0,35.0,96.0,3.9,1.42,32.0,0,0
99003,10.0,18.0,10.0,4.6,1.12,17.0,0,0
99004,10.0,14.0,10.0,4.2,0.78,8.0,0,0
99005,20.0,22.0,40.0,3.9,0.81,9.0,0,0
99006,9.0,17.0,9.0,4.1,0.7,12.0,0,0
99007,16.0,39.0,11.0,4.7,0.61,16.0,0,0
99009,10.0,17.0,10.0,4.1,0.75,11.0,0,0
99011,10.0,16.0,11.0,4.0,0.92,16.0,0,0
99012,59.0,51.0,165.0,4.3,0.68,14.0,0,0
99013,17.0,18.0,9.0,4.5,0.79,8.0,0,0
99014,34.0,22.0,25.0,4.2,0.88,13.0,0,0
99015,10.0,13.0,13.0,4.4,0.99,13.0,0,0
99016,19.0,15.0,15.0,4.5,0.94,22.0,0,0
99018,34.0,27.0,33.0,4.0,0.9,14.0,0,0
99019,15.0,17.0,14.0,3.6,0.68,10.0,0,0
99022,11.0,17.0,15.0,4.4,0.82,12.0,0,0
99023,16.0,15.0,21.0,4.4,0.93,13.0,0,0
99024,16.0,21.0,8.0,4.0,0.82,22.0,0,0
99025,13.0,20.0,10.0,3.7,0.7,10.0,0,0
99026,9.0,12.0,18.0,4.1,0.64,20.0,0,0
99028,8.0,11.0,18.0,3.7,1.01,11.0,0,0
99029,58.0,44.0,105.0,4.4,0.75,7.0,0,0
99033,15.0,14.0,26.0,4.2,0.88,14.0,0,0
99036,24.0,19.0,28.0,4.1,1.19,17.0,0,0
99037,11.0,15.0,18.0,4.1,0.55,7.0,0,0
99038,9.0,13.0,23.0,3.8,0.82,9.0,0,0
99039,26.0,24.0,16.0,4.3,0.67,13.0,0,0
99041,,,,,,,,
99042,13.0,17.0,30.0,4.8,1.5,21.0,0,0
99043,,,,,,,,
99044,12.0,17.0,15.0,4.1,0.67,12.0,0,0
99046,19.0,17.0,9.0,3.6,0.72,10.0,0,0
99047,16.0,20.0,14.0,4.2,0.83,19.0,0,0
99048,8.0,,9.0,4.8,0.74,18.0,0,0
99051,7.0,11.0,8.0,4.0,0.57,8.0,0,0
99056,22.0,39.0,149.0,3.8,2.15,45.0,0,0
99057,16.0,18.0,59.0,3.9,0.87,13.0,0,0
99058,15.0,18.0,44.0,4.0,0.52,10.0,0,0
99060,29.0,15.0,41.0,3.7,0.84,22.0,0,0
99062,105.0,74.0,69.0,4.4,0.66,16.0,0,0
99063,10.0,16.0,15.0,4.0,1.09,16.0,0,0
99064,26.0,22.0,30.0,4.0,0.9,9.0,0,0
99066,58.0,35.0,42.0,4.4,0.88,15.0,0,0
99067,20.0,20.0,9.0,4.5,0.91,17.0,0,0
99068,15.0,18.0,20.0,3.1,1.5,15.0,0,0
99069,14.0,16.0,22.0,3.7,0.95,24.0,0,0
99070,18.0,33.0,25.0,3.5,1.12,9.0,0,0
99071,14.0,18.0,7.0,4.2,0.52,8.0,0,0
99074,21.0,18.0,19.0,3.6,1.06,11.0,0,0
99081,14.0,19.0,18.0,3.7,0.67,15.0,0,0
99083,7.0,13.0,12.0,3.4,0.81,12.0,0,0
99084,10.0,16.0,6.0,3.5,0.81,11.0,0,0
99087,,,,,,,,
99089,14.0,14.0,21.0,4.0,0.74,8.0,0,0
99091,,,,,,,,
99095,17.0,15.0,16.0,3.9,0.54,10.0,0,0
99096,8.0,14.0,8.0,4.3,0.82,12.0,0,0
99098,27.0,18.0,43.0,4.2,0.55,11.0,0,0
99099,10.0,10.0,15.0,3.0,0.74,18.0,0,0
99100,15.0,15.0,13.0,4.3,0.98,23.0,0,0
99101,16.0,25.0,12.0,4.4,0.81,10.0,0,0
99102,8.0,18.0,31.0,4.4,0.85,13.0,0,0
99103,75.0,35.0,105.0,4.3,0.99,11.0,0,0
99104,27.0,29.0,26.0,4.1,0.94,17.0,0,0
99105,15.0,16.0,17.0,4.2,0.72,13.0,0,0
99107,17.0,27.0,15.0,4.3,0.89,15.0,0,0
99108,57.0,67.0,116.0,4.4,0.64,8.0,0,0
99110,16.0,19.0,13.0,4.2,0.59,12.0,0,0
99111,42.0,72.0,216.0,3.6,0.79,10.0,0,0
99114,34.0,22.0,61.0,3.9,0.75,16.0,0,0
99116,21.0,22.0,49.0,4.2,0.6,14.0,0,0
99117,11.0,14.0,12.0,4.2,0.82,18.0,0,0
99120,19.0,21.0,17.0,4.3,0.75,17.0,0,0
99121,10.0,10.0,17.0,4.1,0.86,16.0,0,0
99123,,,,,,,,
99124,18.0,28.0,12.0,4.2,0.7,22.0,0,0
99125,10.0,15.0,23.0,4.2,0.72,9.0,0,0
99126,40.0,32.0,17.0,3.7,0.45,10.0,0,0
99127,15.0,15.0,12.0,3.9,0.53,8.0,0,0
99128,22.0,38.0,35.0,4.3,1.06,8.0,0,0
99130,,,,,,,,
99131,23.0,15.0,38.0,3.9,0.66,12.0,0,0
99133,22.0,28.0,51.0,3.8,0.79,15.0,0,0
99134,9.0,15.0,17.0,3.8,0.94,13.0,0,0
99135,13.0,17.0,26.0,4.0,0.89,6.0,0,0
99136,19.0,21.0,15.0,3.0,1.15,13.0,0,0
99138,12.0,18.0,9.0,3.9,0.88,6.0,0,0
99139,9.0,12.0,9.0,3.4,0.63,13.0,0,0
99140,20.0,20.0,27.0,4.3,0.75,13.0,0,0
99144,7.0,10.0,20.0,3.9,0.81,15.0,0,0
99148,9.0,16.0,21.0,3.3,0.64,12.0,0,0
99151,10.0,14.0,11.0,4.2,0.8,16.0,0,0
99152,12.0,15.0,19.0,3.8,0.8,15.0,0,0
99153,15.0,20.0,8.0,4.4,0.75,14.0,0,0
99154,33.0,21.0,33.0,4.3,0.92,14.0,0,0
99155,8.0,14.0,29.0,4.3,0.91,9.0,0,0
99156,21.0,24.0,65.0,3.8,0.55,22.0,0,0
99157,11.0,14.0,13.0,3.7,0.67,14.0,0,0
99159,31.0,32.0,33.0,4.4,0.63,12.0,0,0
99160,8.0,13.0,19.0,3.8,0.76,11.0,0,0
99165,,,,,,,,
99167,11.0,20.0,10.0,3.7,0.74,10.0,0,0
99168,12.0,15.0,19.0,4.0,0.42,11.0,0,0
99169,15.0,18.0,19.0,3.9,1.16,13.0,0,0
99171,33.0,23.0,37.0,4.5,0.91,17.0,0,0
99172,78.0,99.0,123.0,3.1,0.95,11.0,0,0
99173,,,,,,,,
99174,21.0,20.0,31.0,4.0,0.89,21.0,0,0
99175,12.0,24.0,13.0,4.4,1.23,21.0,0,0
99176,16.0,15.0,44.0,4.6,0.61,11.0,0,0
99178,19.0,26.0,17.0,2.8,5.12,64.0,0,0
99179,7.0,9.0,42.0,4.0,0.95,19.0,0,0
99181,14.0,18.0,19.0,4.1,0.99,12.0,0,0
99182,21.0,21.0,45.0,4.2,0.73,16.0,0,0
99183,18.0,21.0,74.0,4.4,1.32,14.0,0,0
99184,10.0,19.0,11.0,4.7,0.86,13.0,0,0
99186,34.0,21.0,49.0,4.4,0.93,14.0,0,0
99187,27.0,18.0,15.0,4.4,0.81,14.0,0,0
99188,,,,,,,,
99189,13.0,17.0,8.0,4.7,0.87,16.0,0,0
99190,16.0,18.0,18.0,4.2,0.74,10.0,0,0
99191,14.0,20.0,13.0,3.8,0.97,17.0,0,0
99193,11.0,13.0,19.0,4.2,0.59,11.0,0,0
99194,18.0,20.0,32.0,4.2,0.7,11.0,0,0
99195,30.0,21.0,40.0,3.9,1.01,16.0,0,0
99197,11.0,16.0,12.0,4.4,0.66,11.0,0,0
99198,17.0,13.0,50.0,4.3,0.56,16.0,0,0
99199,11.0,18.0,11.0,4.3,0.78,8.0,0,0
99200,,,,,,,,
99201,13.0,16.0,11.0,3.8,0.66,9.0,0,0
99204,22.0,19.0,20.0,4.5,0.52,12.0,0,0
99207,13.0,17.0,44.0,4.1,0.82,18.0,0,0
99208,25.0,19.0,48.0,4.6,0.93,13.0,0,0
99209,8.0,16.0,11.0,3.7,0.73,18.0,0,0
99210,47.0,44.0,21.0,3.7,1.21,20.0,0,0
99211,20.0,44.0,8.0,4.1,0.86,13.0,0,0
99212,16.0,25.0,13.0,4.3,0.88,10.0,0,0
99215,13.0,20.0,13.0,4.4,0.73,10.0,0,0
99217,,,,,,,,
99220,7.0,16.0,22.0,4.0,0.63,10.0,0,0
99221,17.0,26.0,10.0,4.6,0.99,19.0,0,0
99222,,,,,,,,
99223,,,,,,,,
99224,13.0,29.0,31.0,3.6,0.66,12.0,0,0
99226,11.0,13.0,14.0,4.0,0.71,9.0,0,0
99227,37.0,24.0,56.0,4.3,0.7,12.0,0,0
99229,8.0,16.0,7.0,3.0,0.61,4.0,0,0
99230,12.0,17.0,17.0,3.9,0.94,16.0,0,0
99231,17.0,19.0,12.0,3.8,0.72,13.0,0,0
99232,56.0,27.0,55.0,4.5,0.88,13.0,0,0
99233,12.0,17.0,14.0,4.6,0.73,14.0,0,0
99234,18.0,22.0,18.0,4.4,1.22,12.0,0,0
99237,17.0,18.0,18.0,4.1,0.77,12.0,0,0
99238,12.0,16.0,9.0,4.4,0.48,13.0,0,0
99239,18.0,20.0,55.0,4.0,1.71,43.0,0,0
99240,11.0,16.0,12.0,4.2,0.63,8.0,0,0
99241,16.0,22.0,28.0,4.1,0.79,19.0,0,0
99242,18.0,20.0,20.0,4.0,0.78,15.0,0,0
99243,17.0,18.0,31.0,3.8,0.6,13.0,0,0
99246,8.0,14.0,17.0,3.7,0.9,10.0,0,0
99247,19.0,19.0,13.0,4.4,1.02,12.0,0,0
99248,,,,,,,,
99249,,,,,,,,
99251,26.0,21.0,11.0,4.5,1.04,16.0,0,0
99255,11.0,13.0,22.0,3.7,0.87,15.0,0,0
99256,26.0,16.0,14.0,3.8,1.18,26.0,0,0
99257,18.0,19.0,14.0,3.4,0.68,9.0,0,0
99258,29.0,23.0,19.0,4.2,1.06,17.0,0,0
99259,13.0,20.0,11.0,4.1,0.68,11.0,0,0
99260,7.0,8.0,27.0,3.3,0.67,12.0,0,0
99262,13.0,17.0,18.0,3.6,0.93,13.0,0,0
99263,14.0,14.0,35.0,4.0,0.62,7.0,0,0
99265,29.0,19.0,56.0,3.7,0.48,12.0,0,0
99269,10.0,16.0,12.0,3.6,1.18,20.0,0,0
99270,19.0,26.0,38.0,4.1,0.87,23.0,0,0
99271,13.0,15.0,16.0,4.5,0.52,15.0,0,0
99274,18.0,20.0,16.0,3.8,0.86,17.0,0,0
99275,10.0,17.0,11.0,4.3,0.65,11.0,0,0
99277,12.0,17.0,18.0,4.2,0.57,4.0,0,0
99278,51.0,29.0,44.0,4.0,1.09,19.0,0,0
99279,11.0,15.0,11.0,3.5,0.51,15.0,0,0
99280,156.0,87.0,103.0,4.3,1.03,16.0,0,0
99282,30.0,19.0,74.0,4.2,0.58,7.0,0,0
99283,15.0,15.0,12.0,4.0,0.86,16.0,0,0
99284,10.0,18.0,19.0,4.4,0.69,11.0,0,0
99285,25.0,22.0,50.0,3.7,0.7,16.0,0,0
99286,,,,,,,,
99287,29.0,28.0,51.0,4.4,0.86,18.0,0,0
99289,18.0,21.0,12.0,3.9,0.67,15.0,0,0
99290,20.0,26.0,19.0,4.4,1.01,16.0,0,0
99291,61.0,28.0,65.0,4.2,0.81,12.0,0,0
99292,10.0,15.0,18.0,4.2,0.85,12.0,0,0
99293,11.0,13.0,20.0,3.9,1.77,33.0,0,0
99295,9.0,14.0,9.0,4.0,0.49,11.0,0,0
99296,19.0,27.0,9.0,4.1,0.77,11.0,0,0
99297,18.0,14.0,18.0,3.9,0.82,13.0,0,0
99298,,,,,,,,
99299,21.0,15.0,19.0,3.9,0.77,29.0,0,0
99300,13.0,19.0,10.0,4.1,0.64,9.0,0,0
99302,13.0,16.0,10.0,4.3,0.77,13.0,0,0
99303,13.0,23.0,51.0,4.0,1.96,14.0,0,0
99304,32.0,29.0,111.0,4.2,0.84,15.0,0,0
99305,22.0,23.0,66.0,3.9,1.0,20.0,0,0
99306,9.0,15.0,12.0,4.6,0.8,13.0,0,0
99308,17.0,19.0,28.0,4.0,0.68,8.0,0,0
99309,9.0,17.0,7.0,4.1,0.75,25.0,0,0
99310,14.0,17.0,17.0,3.5,0.69,20.0,0,0
99311,20.0,20.0,59.0,3.9,0.83,17.0,0,0
99312,29.0,22.0,15.0,4.5,1.03,8.0,0,0
99313,22.0,25.0,13.0,3.9,0.76,22.0,0,0
99315,19.0,23.0,13.0,4.3,0.93,12.0,0,0
99316,24.0,22.0,28.0,4.4,0.64,10.0,0,0
99318,11.0,19.0,15.0,3.8,1.08,11.0,0,0
99320,10.0,15.0,12.0,4.3,0.81,18.0,0,0
99321,37.0,27.0,23.0,4.8,0.85,22.0,0,0
99322,13.0,18.0,34.0,4.0,0.9,8.0,0,0
99325,10.0,18.0,13.0,4.3,0.92,8.0,0,0
99327,21.0,20.0,120.0,4.0,0.98,12.0,0,0
99329,17.0,20.0,27.0,4.0,1.08,18.0,0,0
99330,40.0,27.0,80.0,4.4,0.79,12.0,0,0
99332,17.0,18.0,25.0,4.0,0.5,12.0,0,0
99333,,,,,,,,
99335,25.0,27.0,101.0,3.5,1.0,10.0,0,0
99338,10.0,13.0,14.0,3.5,0.68,10.0,0,0
99339,8.0,13.0,5.0,3.0,0.48,6.0,0,0
99340,9.0,11.0,10.0,4.2,0.73,8.0,0,0
99341,14.0,20.0,6.0,3.8,0.96,17.0,0,0
99343,11.0,14.0,19.0,3.9,2.18,31.0,0,0
99344,22.0,20.0,24.0,4.4,0.9,12.0,0,0
99345,42.0,34.0,41.0,4.3,0.76,11.0,0,0
99346,9.0,16.0,12.0,4.3,1.0,11.0,0,0
99347,,,,,,,,
99348,11.0,15.0,10.0,3.7,0.76,14.0,0,0
99349,54.0,45.0,21.0,4.3,1.16,15.0,0,0
99351,13.0,18.0,18.0,3.6,1.79,16.0,0,0
99353,10.0,15.0,28.0,3.8,0.8,11.0,0,0
99354,22.0,22.0,32.0,3.9,0.8,12.0,0,0
99358,18.0,20.0,21.0,4.3,1.02,15.0,0,0
99359,23.0,14.0,16.0,3.6,0.8,18.0,0,0
99361,11.0,11.0,16.0,4.0,1.11,12.0,0,0
99364,28.0,26.0,30.0,4.0,0.73,14.0,0,0
99366,13.0,14.0,29.0,3.5,0.58,7.0,0,0
99369,11.0,20.0,11.0,4.4,0.53,10.0,0,0
99370,18.0,16.0,45.0,3.6,0.88,19.0,0,0
99372,26.0,24.0,9.0,3.9,0.96,15.0,0,0
99373,15.0,17.0,19.0,4.2,0.55,11.0,0,0
99374,17.0,15.0,14.0,4.2,0.6,8.0,0,0
99376,17.0,16.0,63.0,4.0,1.29,16.0,0,0
99377,15.0,17.0,96.0,3.6,0.73,23.0,0,0
99378,17.0,21.0,11.0,4.0,0.62,9.0,0,0
99380,10.0,18.0,9.0,3.5,0.9,27.0,0,0
99381,13.0,19.0,17.0,3.5,0.65,14.0,0,0
99383,10.0,19.0,15.0,4.4,1.36,27.0,0,0
99385,16.0,19.0,14.0,4.2,0.83,16.0,0,0
99387,,,,,,,,
99388,20.0,18.0,15.0,3.8,0.68,14.0,0,0
99389,18.0,14.0,29.0,3.6,0.6,10.0,0,0
99390,8.0,13.0,8.0,3.9,0.8,13.0,0,0
99391,,,,,,,,
99392,,,,,,,,
99393,19.0,19.0,23.0,4.3,1.0,15.0,0,0
99394,14.0,20.0,19.0,4.6,1.04,14.0,0,0
99396,36.0,23.0,42.0,3.9,0.56,11.0,0,0
99400,13.0,19.0,13.0,3.9,0.56,11.0,0,0
99401,10.0,21.0,10.0,4.2,0.74,11.0,0,0
99402,24.0,18.0,31.0,4.0,1.26,13.0,0,0
99404,11.0,16.0,8.0,4.1,0.6,13.0,0,0
99405,38.0,28.0,27.0,4.1,1.07,21.0,0,0
99407,17.0,19.0,15.0,4.0,0.8,11.0,0,0
99410,14.0,18.0,13.0,3.5,0.57,8.0,0,0
99412,18.0,20.0,32.0,4.2,1.02,14.0,0,0
99413,27.0,25.0,12.0,4.0,0.55,10.0,0,0
99415,53.0,39.0,46.0,4.0,0.72,16.0,0,0
99416,48.0,49.0,31.0,4.2,1.03,18.0,0,0
99417,11.0,12.0,15.0,4.8,0.75,11.0,0,0
99418,14.0,17.0,19.0,3.9,0.9,16.0,0,0
99419,61.0,39.0,312.0,4.4,0.98,13.0,0,0
99420,26.0,23.0,28.0,4.4,0.88,20.0,0,0
99421,23.0,23.0,25.0,3.9,0.87,17.0,0,0
99422,27.0,29.0,23.0,3.9,0.93,14.0,0,0
99424,6.0,14.0,22.0,4.0,1.27,9.0,0,0
99425,33.0,31.0,43.0,3.7,0.84,6.0,0,0
99427,16.0,12.0,16.0,3.7,0.89,13.0,0,0
99428,11.0,17.0,10.0,4.5,0.71,8.0,0,0
99429,,,,,,,,
99430,51.0,21.0,34.0,3.7,0.89,16.0,0,0
99431,,,,,,,,
99434,,,,,,,,
99435,15.0,23.0,19.0,4.9,0.98,16.0,0,0
99436,158.0,124.0,305.0,4.1,0.63,10.0,0,0
99437,12.0,21.0,11.0,4.2,1.24,31.0,0,0
99438,20.0,26.0,13.0,4.1,0.71,12.0,0,0
99439,14.0,16.0,23.0,4.1,0.62,10.0,0,0
99440,9.0,16.0,24.0,4.1,0.65,17.0,0,0
99441,9.0,18.0,18.0,4.0,0.69,17.0,0,0
99442,8.0,13.0,10.0,4.1,0.62,8.0,0,0
99443,26.0,20.0,75.0,4.1,1.02,15.0,0,0
99444,43.0,27.0,62.0,4.0,0.89,17.0,0,0
99445,12.0,17.0,9.0,4.8,0.83,10.0,0,0
99446,24.0,22.0,9.0,4.5,0.84,22.0,0,0
99447,18.0,27.0,11.0,4.0,0.51,12.0,0,0
99448,18.0,29.0,11.0,3.8,1.13,17.0,0,0
99449,27.0,16.0,34.0,4.4,1.18,15.0,0,0
99450,,,,,,,,
99451,11.0,11.0,15.0,3.7,0.58,8.0,0,0
99452,37.0,49.0,106.0,3.4,0.88,18.0,0,0
99453,13.0,15.0,11.0,4.2,0.63,10.0,0,0
99454,15.0,25.0,54.0,3.5,4.28,11.0,0,0
99455,15.0,22.0,10.0,4.4,0.49,7.0,0,0
99456,66.0,34.0,26.0,4.7,0.83,8.0,0,0
99457,18.0,20.0,17.0,4.4,0.85,20.0,0,0
99459,11.0,13.0,15.0,4.0,0.76,10.0,0,0
99460,32.0,30.0,15.0,4.0,0.88,9.0,0,0
99461,20.0,38.0,13.0,4.3,0.9,24.0,0,0
99462,22.0,42.0,10.0,4.4,0.25,6.0,0,0
99463,19.0,17.0,18.0,4.1,0.66,14.0,0,0
99464,13.0,12.0,23.0,3.6,0.73,12.0,0,0
99465,12.0,23.0,15.0,4.0,0.76,9.0,0,0
99466,12.0,11.0,12.0,3.6,0.5,12.0,0,0
99469,36.0,22.0,24.0,3.9,1.01,16.0,0,0
99470,16.0,21.0,56.0,3.7,0.75,13.0,0,0
99471,18.0,15.0,24.0,4.4,1.03,12.0,0,0
99473,23.0,22.0,17.0,3.9,1.01,12.0,0,0
99474,21.0,17.0,22.0,4.0,1.28,22.0,0,0
99475,44.0,56.0,24.0,4.1,1.54,8.0,0,0
99477,18.0,19.0,31.0,4.2,0.83,18.0,0,0
99479,20.0,26.0,26.0,3.5,0.52,10.0,0,0
99480,9.0,18.0,8.0,4.3,0.56,9.0,0,0
99481,11.0,16.0,7.0,4.1,0.81,10.0,0,0
99483,18.0,25.0,24.0,4.7,1.07,19.0,0,0
99484,35.0,23.0,40.0,3.8,0.62,13.0,0,0
99486,29.0,25.0,105.0,3.9,0.64,8.0,0,0
99488,37.0,23.0,23.0,4.0,0.95,17.0,0,0
99489,17.0,18.0,24.0,4.7,0.76,13.0,0,0
99491,22.0,34.0,13.0,4.6,1.09,14.0,0,0
99492,13.0,19.0,32.0,3.7,0.86,14.0,0,0
99494,14.0,17.0,20.0,3.6,0.65,15.0,0,0
99495,8.0,13.0,12.0,4.2,0.63,9.0,0,0
99496,16.0,18.0,65.0,4.0,0.59,11.0,0,0
99497,27.0,21.0,61.0,4.0,0.65,14.0,0,0
99498,22.0,23.0,16.0,4.4,0.78,15.0,0,0
99499,33.0,24.0,33.0,4.0,1.04,15.0,0,0
99500,16.0,18.0,22.0,4.3,1.0,20.0,0,0
99501,18.0,23.0,24.0,4.1,0.84,17.0,0,0
99502,36.0,22.0,33.0,4.6,0.8,18.0,0,0
99503,22.0,20.0,56.0,4.3,0.79,18.0,0,0
99505,,,,,,,,
99506,30.0,25.0,23.0,3.2,1.3,23.0,0,0
99507,,,,,,,,
99509,20.0,25.0,14.0,4.2,0.79,14.0,0,0
99510,17.0,19.0,15.0,4.3,0.45,7.0,0,0
99511,43.0,30.0,15.0,4.4,0.77,15.0,0,0
99512,7.0,13.0,20.0,3.9,0.84,12.0,0,0
99513,9.0,10.0,9.0,4.1,0.82,15.0,0,0
99514,,,,,,,,
99517,11.0,14.0,20.0,4.3,0.78,12.0,0,0
99518,23.0,18.0,58.0,3.9,1.88,40.0,0,0
99519,,,,,,,,
99521,10.0,13.0,15.0,3.5,0.96,18.0,0,0
99522,14.0,18.0,16.0,3.9,1.32,16.0,0,0
99524,20.0,21.0,45.0,3.9,1.29,17.0,0,0
99525,14.0,14.0,9.0,4.5,0.73,8.0,0,0
99526,12.0,13.0,18.0,4.0,0.65,11.0,0,0
99531,12.0,16.0,27.0,3.6,0.62,7.0,0,0
99532,12.0,19.0,9.0,4.4,0.7,15.0,0,0
99533,14.0,16.0,16.0,3.9,0.63,14.0,0,0
99534,19.0,18.0,21.0,3.6,0.62,12.0,0,0
99535,20.0,16.0,68.0,4.0,0.89,15.0,0,0
99536,12.0,15.0,36.0,4.1,0.88,17.0,0,0
99538,23.0,27.0,68.0,4.0,1.08,14.0,0,0
99539,56.0,47.0,119.0,3.7,1.48,14.0,0,0
99540,14.0,15.0,18.0,4.0,1.36,16.0,0,0
99541,24.0,21.0,47.0,4.2,0.9,14.0,0,0
99542,13.0,19.0,9.0,4.2,0.76,12.0,0,0
99543,23.0,26.0,25.0,4.0,0.85,14.0,0,0
99544,13.0,20.0,13.0,4.7,0.78,21.0,0,0
99545,211.0,115.0,309.0,4.7,0.75,11.0,0,0
99547,30.0,20.0,25.0,4.8,0.98,11.0,0,0
99548,15.0,15.0,16.0,4.0,0.9,20.0,0,0
99549,,,,,,,,
99552,7.0,12.0,10.0,3.7,0.71,7.0,0,0
99554,23.0,22.0,69.0,4.3,1.26,17.0,0,0
99556,,,,,,,,
99559,14.0,18.0,12.0,4.4,0.61,12.0,0,0
99563,14.0,17.0,30.0,4.1,1.29,17.0,0,0
99564,10.0,17.0,11.0,3.9,0.84,20.0,0,0
99565,13.0,16.0,41.0,3.8,1.14,26.0,0,0
99567,11.0,20.0,13.0,4.8,0.95,19.0,0,0
99568,39.0,26.0,49.0,4.0,0.68,22.0,0,0
99573,12.0,23.0,21.0,4.2,1.11,7.0,0,0
99574,16.0,17.0,46.0,4.1,1.04,16.0,0,0
99575,14.0,16.0,21.0,3.6,0.84,15.0,0,0
99577,69.0,38.0,25.0,4.1,0.77,16.0,0,0
99579,38.0,19.0,20.0,4.3,0.99,14.0,0,0
99580,15.0,25.0,27.0,4.3,0.88,7.0,0,0
99583,9.0,15.0,9.0,4.5,0.73,14.0,0,0
99584,128.0,53.0,47.0,4.5,0.91,11.0,0,0
99585,22.0,25.0,52.0,4.3,1.05,13.0,0,0
99587,,,,,,,,
99588,13.0,17.0,13.0,4.6,0.6,6.0,0,0
99589,,,,,,,,
99590,23.0,21.0,12.0,4.4,0.82,13.0,0,0
99591,8.0,18.0,12.0,4.2,0.59,10.0,0,0
99593,14.0,18.0,12.0,4.5,1.21,15.0,0,0
99596,18.0,18.0,11.0,4.2,1.06,15.0,0,0
99597,18.0,18.0,39.0,3.7,1.23,17.0,0,0
99599,17.0,21.0,7.0,3.4,0.78,9.0,0,0
99600,13.0,14.0,26.0,4.0,0.74,9.0,0,0
99602,11.0,10.0,17.0,4.0,0.74,24.0,0,0
99603,35.0,24.0,25.0,4.1,1.14,19.0,0,0
99604,32.0,25.0,15.0,4.5,2.0,21.0,0,0
99605,46.0,24.0,25.0,4.1,0.86,12.0,0,0
99606,10.0,13.0,19.0,3.7,0.86,17.0,0,0
99609,16.0,16.0,24.0,3.7,0.84,16.0,0,0
99610,13.0,15.0,17.0,3.4,1.18,27.0,0,0
99611,8.0,15.0,9.0,4.4,0.55,7.0,0,0
99613,30.0,30.0,57.0,3.9,1.17,15.0,0,0
99614,47.0,19.0,81.0,4.2,0.65,18.0,0,0
99615,20.0,20.0,19.0,3.8,1.01,20.0,0,0
99616,84.0,46.0,45.0,3.3,0.68,8.0,0,0
99617,13.0,20.0,11.0,4.1,0.86,13.0,0,0
99618,20.0,34.0,20.0,4.3,1.01,11.0,0,0
99619,22.0,19.0,24.0,4.0,0.98,8.0,0,0
99621,26.0,17.0,24.0,4.0,0.67,18.0,0,0
99622,19.0,12.0,24.0,3.8,0.62,14.0,0,0
99624,30.0,21.0,43.0,4.4,1.07,16.0,0,0
99625,18.0,21.0,12.0,4.2,1.06,25.0,0,0
99628,14.0,12.0,17.0,4.4,0.45,13.0,0,0
99629,12.0,15.0,12.0,4.1,0.7,15.0,0,0
99630,17.0,17.0,14.0,4.2,0.95,23.0,0,0
99631,15.0,22.0,15.0,4.4,0.8,9.0,0,0
99632,10.0,20.0,16.0,4.3,1.01,21.0,0,0
99633,20.0,15.0,28.0,4.0,1.13,17.0,0,0
99635,18.0,30.0,26.0,3.9,0.7,7.0,0,0
99636,15.0,15.0,20.0,3.6,0.64,11.0,0,0
99637,28.0,18.0,35.0,4.5,0.94,15.0,0,0
99639,11.0,16.0,13.0,4.2,0.72,14.0,0,0
99641,11.0,14.0,17.0,4.0,1.07,11.0,0,0
99643,10.0,12.0,42.0,3.4,0.55,9.0,0,0
99645,8.0,13.0,14.0,3.8,0.89,15.0,0,0
99647,14.0,19.0,27.0,3.8,1.13,24.0,0,0
99653,21.0,19.0,20.0,4.6,1.07,17.0,0,0
99655,5.0,11.0,8.0,4.7,1.09,8.0,0,0
99658,10.0,13.0,46.0,3.5,4.05,25.0,0,0
99659,11.0,15.0,14.0,4.2,0.78,12.0,0,0
99660,16.0,12.0,18.0,3.1,0.73,22.0,0,0
99661,26.0,26.0,129.0,4.2,0.74,17.0,0,0
99662,26.0,31.0,41.0,3.9,0.86,19.0,0,0
99663,11.0,16.0,15.0,4.5,0.8,21.0,0,0
99665,15.0,18.0,10.0,3.3,0.77,16.0,0,0
99668,22.0,20.0,27.0,4.1,1.02,15.0,0,0
99670,9.0,13.0,43.0,3.5,2.62,27.0,0,0
99672,9.0,12.0,19.0,4.0,0.46,11.0,0,0
99674,14.0,16.0,28.0,4.2,0.76,16.0,0,0
99675,18.0,13.0,18.0,3.9,0.59,22.0,0,0
99676,14.0,18.0,10.0,3.9,0.61,11.0,0,0
99677,61.0,162.0,13.0,4.2,0.8,9.0,0,0
99678,,,,,,,,
99679,26.0,23.0,52.0,4.3,0.9,18.0,0,0
99680,13.0,16.0,15.0,3.7,0.97,10.0,0,0
99681,4.0,13.0,9.0,4.1,0.62,8.0,0,0
99682,17.0,21.0,14.0,3.9,1.01,23.0,0,0
99683,15.0,19.0,8.0,4.0,0.76,17.0,0,0
99684,9.0,16.0,15.0,4.0,0.6,16.0,0,0
99686,10.0,12.0,16.0,3.9,0.83,14.0,0,0
99689,12.0,20.0,11.0,4.7,1.03,20.0,0,0
99691,13.0,18.0,22.0,3.4,0.69,11.0,0,0
99694,33.0,23.0,18.0,4.0,0.86,10.0,0,0
99695,12.0,13.0,16.0,3.8,0.74,12.0,0,0
99696,11.0,23.0,7.0,4.0,0.65,8.0,0,0
99697,150.0,69.0,28.0,3.9,0.55,16.0,0,0
99698,7.0,10.0,19.0,3.4,1.23,24.0,0,0
99699,20.0,18.0,34.0,4.3,0.71,15.0,0,0
99700,14.0,19.0,45.0,4.0,1.04,17.0,0,0
99702,29.0,35.0,48.0,4.1,1.21,14.0,0,0
99703,10.0,20.0,10.0,4.2,0.7,19.0,0,0
99705,,,,,,,,
99706,,,,,,,,
99708,,,,,,,,
99709,9.0,13.0,7.0,4.5,0.92,14.0,0,0
99710,8.0,14.0,12.0,4.0,0.64,13.0,0,0
99711,24.0,15.0,29.0,3.8,0.83,20.0,0,0
99713,8.0,18.0,13.0,4.5,0.85,10.0,0,0
99714,14.0,15.0,12.0,4.3,0.64,8.0,0,0
99715,8.0,13.0,14.0,3.4,0.54,11.0,0,0
99716,135.0,121.0,35.0,4.0,0.55,9.0,0,0
99717,11.0,15.0,21.0,4.0,0.73,15.0,0,0
99719,10.0,22.0,18.0,4.2,0.97,12.0,0,0
99720,62.0,46.0,57.0,3.9,1.08,13.0,0,0
99721,9.0,12.0,18.0,3.8,0.79,10.0,0,0
99724,56.0,39.0,89.0,4.1,0.84,11.0,0,0
99726,24.0,25.0,26.0,4.0,0.62,21.0,0,0
99727,15.0,18.0,16.0,4.1,1.01,28.0,0,0
99728,15.0,21.0,15.0,4.2,0.58,12.0,0,0
99732,11.0,12.0,8.0,4.4,0.59,17.0,0,0
99735,11.0,24.0,11.0,4.6,0.71,7.0,0,0
99736,19.0,17.0,19.0,4.8,1.11,15.0,0,0
99737,,,,,,,,
99739,,,,,,,,
99740,14.0,17.0,27.0,4.6,1.1,20.0,0,0
99741,12.0,20.0,22.0,4.5,1.05,13.0,0,0
99742,15.0,16.0,90.0,3.5,1.24,15.0,0,0
99743,20.0,18.0,14.0,4.0,0.79,13.0,0,0
99744,9.0,17.0,11.0,4.0,0.92,10.0,0,0
99745,41.0,26.0,24.0,4.3,0.92,16.0,0,0
99747,9.0,16.0,10.0,4.1,1.28,30.0,0,0
99749,19.0,15.0,36.0,3.6,0.71,10.0,0,0
99751,19.0,17.0,30.0,4.5,0.73,10.0,0,0
99754,,,,,,,,
99757,11.0,16.0,7.0,4.3,0.61,11.0,0,0
99758,21.0,18.0,30.0,4.0,0.78,22.0,0,0
99759,58.0,37.0,31.0,4.0,0.81,18.0,0,0
99760,18.0,17.0,35.0,4.1,0.78,17.0,0,0
99761,15.0,17.0,8.0,3.5,0.57,7.0,0,0
99762,13.0,16.0,15.0,4.4,0.95,25.0,0,0
99763,19.0,17.0,27.0,4.2,0.5,11.0,0,0
99765,12.0,15.0,24.0,3.6,0.91,15.0,0,0
99766,27.0,21.0,28.0,4.1,0.68,9.0,0,0
99768,41.0,21.0,64.0,3.9,0.66,14.0,0,0
99769,,,,,,,,
99770,8.0,13.0,14.0,4.8,0.82,10.0,0,0
99771,6.0,11.0,9.0,4.1,0.76,8.0,0,0
99772,7.0,11.0,15.0,3.2,0.72,7.0,0,0
99773,,,,,,,,
99774,34.0,35.0,35.0,3.9,0.56,9.0,0,0
99776,16.0,12.0,17.0,4.1,1.11,22.0,0,0
99777,30.0,28.0,17.0,4.2,1.13,17.0,0,0
99778,,,,,,,,
99779,12.0,15.0,15.0,3.4,0.68,9.0,0,0
99782,60.0,83.0,74.0,4.1,0.73,9.0,0,0
99783,35.0,19.0,44.0,4.3,0.54,13.0,0,0
99785,19.0,19.0,30.0,3.7,0.93,21.0,0,0
99786,19.0,21.0,24.0,4.4,1.06,16.0,0,0
99788,15.0,23.0,11.0,4.6,0.98,14.0,0,0
99790,20.0,21.0,15.0,4.4,1.06,14.0,0,0
99792,15.0,20.0,12.0,4.2,1.07,15.0,0,0
99793,14.0,21.0,7.0,4.3,0.56,11.0,0,0
99795,9.0,12.0,61.0,3.6,0.63,11.0,0,0
99797,6.0,24.0,28.0,3.0,1.02,17.0,0,0
99798,,,,,,,,
99799,10.0,18.0,9.0,4.0,0.62,8.0,0,0
99800,,,,,,,,
99802,10.0,15.0,11.0,4.5,0.47,10.0,0,0
99803,,,,,,,,
99804,35.0,23.0,24.0,4.1,1.04,19.0,0,0
99806,25.0,24.0,28.0,4.4,0.88,20.0,0,0
99807,29.0,18.0,43.0,4.7,0.94,19.0,0,0
99808,12.0,16.0,25.0,3.7,0.71,11.0,0,0
99810,16.0,25.0,17.0,4.3,0.72,13.0,0,0
99811,17.0,14.0,39.0,3.6,0.54,19.0,0,0
99813,,,,,,,,
99815,16.0,20.0,25.0,3.9,0.63,13.0,0,0
99816,20.0,16.0,31.0,4.4,0.81,9.0,0,0
99817,9.0,12.0,21.0,4.7,0.85,13.0,0,0
99819,33.0,25.0,21.0,4.0,0.96,14.0,0,0
99820,23.0,22.0,11.0,3.9,0.53,29.0,0,0
99822,,,,,,,,
99824,14.0,24.0,5.0,4.0,0.94,14.0,0,0
99825,17.0,14.0,19.0,3.9,0.82,18.0,0,0
99826,60.0,36.0,43.0,4.4,0.76,14.0,0,0
99828,27.0,26.0,12.0,4.4,0.45,15.0,0,0
99829,14.0,23.0,15.0,3.9,0.47,10.0,0,0
99830,19.0,18.0,16.0,4.0,0.85,14.0,0,0
99831,10.0,22.0,31.0,4.6,1.13,11.0,0,0
99833,33.0,30.0,52.0,4.5,0.93,22.0,0,0
99834,36.0,28.0,42.0,4.4,0.82,18.0,0,0
99836,10.0,20.0,17.0,4.5,0.64,10.0,0,0
99838,15.0,14.0,57.0,3.8,0.91,12.0,0,0
99839,15.0,16.0,20.0,3.8,0.79,15.0,0,0
99840,11.0,15.0,14.0,3.8,0.54,9.0,0,0
99841,16.0,19.0,31.0,4.8,0.66,9.0,0,0
99842,44.0,25.0,10.0,3.8,0.94,15.0,0,0
99844,47.0,24.0,31.0,3.9,1.0,11.0,0,0
99848,36.0,38.0,33.0,4.2,0.75,8.0,0,0
99851,10.0,17.0,26.0,4.2,1.19,31.0,0,0
99852,,,,,,,,
99853,15.0,20.0,11.0,4.4,0.7,10.0,0,0
99854,10.0,18.0,10.0,3.9,1.08,22.0,0,0
99855,25.0,30.0,14.0,4.0,0.99,17.0,0,0
99856,13.0,18.0,22.0,4.0,0.92,8.0,0,0
99857,25.0,20.0,30.0,3.6,0.68,11.0,0,0
99858,25.0,20.0,38.0,3.9,0.96,20.0,0,0
99861,17.0,20.0,19.0,4.5,0.72,8.0,0,0
99864,21.0,15.0,14.0,3.4,0.69,13.0,0,0
99866,18.0,18.0,23.0,3.9,0.82,15.0,0,0
99867,28.0,24.0,28.0,4.1,0.94,10.0,0,0
99868,23.0,35.0,23.0,3.8,1.19,27.0,0,0
99869,18.0,22.0,11.0,4.3,1.21,15.0,0,0
99870,22.0,20.0,48.0,3.8,0.98,15.0,0,0
99871,25.0,17.0,17.0,3.8,0.74,7.0,0,0
99872,27.0,15.0,24.0,2.6,0.72,8.0,0,0
99873,,,,,,,,
99874,34.0,30.0,12.0,4.1,0.77,18.0,0,0
99875,9.0,14.0,12.0,3.8,0.65,10.0,0,0
99876,17.0,18.0,34.0,4.4,0.97,12.0,0,0
99879,9.0,14.0,12.0,3.9,0.64,7.0,0,0
99881,18.0,21.0,33.0,4.4,0.7,12.0,0,0
99882,9.0,14.0,20.0,4.3,0.86,9.0,0,0
99883,21.0,20.0,30.0,4.5,0.98,13.0,0,0
99884,29.0,33.0,51.0,4.4,0.81,19.0,0,0
99885,,,,,,,,
99886,13.0,15.0,18.0,4.2,0.74,13.0,0,0
99887,10.0,16.0,5.0,3.7,0.66,10.0,0,0
99890,27.0,25.0,40.0,4.2,0.66,11.0,0,0
99891,15.0,21.0,10.0,4.1,0.67,18.0,0,0
99892,10.0,14.0,12.0,4.2,0.83,11.0,0,0
99893,8.0,10.0,17.0,3.9,0.59,12.0,0,0
99894,39.0,22.0,61.0,4.5,0.77,14.0,0,0
99895,11.0,16.0,12.0,3.4,1.13,10.0,0,0
99896,38.0,23.0,41.0,4.6,0.84,11.0,0,0
99898,119.0,67.0,126.0,4.4,0.95,12.0,0,0
99899,18.0,23.0,19.0,4.3,1.23,23.0,0,0
99900,,,,,,,,
99901,11.0,13.0,14.0,3.7,0.83,11.0,0,0
99902,17.0,23.0,15.0,4.2,0.51,11.0,0,0
99905,33.0,43.0,17.0,4.3,1.36,15.0,0,0
99907,13.0,17.0,20.0,3.9,0.99,20.0,0,0
99908,22.0,20.0,41.0,4.1,0.61,16.0,0,0
99909,39.0,20.0,27.0,4.0,1.01,16.0,0,0
99910,9.0,12.0,11.0,4.1,0.82,12.0,0,0
99911,13.0,18.0,12.0,4.4,0.48,6.0,0,0
99912,9.0,15.0,12.0,4.2,0.91,16.0,0,0
99913,13.0,17.0,18.0,4.0,1.2,16.0,0,0
99914,8.0,13.0,11.0,4.0,0.86,12.0,0,0
99915,14.0,20.0,32.0,4.0,1.02,13.0,0,0
99918,12.0,17.0,10.0,3.9,0.63,11.0,0,0
99919,10.0,15.0,21.0,3.9,1.21,17.0,0,0
99920,35.0,20.0,32.0,2.9,0.53,6.0,0,0
99921,16.0,15.0,13.0,3.9,0.57,7.0,0,0
99922,27.0,22.0,26.0,4.3,0.92,14.0,0,0
99924,13.0,21.0,9.0,4.4,0.66,21.0,0,0
99925,34.0,24.0,36.0,4.1,1.38,21.0,0,0
99926,33.0,29.0,43.0,4.1,0.82,13.0,0,0
99927,43.0,29.0,46.0,3.5,0.88,11.0,0,0
99928,72.0,30.0,57.0,4.5,0.65,11.0,0,0
99929,37.0,37.0,88.0,3.4,0.7,16.0,0,0
99930,28.0,27.0,18.0,3.9,0.73,14.0,0,0
99931,13.0,15.0,10.0,4.4,0.76,12.0,0,0
99932,,,,,,,,
99933,20.0,30.0,79.0,4.2,0.79,11.0,0,0
99934,,,,,,,,
99935,11.0,17.0,8.0,4.4,0.57,9.0,0,0
99937,26.0,17.0,29.0,4.4,0.6,10.0,0,0
99938,13.0,25.0,29.0,4.4,0.8,7.0,0,0
99939,8.0,16.0,12.0,3.9,0.78,8.0,0,0
99941,,,,,,,,
99942,18.0,15.0,26.0,4.3,0.57,11.0,0,0
99945,18.0,21.0,18.0,4.0,0.6,26.0,0,0
99947,21.0,18.0,29.0,3.6,0.75,12.0,0,0
99948,17.0,21.0,13.0,4.8,0.71,19.0,0,0
99949,14.0,12.0,17.0,4.0,0.7,12.0,0,0
99950,11.0,14.0,20.0,3.9,1.99,22.0,0,0
99951,17.0,15.0,21.0,3.8,0.65,11.0,0,0
99952,17.0,20.0,13.0,3.6,1.02,16.0,0,0
99953,7.0,16.0,13.0,4.5,1.08,11.0,0,0
99954,19.0,26.0,15.0,4.0,0.88,13.0,0,0
99959,33.0,31.0,23.0,3.8,1.25,16.0,0,0
99961,15.0,29.0,18.0,4.1,0.92,14.0,0,0
99964,11.0,15.0,13.0,4.0,0.63,12.0,0,0
99966,36.0,36.0,39.0,4.2,0.64,11.0,0,0
99967,12.0,13.0,14.0,4.5,0.63,11.0,0,0
99968,10.0,18.0,16.0,4.2,0.95,7.0,0,0
99969,42.0,39.0,168.0,3.8,2.45,32.0,0,0
99970,30.0,29.0,23.0,4.3,0.25,7.0,0,0
99971,12.0,15.0,12.0,4.4,1.07,15.0,0,0
99972,15.0,21.0,10.0,4.4,0.65,15.0,0,0
99973,,,,,,,,
99974,116.0,35.0,310.0,4.6,0.7,13.0,0,0
99977,16.0,17.0,22.0,3.7,1.24,16.0,0,0
99979,17.0,25.0,15.0,4.0,0.64,21.0,0,0
99982,13.0,16.0,10.0,4.6,0.8,16.0,0,0
99983,8.0,11.0,20.0,3.5,0.71,6.0,0,0
99984,26.0,18.0,27.0,3.8,0.87,14.0,0,0
99985,9.0,18.0,9.0,3.9,0.76,15.0,0,0
99986,12.0,12.0,6.0,3.3,0.52,6.0,0,0
99987,24.0,18.0,32.0,3.7,0.97,14.0,0,0
99988,23.0,21.0,24.0,4.7,0.9,11.0,0,0
99989,13.0,16.0,9.0,3.9,0.67,8.0,0,0
99990,24.0,21.0,23.0,3.8,0.9,17.0,0,0
99991,,,,,,,,
99992,19.0,20.0,24.0,4.1,1.07,16.0,0,0
99994,25.0,18.0,13.0,4.2,0.57,15.0,0,0
99995,9.0,16.0,9.0,4.1,0.64,15.0,0,0
99996,37.0,35.0,189.0,3.6,0.91,10.0,0,0
99997,11.0,16.0,18.0,3.5,0.65,15.0,0,0
99999,24.0,34.0,26.0,4.5,0.87,17.0,0,0
100000,16.0,25.0,15.0,4.3,0.7,6.0,0,0
100001,22.0,20.0,34.0,4.4,1.16,14.0,0,0
100003,,,,,,,,
100004,11.0,16.0,7.0,4.1,0.57,11.0,0,0
100007,13.0,,12.0,4.3,0.67,12.0,0,0
100008,44.0,32.0,84.0,3.9,0.68,16.0,0,0
100009,18.0,20.0,27.0,3.9,0.66,13.0,0,0
100010,,,,,,,,
100012,34.0,20.0,29.0,3.9,0.96,17.0,0,0
100013,16.0,18.0,24.0,3.5,0.53,7.0,0,0
100014,8.0,14.0,9.0,4.0,0.55,12.0,0,0
100015,22.0,,19.0,3.8,0.86,14.0,0,0
100016,36.0,30.0,23.0,4.0,0.76,8.0,0,0
100017,9.0,18.0,11.0,4.3,0.47,8.0,0,0
100018,13.0,17.0,21.0,4.3,0.83,9.0,0,0
100019,,,,,,,,
100020,19.0,13.0,19.0,4.1,0.63,16.0,0,0
100022,14.0,17.0,12.0,4.6,0.52,13.0,0,0
100024,24.0,23.0,21.0,3.7,0.97,15.0,0,0
100025,20.0,18.0,23.0,3.9,0.74,10.0,0,0
100026,54.0,37.0,26.0,4.3,0.59,11.0,0,0
100029,16.0,22.0,16.0,4.6,0.59,9.0,0,0
100032,16.0,20.0,20.0,4.4,0.64,11.0,0,0
100033,16.0,21.0,14.0,3.9,0.5,18.0,0,0
100035,11.0,15.0,12.0,4.0,0.64,12.0,0,0
100037,26.0,20.0,16.0,4.3,0.81,12.0,0,0
100039,16.0,20.0,18.0,4.8,1.03,13.0,0,0
100040,23.0,21.0,26.0,4.3,1.19,12.0,0,0
100041,21.0,24.0,14.0,4.0,0.79,14.0,0,0
100042,11.0,14.0,8.0,4.2,0.67,11.0,0,0
100043,8.0,12.0,18.0,3.6,0.82,9.0,0,0
100044,22.0,20.0,21.0,4.5,0.86,19.0,0,0
100046,24.0,16.0,16.0,4.4,1.28,19.0,0,0
100047,25.0,19.0,26.0,3.9,1.12,12.0,0,0
100048,24.0,25.0,12.0,4.4,0.65,14.0,0,0
100049,11.0,14.0,9.0,4.3,0.63,9.0,0,0
100050,17.0,17.0,16.0,4.1,0.71,14.0,0,0
100051,10.0,12.0,13.0,3.6,2.12,36.0,0,0
100053,8.0,14.0,9.0,4.0,0.8,16.0,0,0
100055,21.0,18.0,26.0,4.1,0.69,14.0,0,0
100056,22.0,21.0,29.0,3.8,0.79,14.0,0,0
100061,13.0,14.0,13.0,4.2,0.71,16.0,0,0
100062,14.0,15.0,27.0,3.8,0.48,10.0,0,0
100064,18.0,25.0,22.0,4.2,0.66,8.0,0,0
100065,13.0,25.0,13.0,4.2,0.86,16.0,0,0
100067,31.0,27.0,85.0,4.0,1.11,20.0,0,0
100068,9.0,12.0,9.0,4.0,0.62,13.0,0,0
100069,,,,,,,,
100070,13.0,14.0,16.0,4.3,0.57,9.0,0,0
100071,15.0,19.0,18.0,3.8,1.19,18.0,0,0
100072,10.0,13.0,20.0,4.3,0.97,17.0,0,0
100073,22.0,20.0,24.0,4.5,1.05,14.0,0,0
100077,21.0,17.0,16.0,3.6,0.49,8.0,0,0
100079,11.0,19.0,41.0,3.9,0.79,10.0,0,0
100082,53.0,31.0,20.0,3.7,0.73,12.0,0,0
100083,12.0,18.0,16.0,3.6,1.89,60.0,0,0
100085,18.0,19.0,17.0,4.2,0.93,10.0,0,0
100087,16.0,15.0,18.0,4.0,0.75,14.0,0,0
100088,18.0,17.0,27.0,4.4,1.82,25.0,0,0
100089,9.0,12.0,8.0,4.0,0.57,8.0,0,0
100090,16.0,12.0,28.0,3.9,0.51,7.0,0,0
100092,13.0,23.0,22.0,4.5,1.14,14.0,0,0
100094,45.0,46.0,39.0,4.1,1.01,16.0,0,0
100095,12.0,13.0,11.0,3.7,0.82,12.0,0,0
100096,,,,,,,,
100098,17.0,20.0,25.0,4.1,1.14,14.0,0,0
100099,47.0,42.0,96.0,4.4,1.14,27.0,0,0
100100,20.0,18.0,30.0,4.1,1.22,13.0,0,0
100101,11.0,15.0,10.0,4.5,0.37,8.0,0,0
100102,24.0,17.0,19.0,4.0,0.73,13.0,0,0
100103,25.0,20.0,44.0,4.0,0.9,20.0,0,0
100105,21.0,21.0,64.0,3.8,0.72,21.0,0,0
100107,,,,,,,,
100108,18.0,26.0,8.0,4.0,0.75,10.0,0,0
100110,13.0,15.0,20.0,4.5,1.15,14.0,0,0
100111,25.0,25.0,10.0,4.6,0.8,15.0,0,0
100112,14.0,19.0,11.0,4.1,0.65,20.0,0,0
100113,47.0,60.0,27.0,4.2,0.91,30.0,0,0
100114,10.0,20.0,30.0,4.5,0.86,11.0,0,0
100115,88.0,45.0,13.0,4.1,0.96,18.0,0,0
100116,10.0,15.0,18.0,3.9,0.82,17.0,0,0
100117,12.0,14.0,34.0,3.9,0.77,14.0,0,0
100118,10.0,15.0,14.0,3.8,0.9,12.0,0,0
100119,30.0,29.0,20.0,4.1,0.56,9.0,0,0
100122,17.0,20.0,40.0,4.2,0.96,14.0,0,0
100123,16.0,18.0,30.0,4.0,0.8,24.0,0,0
100127,18.0,17.0,26.0,4.3,0.66,13.0,0,0
100128,22.0,18.0,27.0,4.2,0.81,18.0,0,0
100129,18.0,19.0,29.0,4.4,1.05,13.0,0,0
100132,11.0,20.0,10.0,3.9,0.62,8.0,0,0
100133,,,,,,,,
100134,11.0,17.0,7.0,4.5,0.61,10.0,0,0
100136,15.0,15.0,44.0,3.4,1.08,21.0,0,0
100137,11.0,12.0,17.0,3.7,0.71,24.0,0,0
100139,10.0,20.0,19.0,4.3,0.83,12.0,0,0
100141,11.0,16.0,14.0,4.9,1.06,14.0,0,0
100142,25.0,31.0,18.0,4.1,1.05,15.0,0,0
100143,15.0,17.0,23.0,3.7,1.22,32.0,0,0
100144,9.0,13.0,15.0,3.9,0.88,9.0,0,0
100145,36.0,22.0,79.0,4.1,0.54,10.0,0,0
100148,19.0,21.0,21.0,4.5,0.9,8.0,0,0
100149,15.0,24.0,12.0,4.3,0.71,17.0,0,0
100150,14.0,15.0,20.0,3.8,0.62,12.0,0,0
100151,19.0,15.0,22.0,3.9,0.55,7.0,0,0
100152,,,,,,,,
100153,56.0,36.0,57.0,3.8,1.01,11.0,0,0
100154,20.0,17.0,19.0,4.1,0.64,12.0,0,0
100158,7.0,10.0,17.0,3.4,1.52,11.0,0,0
100160,10.0,14.0,8.0,3.7,0.71,10.0,0,0
100162,23.0,21.0,269.0,4.0,0.64,9.0,0,0
100163,29.0,20.0,34.0,4.0,0.75,18.0,0,0
100165,34.0,27.0,49.0,3.7,1.03,13.0,0,0
100167,16.0,18.0,18.0,3.8,1.13,25.0,0,0
100168,27.0,23.0,21.0,4.7,1.0,15.0,0,0
100170,10.0,19.0,9.0,4.3,0.55,14.0,0,0
100171,10.0,12.0,13.0,3.9,0.58,11.0,0,0
100172,23.0,19.0,11.0,4.2,0.8,14.0,0,0
100173,,,,,,,,
100174,14.0,20.0,13.0,4.4,0.56,12.0,0,0
100175,26.0,24.0,33.0,4.0,1.14,9.0,0,0
100178,17.0,17.0,39.0,3.6,0.77,19.0,0,0
100180,24.0,25.0,23.0,4.0,1.18,18.0,0,0
100181,18.0,17.0,10.0,3.8,0.94,11.0,0,0
100185,11.0,14.0,14.0,3.6,0.81,9.0,0,0
100186,29.0,20.0,35.0,4.0,0.61,10.0,0,0
100188,14.0,17.0,14.0,4.0,1.32,19.0,0,0
100190,22.0,18.0,15.0,4.1,0.73,10.0,0,0
100191,6.0,10.0,10.0,3.8,1.08,13.0,0,0
100192,23.0,15.0,37.0,3.9,1.14,16.0,0,0
100194,28.0,38.0,39.0,4.2,1.01,13.0,0,0
100195,8.0,15.0,8.0,3.7,0.69,15.0,0,0
100196,8.0,13.0,10.0,3.9,0.87,11.0,0,0
100200,22.0,15.0,48.0,4.0,0.87,20.0,0,0
100201,23.0,19.0,17.0,4.1,0.95,13.0,0,0
100202,17.0,17.0,16.0,4.2,0.61,12.0,0,0
100203,11.0,16.0,28.0,4.3,0.88,16.0,0,0
100204,15.0,18.0,49.0,3.5,0.88,18.0,0,0
100205,29.0,21.0,43.0,4.1,0.78,11.0,0,0
100206,28.0,29.0,230.0,3.9,0.72,21.0,0,0
100208,12.0,11.0,26.0,4.3,0.82,7.0,0,0
100210,9.0,15.0,11.0,3.8,0.71,10.0,0,0
100211,,,,,,,,
100212,9.0,14.0,11.0,4.0,1.23,27.0,0,0
100213,31.0,27.0,30.0,4.5,0.98,15.0,0,0
100214,62.0,37.0,63.0,2.9,0.79,18.0,0,0
100216,17.0,21.0,12.0,4.4,0.63,17.0,0,0
100217,,,,,,,,
100219,22.0,28.0,22.0,4.1,1.53,13.0,0,0
100221,11.0,23.0,9.0,3.8,0.81,8.0,0,0
100222,24.0,34.0,337.0,3.8,2.11,49.0,0,0
100224,20.0,21.0,13.0,4.6,0.77,12.0,0,0
100225,11.0,10.0,10.0,4.2,0.67,13.0,0,0
100228,32.0,37.0,29.0,4.1,0.92,16.0,0,0
100229,11.0,14.0,37.0,3.6,1.15,38.0,0,0
100230,,,,,,,,
100231,15.0,28.0,34.0,3.4,0.58,16.0,0,0
100233,13.0,15.0,22.0,3.6,1.05,19.0,0,0
100234,22.0,20.0,12.0,4.0,0.5,14.0,0,0
100235,12.0,15.0,18.0,3.8,1.0,10.0,0,0
100236,27.0,24.0,25.0,4.0,0.9,14.0,0,0
100238,19.0,16.0,39.0,4.2,0.75,26.0,0,0
100241,7.0,13.0,8.0,4.4,0.72,14.0,0,0
100242,15.0,17.0,21.0,4.0,0.65,7.0,0,0
100243,19.0,24.0,15.0,4.1,0.91,8.0,0,0
100244,45.0,24.0,16.0,4.1,1.23,26.0,0,0
100246,14.0,19.0,36.0,4.0,0.75,12.0,0,0
100247,115.0,78.0,386.0,3.7,1.23,25.0,0,0
100248,21.0,26.0,22.0,4.7,1.07,19.0,0,0
100250,24.0,28.0,38.0,4.4,0.78,15.0,0,0
100251,12.0,17.0,39.0,4.0,0.84,10.0,0,0
100252,14.0,25.0,48.0,3.7,0.89,28.0,0,0
100253,30.0,20.0,46.0,4.8,0.91,14.0,0,0
100254,12.0,20.0,14.0,3.7,0.76,8.0,0,0
100255,28.0,23.0,22.0,4.5,0.49,12.0,0,0
100257,,,,,,,,
100258,9.0,10.0,5.0,3.4,0.54,6.0,0,0
100260,41.0,31.0,15.0,4.3,0.63,15.0,0,0
100261,14.0,23.0,21.0,4.0,1.04,24.0,0,0
100262,15.0,19.0,11.0,4.6,0.81,10.0,0,0
100264,27.0,24.0,16.0,4.2,0.76,13.0,0,0
100265,17.0,21.0,10.0,4.1,0.59,13.0,0,0
100266,9.0,19.0,11.0,4.4,0.63,12.0,0,0
100268,49.0,37.0,86.0,3.6,0.69,22.0,0,0
100269,9.0,13.0,12.0,4.3,1.1,22.0,0,0
100270,21.0,19.0,13.0,4.8,0.82,18.0,0,0
100271,16.0,17.0,18.0,4.2,0.71,15.0,0,0
100272,16.0,12.0,43.0,3.9,1.08,18.0,0,0
100273,18.0,20.0,37.0,4.3,1.18,11.0,0,0
100274,13.0,18.0,35.0,3.7,0.76,13.0,0,0
100277,8.0,10.0,5.0,3.7,0.73,16.0,0,0
100278,21.0,23.0,18.0,3.4,1.0,14.0,0,0
100280,8.0,11.0,8.0,3.5,0.85,11.0,0,0
100281,22.0,17.0,28.0,4.4,0.58,16.0,0,0
100282,10.0,12.0,21.0,4.8,0.97,24.0,0,0
100283,25.0,30.0,23.0,3.7,0.69,9.0,0,0
100284,15.0,22.0,10.0,4.5,0.8,10.0,0,0
100286,7.0,11.0,20.0,4.2,0.76,12.0,0,0
100287,7.0,13.0,10.0,4.0,0.59,11.0,0,0
100288,21.0,18.0,32.0,3.7,0.55,11.0,0,0
100289,14.0,17.0,25.0,3.8,0.8,13.0,0,0
100291,17.0,18.0,48.0,3.9,0.96,20.0,0,0
100292,17.0,12.0,27.0,4.1,0.87,13.0,0,0
100293,76.0,178.0,216.0,4.4,0.82,5.0,0,0
100294,11.0,14.0,15.0,4.1,0.56,16.0,0,0
100295,21.0,17.0,28.0,4.0,1.25,14.0,0,0
100297,25.0,29.0,49.0,4.3,0.95,12.0,0,0
100298,12.0,18.0,13.0,3.9,0.77,8.0,0,0
100299,20.0,22.0,18.0,3.8,0.63,15.0,0,0
100300,7.0,12.0,16.0,4.3,0.71,13.0,0,0
100301,7.0,10.0,10.0,3.3,0.78,12.0,0,0
100303,100.0,78.0,91.0,4.2,0.77,14.0,0,0
100305,26.0,19.0,63.0,4.0,0.79,15.0,0,0
100309,20.0,21.0,10.0,3.9,0.75,25.0,0,0
100311,21.0,16.0,122.0,4.1,0.77,12.0,0,0
100313,14.0,18.0,9.0,4.0,0.75,11.0,0,0
100315,24.0,20.0,47.0,4.1,0.93,15.0,0,0
100316,10.0,20.0,12.0,4.1,0.65,8.0,0,0
100318,61.0,25.0,254.0,4.1,1.37,15.0,0,0
100319,31.0,20.0,27.0,3.6,0.67,11.0,0,0
100321,,,,,,,,
100324,19.0,14.0,20.0,3.8,0.48,14.0,0,0
100325,11.0,14.0,22.0,3.9,0.61,9.0,0,0
100326,7.0,12.0,9.0,3.5,0.75,9.0,0,0
100327,8.0,13.0,14.0,3.6,1.11,12.0,0,0
100329,9.0,12.0,16.0,3.8,0.58,10.0,0,0
100332,21.0,21.0,21.0,4.3,0.83,16.0,0,0
100333,54.0,34.0,42.0,4.6,1.01,8.0,0,0
100334,,,,,,,,
100336,6.0,28.0,9.0,4.3,1.04,11.0,0,0
100338,22.0,17.0,19.0,4.4,0.75,13.0,0,0
100342,19.0,26.0,19.0,4.1,1.01,11.0,0,0
100346,13.0,17.0,11.0,4.1,0.67,20.0,0,0
100347,22.0,18.0,28.0,4.1,0.96,19.0,0,0
100348,21.0,21.0,17.0,4.0,0.67,14.0,0,0
100353,20.0,22.0,22.0,4.7,0.58,7.0,0,0
100354,13.0,21.0,35.0,3.8,1.12,26.0,0,0
100355,8.0,20.0,9.0,4.1,0.51,10.0,0,0
100356,13.0,16.0,29.0,4.4,0.88,10.0,0,0
100357,17.0,20.0,17.0,3.8,0.51,9.0,0,0
100358,28.0,29.0,128.0,2.6,0.92,19.0,0,0
100360,18.0,21.0,13.0,4.3,0.52,10.0,0,0
100361,38.0,24.0,26.0,4.0,1.09,16.0,0,0
100362,9.0,19.0,6.0,4.2,0.46,9.0,0,0
100363,15.0,24.0,27.0,4.0,1.29,13.0,0,0
100364,6.0,23.0,8.0,4.3,0.79,19.0,0,0
100365,8.0,13.0,7.0,4.1,0.63,9.0,0,0
100366,23.0,27.0,93.0,4.3,1.13,18.0,0,0
100367,12.0,22.0,19.0,4.3,0.77,8.0,0,0
100368,11.0,21.0,12.0,4.5,0.51,11.0,0,0
100369,32.0,37.0,19.0,4.1,0.68,23.0,0,0
100373,17.0,20.0,14.0,4.3,0.89,18.0,0,0
100376,15.0,20.0,12.0,4.0,1.3,18.0,0,0
100377,63.0,40.0,147.0,4.0,0.78,12.0,0,0
100378,32.0,24.0,107.0,3.3,0.54,11.0,0,0
100379,15.0,20.0,12.0,4.1,1.05,17.0,0,0
100380,,,,,,,,
100382,13.0,9.0,50.0,3.6,0.75,12.0,0,0
100386,32.0,19.0,9.0,2.7,0.42,8.0,0,0
100388,27.0,14.0,74.0,4.0,0.79,11.0,0,0
100389,20.0,16.0,22.0,3.6,1.02,22.0,0,0
100390,17.0,19.0,22.0,3.6,1.23,14.0,0,0
100391,17.0,21.0,16.0,4.1,0.62,10.0,0,0
100393,48.0,34.0,55.0,4.3,0.84,16.0,0,0
100395,,,,,,,,
100396,19.0,18.0,16.0,3.9,0.6,14.0,0,0
100399,10.0,13.0,10.0,3.8,0.9,22.0,0,0
100402,17.0,16.0,14.0,4.1,1.0,11.0,0,0
100404,17.0,20.0,34.0,4.4,0.58,18.0,0,0
100405,21.0,30.0,16.0,4.1,1.13,18.0,0,0
100407,24.0,18.0,25.0,4.2,1.23,16.0,0,0
100409,20.0,19.0,57.0,4.5,0.67,9.0,0,0
100410,16.0,14.0,15.0,4.1,0.55,12.0,0,0
100411,16.0,17.0,16.0,3.7,1.17,17.0,0,0
100412,53.0,37.0,22.0,4.8,0.5,10.0,0,0
100413,14.0,24.0,9.0,4.4,0.57,15.0,0,0
100414,13.0,20.0,24.0,4.0,1.49,20.0,0,0
100415,19.0,22.0,31.0,3.8,0.73,12.0,0,0
100418,14.0,20.0,12.0,4.3,0.94,13.0,0,0
100419,25.0,16.0,59.0,4.2,1.27,20.0,0,0
100420,,,,,,,,
100421,12.0,17.0,20.0,3.8,0.64,17.0,0,0
100422,25.0,33.0,36.0,3.5,1.11,12.0,0,0
100424,,,,,,,,
100425,15.0,22.0,28.0,3.8,1.63,18.0,0,0
100427,8.0,15.0,17.0,3.8,0.52,9.0,0,0
100428,14.0,16.0,14.0,4.5,0.72,16.0,0,0
100429,42.0,21.0,17.0,4.3,0.76,14.0,0,0
100430,21.0,19.0,12.0,4.4,0.55,11.0,0,0
100431,22.0,20.0,13.0,4.0,0.58,14.0,0,0
100432,,,,,,,,
100433,19.0,18.0,28.0,4.0,0.8,16.0,0,0
100434,14.0,14.0,14.0,4.1,0.61,11.0,0,0
100436,16.0,17.0,16.0,3.7,0.64,13.0,0,0
100438,15.0,17.0,9.0,4.2,0.68,12.0,0,0
100439,26.0,24.0,33.0,4.3,0.88,12.0,0,0
100440,13.0,13.0,9.0,4.3,0.63,17.0,0,0
100442,14.0,18.0,35.0,3.9,1.05,14.0,0,0
100443,,,,,,,,
100445,9.0,14.0,19.0,4.2,0.79,24.0,0,0
100446,46.0,27.0,43.0,3.7,0.97,12.0,0,0
100447,14.0,14.0,15.0,4.0,0.87,18.0,0,0
100448,9.0,16.0,9.0,4.2,0.65,11.0,0,0
100450,18.0,19.0,9.0,4.0,0.61,11.0,0,0
100451,11.0,14.0,19.0,3.9,0.6,11.0,0,0
100454,,,,,,,,
100455,28.0,19.0,93.0,3.7,2.74,63.0,0,0
100457,14.0,15.0,13.0,3.6,0.66,10.0,0,0
100460,26.0,18.0,14.0,4.2,0.85,8.0,0,0
100461,9.0,18.0,19.0,3.8,0.69,7.0,0,0
100463,16.0,20.0,17.0,4.0,0.9,12.0,0,0
100464,29.0,27.0,24.0,4.2,1.13,15.0,0,0
100465,,,,,,,,
100466,,,,,,,,
100467,10.0,,10.0,4.6,0.96,14.0,0,0
100468,12.0,14.0,19.0,4.4,0.81,12.0,0,0
100469,14.0,17.0,34.0,3.8,1.91,47.0,0,0
100470,8.0,15.0,11.0,4.2,0.87,22.0,0,0
100473,12.0,13.0,12.0,4.4,0.88,12.0,0,0
100474,9.0,14.0,12.0,3.3,0.65,10.0,0,0
100476,22.0,19.0,11.0,3.8,0.65,10.0,0,0
100479,7.0,11.0,5.0,3.0,0.51,7.0,0,0
100480,13.0,28.0,24.0,3.8,0.93,15.0,0,0
100481,19.0,16.0,20.0,4.6,0.76,25.0,0,0
100483,20.0,15.0,45.0,4.2,0.47,13.0,0,0
100484,10.0,12.0,15.0,3.7,0.73,13.0,0,0
100485,25.0,21.0,27.0,4.0,1.14,18.0,0,0
100486,,,,,,,,
100488,13.0,20.0,12.0,4.5,0.85,15.0,0,0
100490,7.0,15.0,14.0,3.7,1.06,23.0,0,0
100492,34.0,46.0,46.0,4.1,1.52,15.0,0,0
100494,17.0,20.0,13.0,4.4,1.07,20.0,0,0
100495,14.0,18.0,21.0,4.4,0.73,14.0,0,0
100497,21.0,29.0,51.0,4.4,1.17,30.0,0,0
100499,11.0,14.0,19.0,3.9,0.61,14.0,0,0
100500,10.0,14.0,12.0,2.9,0.7,11.0,0,0
100501,15.0,13.0,15.0,4.0,1.1,22.0,0,0
100505,15.0,22.0,11.0,3.6,0.76,14.0,0,0
100507,9.0,22.0,8.0,4.2,0.62,9.0,0,0
100508,15.0,25.0,11.0,4.2,1.28,23.0,0,0
100509,16.0,15.0,12.0,4.2,0.96,22.0,0,0
100510,19.0,17.0,9.0,3.0,0.58,11.0,0,0
100511,14.0,17.0,14.0,3.7,0.92,16.0,0,0
100512,11.0,24.0,11.0,4.3,0.45,13.0,0,0
100513,14.0,31.0,23.0,4.2,0.85,7.0,0,0
100514,60.0,30.0,64.0,4.2,0.73,12.0,0,0
100515,25.0,27.0,31.0,4.5,0.64,12.0,0,0
100516,20.0,20.0,24.0,3.9,0.81,11.0,0,0
100517,25.0,25.0,33.0,3.9,0.8,7.0,0,0
100518,16.0,25.0,22.0,4.7,0.72,12.0,0,0
100521,27.0,34.0,14.0,3.9,0.89,16.0,0,0
100523,7.0,19.0,11.0,3.4,0.57,13.0,0,0
100524,18.0,21.0,18.0,4.0,0.9,16.0,0,0
100526,13.0,16.0,17.0,4.2,0.6,12.0,0,0
100528,17.0,18.0,15.0,4.1,0.68,14.0,0,0
100530,34.0,32.0,53.0,4.5,1.22,12.0,0,0
100531,11.0,17.0,13.0,4.1,0.77,14.0,0,0
100532,19.0,16.0,24.0,4.0,0.65,13.0,0,0
100534,23.0,19.0,21.0,3.5,0.9,22.0,0,0
100535,38.0,31.0,57.0,4.7,0.78,15.0,0,0
100537,68.0,27.0,47.0,3.7,0.52,9.0,0,0
100539,15.0,19.0,9.0,4.3,0.72,16.0,0,0
100540,4.0,15.0,10.0,4.2,0.6,9.0,0,0
100544,18.0,28.0,78.0,3.6,0.69,6.0,0,0
100545,8.0,13.0,8.0,4.0,0.51,8.0,0,0
100546,17.0,20.0,18.0,4.3,0.77,20.0,0,0
100547,11.0,19.0,10.0,3.9,0.67,11.0,0,0
100548,25.0,28.0,12.0,4.4,0.73,10.0,0,0
100549,10.0,14.0,17.0,4.0,0.66,19.0,0,0
100551,17.0,16.0,14.0,3.9,1.11,18.0,0,0
100554,19.0,25.0,24.0,4.0,1.11,23.0,0,0
100556,27.0,24.0,33.0,3.8,0.78,26.0,0,0
100557,37.0,26.0,19.0,4.2,1.03,13.0,0,0
100558,35.0,19.0,84.0,4.2,1.23,19.0,0,0
100560,17.0,20.0,15.0,4.2,0.67,18.0,0,0
100562,19.0,24.0,13.0,4.5,0.75,12.0,0,0
100563,23.0,23.0,64.0,4.2,0.93,9.0,0,0
100565,21.0,21.0,24.0,4.1,0.97,8.0,0,0
100566,18.0,21.0,18.0,4.4,1.01,16.0,0,0
100568,25.0,12.0,56.0,3.8,0.68,8.0,0,0
100570,19.0,20.0,14.0,3.7,0.87,22.0,0,0
100571,37.0,,43.0,4.3,0.96,15.0,0,0
100572,37.0,27.0,43.0,3.8,0.95,12.0,0,0
100574,38.0,26.0,35.0,4.2,0.58,20.0,0,0
100575,20.0,27.0,56.0,4.2,0.79,19.0,0,0
100576,16.0,17.0,20.0,4.1,1.02,10.0,0,0
100577,9.0,14.0,16.0,4.2,0.94,14.0,0,0
100579,15.0,17.0,54.0,3.8,1.38,22.0,0,0
100580,29.0,25.0,27.0,4.0,1.14,18.0,0,0
100581,16.0,19.0,22.0,3.7,1.36,10.0,0,0
100582,,,,,,,,
100583,15.0,15.0,17.0,3.6,0.54,14.0,0,0
100584,14.0,16.0,20.0,4.1,0.97,28.0,0,0
100586,28.0,20.0,64.0,3.8,0.77,19.0,0,0
100587,,,,,,,,
100589,36.0,28.0,18.0,4.4,0.6,18.0,0,0
100590,17.0,18.0,14.0,3.7,0.87,10.0,0,0
100592,17.0,17.0,11.0,4.8,0.69,15.0,0,0
100594,13.0,40.0,184.0,2.1,0.55,2.0,0,0
100596,13.0,15.0,41.0,3.9,0.59,11.0,0,0
100597,16.0,17.0,24.0,4.2,0.98,20.0,0,0
100599,24.0,21.0,14.0,3.8,0.95,22.0,0,0
100607,23.0,30.0,12.0,4.8,1.04,14.0,0,0
100608,73.0,74.0,127.0,4.2,0.66,13.0,0,0
100610,14.0,18.0,19.0,4.0,0.75,9.0,0,0
100611,32.0,24.0,27.0,4.4,0.8,16.0,0,0
100613,,,,,,,,
100614,47.0,20.0,38.0,4.4,0.74,15.0,0,0
100617,31.0,30.0,24.0,4.1,0.99,16.0,0,0
100619,25.0,24.0,46.0,4.3,0.79,20.0,0,0
100621,18.0,18.0,25.0,4.3,0.65,17.0,0,0
100622,15.0,16.0,38.0,4.2,1.13,10.0,0,0
100623,8.0,11.0,21.0,4.2,0.85,11.0,0,0
100624,15.0,18.0,14.0,4.1,0.79,23.0,0,0
100625,22.0,17.0,82.0,4.1,0.51,16.0,0,0
100627,7.0,14.0,12.0,4.0,0.87,7.0,0,0
100628,30.0,27.0,42.0,4.6,1.63,18.0,0,0
100629,7.0,15.0,8.0,4.2,0.66,21.0,0,0
100630,18.0,23.0,13.0,4.0,0.95,13.0,0,0
100632,41.0,26.0,71.0,4.1,1.21,8.0,0,0
100633,,,,,,,,
100634,22.0,17.0,69.0,4.3,0.68,6.0,0,0
100635,21.0,16.0,17.0,4.1,0.76,15.0,0,0
100636,30.0,18.0,31.0,4.1,0.85,12.0,0,0
100637,24.0,12.0,14.0,4.4,0.63,5.0,0,0
100638,44.0,58.0,130.0,3.8,1.44,22.0,0,0
100639,13.0,17.0,23.0,4.1,1.03,36.0,0,0
100641,14.0,16.0,21.0,3.9,0.83,11.0,0,0
100642,14.0,19.0,31.0,4.1,1.34,17.0,0,0
100644,17.0,13.0,19.0,4.7,0.66,15.0,0,0
100646,11.0,17.0,13.0,3.4,1.18,22.0,0,0
100647,69.0,28.0,141.0,4.4,1.0,25.0,0,0
100649,36.0,24.0,27.0,4.2,1.03,10.0,0,0
100650,,,,,,,,
100653,120.0,68.0,34.0,4.3,0.97,11.0,0,0
100654,13.0,18.0,16.0,3.7,0.68,22.0,0,0
100656,7.0,13.0,10.0,4.5,0.6,7.0,0,0
100657,11.0,19.0,13.0,3.6,0.79,20.0,0,0
100658,9.0,15.0,10.0,4.2,0.69,11.0,0,0
100661,27.0,21.0,15.0,5.1,0.72,12.0,0,0
100663,14.0,15.0,33.0,3.6,0.88,14.0,0,0
100667,13.0,23.0,23.0,4.4,1.22,16.0,0,0
100669,14.0,13.0,11.0,4.3,0.64,13.0,0,0
100670,15.0,29.0,30.0,4.0,1.11,21.0,0,0
100671,,,,,,,,
100672,14.0,15.0,19.0,4.5,0.62,14.0,0,0
100673,9.0,15.0,14.0,4.1,0.64,4.0,0,0
100674,22.0,28.0,21.0,4.3,1.22,17.0,0,0
100675,6.0,14.0,15.0,3.9,0.68,9.0,0,0
100677,10.0,16.0,9.0,4.0,0.72,8.0,0,0
100679,11.0,18.0,13.0,4.8,0.84,16.0,0,0
100680,9.0,13.0,15.0,4.4,0.88,10.0,0,0
100681,42.0,28.0,62.0,3.6,0.82,16.0,0,0
100684,14.0,20.0,27.0,3.7,0.71,8.0,0,0
100686,12.0,16.0,11.0,4.5,0.64,16.0,0,0
100689,16.0,16.0,24.0,4.3,1.18,13.0,0,0
100692,20.0,17.0,24.0,4.0,0.98,17.0,0,0
100693,13.0,13.0,24.0,3.6,0.82,9.0,0,0
100695,11.0,20.0,6.0,4.0,0.59,12.0,0,0
100696,9.0,12.0,24.0,4.1,0.91,15.0,0,0
100697,27.0,26.0,16.0,3.8,1.0,15.0,0,0
100698,9.0,14.0,8.0,4.3,0.64,13.0,0,0
100701,9.0,16.0,31.0,3.7,0.65,10.0,0,0
100705,24.0,20.0,14.0,4.3,0.61,11.0,0,0
100706,,,,,,,,
100707,11.0,12.0,12.0,4.3,0.55,17.0,0,0
100709,15.0,22.0,22.0,4.2,1.03,18.0,0,0
100710,16.0,18.0,10.0,4.0,1.25,18.0,0,0
100711,18.0,16.0,19.0,4.0,0.64,15.0,0,0
100713,10.0,19.0,12.0,4.6,0.79,15.0,0,0
100714,10.0,14.0,13.0,4.1,0.72,11.0,0,0
100715,17.0,19.0,15.0,4.1,0.93,18.0,0,0
100716,25.0,26.0,67.0,4.1,0.57,11.0,0,0
100717,70.0,36.0,140.0,3.8,0.9,11.0,0,0
100720,14.0,13.0,16.0,4.3,0.92,25.0,0,0
100721,30.0,23.0,16.0,3.9,0.48,15.0,0,0
100722,14.0,20.0,12.0,4.2,0.67,11.0,0,0
100723,25.0,24.0,28.0,3.8,1.05,15.0,0,0
100725,24.0,20.0,11.0,4.1,0.91,20.0,0,0
100726,17.0,21.0,39.0,4.1,0.75,12.0,0,0
100727,11.0,13.0,16.0,3.9,0.85,8.0,0,0
100728,24.0,26.0,17.0,4.2,1.05,24.0,0,0
100730,14.0,13.0,44.0,3.9,0.68,10.0,0,0
100732,123.0,72.0,94.0,4.5,0.96,15.0,0,0
100733,21.0,20.0,34.0,3.7,0.5,7.0,0,0
100735,13.0,12.0,8.0,3.8,1.0,14.0,0,0
100738,24.0,25.0,14.0,3.6,0.56,17.0,0,0
100739,21.0,25.0,18.0,3.9,1.24,14.0,0,0
100740,24.0,18.0,35.0,4.3,0.92,13.0,0,0
100741,21.0,25.0,34.0,4.0,0.81,11.0,0,0
100742,12.0,15.0,23.0,4.4,1.06,13.0,0,0
100743,7.0,15.0,15.0,4.1,0.74,15.0,0,0
100745,22.0,19.0,37.0,4.6,0.86,15.0,0,0
100747,43.0,20.0,24.0,4.4,0.75,22.0,0,0
100748,16.0,21.0,45.0,4.3,0.88,19.0,0,0
100749,78.0,51.0,46.0,4.2,1.03,14.0,0,0
100752,18.0,20.0,21.0,4.5,0.95,18.0,0,0
100754,24.0,20.0,76.0,4.2,0.83,16.0,0,0
100756,20.0,23.0,37.0,4.3,1.3,19.0,0,0
100759,28.0,35.0,42.0,4.3,0.86,10.0,0,0
100760,13.0,18.0,15.0,4.0,0.65,18.0,0,0
100761,16.0,23.0,16.0,4.0,1.07,35.0,0,0
100764,,,,,,,,
100765,28.0,22.0,17.0,3.9,0.76,17.0,0,0
100768,11.0,25.0,37.0,3.9,0.73,14.0,0,0
100771,11.0,15.0,13.0,3.9,1.36,31.0,0,0
100772,16.0,16.0,28.0,3.5,0.83,7.0,0,0
100774,37.0,25.0,89.0,4.3,1.21,18.0,0,0
100775,7.0,12.0,7.0,4.0,0.71,13.0,0,0
100778,10.0,13.0,9.0,4.3,0.62,10.0,0,0
100780,21.0,18.0,52.0,3.9,0.84,16.0,0,0
100782,27.0,20.0,25.0,4.3,0.87,17.0,0,0
100783,22.0,22.0,15.0,4.2,0.82,15.0,0,0
100787,20.0,20.0,37.0,4.1,1.27,16.0,0,0
100788,81.0,48.0,28.0,4.0,1.08,9.0,0,0
100790,26.0,21.0,99.0,4.6,0.98,19.0,0,0
100792,9.0,14.0,11.0,3.7,1.5,27.0,0,0
100793,14.0,,12.0,4.2,0.59,6.0,0,0
100794,21.0,30.0,36.0,5.0,0.97,14.0,0,0
100795,17.0,20.0,14.0,4.3,0.81,15.0,0,0
100796,,,,,,,,
100800,11.0,18.0,11.0,4.0,0.66,15.0,0,0
100801,31.0,21.0,33.0,3.9,0.84,15.0,0,0
100802,15.0,13.0,19.0,3.9,0.66,13.0,0,0
100804,17.0,27.0,15.0,4.7,0.77,9.0,0,0
100805,9.0,21.0,11.0,4.2,1.09,22.0,0,0
100808,9.0,12.0,18.0,4.0,0.88,15.0,0,0
100813,27.0,20.0,17.0,4.1,0.67,9.0,0,0
100814,41.0,32.0,50.0,4.2,0.68,6.0,0,0
100815,,,,,,,,
100816,27.0,24.0,23.0,3.9,0.7,21.0,0,0
100817,39.0,47.0,41.0,3.9,0.73,10.0,0,0
100818,,,,,,,,
100819,23.0,23.0,25.0,4.1,0.91,12.0,0,0
100821,18.0,20.0,20.0,4.1,0.54,8.0,0,0
100825,13.0,17.0,13.0,4.3,0.63,10.0,0,0
100827,,,,,,,,
100829,17.0,15.0,28.0,3.7,0.89,11.0,0,0
100831,,,,,,,,
100832,,,,,,,,
100834,9.0,16.0,18.0,4.3,0.86,18.0,0,0
100836,11.0,15.0,18.0,4.2,0.67,15.0,0,0
100837,20.0,19.0,17.0,4.1,1.35,22.0,0,0
100838,29.0,17.0,26.0,3.8,0.78,9.0,0,0
100840,26.0,49.0,19.0,4.4,0.87,14.0,0,0
100841,12.0,16.0,17.0,4.1,0.68,10.0,0,0
100843,50.0,45.0,61.0,4.2,1.08,6.0,0,0
100844,11.0,20.0,16.0,3.8,0.83,14.0,0,0
100846,23.0,18.0,20.0,4.3,1.06,18.0,0,0
100847,,,,,,,,
100848,19.0,22.0,42.0,4.4,0.66,12.0,0,0
100849,49.0,29.0,43.0,4.3,0.88,16.0,0,0
100851,17.0,18.0,39.0,3.8,0.78,24.0,0,0
100853,46.0,54.0,86.0,3.7,1.73,27.0,0,0
100855,12.0,19.0,5.0,4.0,0.76,6.0,0,0
100856,43.0,42.0,82.0,4.1,0.81,21.0,0,0
100857,10.0,17.0,5.0,4.0,0.41,12.0,0,0
100859,22.0,18.0,23.0,4.2,0.44,9.0,0,0
100860,6.0,10.0,17.0,3.5,0.87,9.0,0,0
100861,50.0,33.0,19.0,4.2,0.87,16.0,0,0
100862,18.0,19.0,17.0,4.1,0.67,15.0,0,0
100865,,,,,,,,
100866,31.0,30.0,43.0,4.1,1.06,18.0,0,0
100872,13.0,13.0,16.0,4.1,0.5,14.0,0,0
100874,27.0,23.0,21.0,3.9,0.9,14.0,0,0
100875,22.0,25.0,17.0,4.1,0.74,15.0,0,0
100876,32.0,30.0,32.0,3.9,1.17,19.0,0,0
100877,16.0,21.0,26.0,4.3,1.14,11.0,0,0
100879,12.0,14.0,28.0,4.1,1.04,9.0,0,0
100880,13.0,14.0,20.0,3.8,1.14,18.0,0,0
100881,21.0,26.0,18.0,4.5,1.33,15.0,0,0
100882,17.0,15.0,9.0,4.6,0.75,11.0,0,0
100884,23.0,22.0,20.0,4.2,0.88,15.0,0,0
100885,12.0,19.0,13.0,4.3,0.51,8.0,0,0
100886,15.0,21.0,23.0,4.2,1.09,18.0,0,0
100887,19.0,14.0,26.0,4.0,0.76,15.0,0,0
100889,11.0,17.0,12.0,4.1,1.05,11.0,0,0
100890,21.0,31.0,36.0,3.5,0.57,13.0,0,0
100892,13.0,16.0,11.0,4.6,1.09,12.0,0,0
100894,13.0,12.0,12.0,4.4,0.8,13.0,0,0
100895,27.0,20.0,14.0,4.0,0.76,13.0,0,0
100896,35.0,22.0,48.0,3.7,0.62,17.0,0,0
100898,8.0,18.0,15.0,3.8,0.67,13.0,0,0
100901,17.0,31.0,9.0,4.1,0.74,13.0,0,0
100902,12.0,13.0,14.0,4.2,0.73,13.0,0,0
100904,13.0,23.0,10.0,4.5,0.67,14.0,0,0
100905,23.0,22.0,35.0,4.4,1.01,12.0,0,0
100907,19.0,16.0,19.0,4.4,0.99,16.0,0,0
100908,10.0,17.0,10.0,4.5,0.48,8.0,0,0
100910,,,,,,,,
100911,20.0,16.0,33.0,4.2,0.97,15.0,0,0
100913,23.0,20.0,19.0,4.0,0.77,10.0,0,0
100914,14.0,19.0,11.0,3.6,0.81,14.0,0,0
100915,21.0,21.0,33.0,4.1,0.94,11.0,0,0
100917,19.0,19.0,26.0,4.8,0.9,15.0,0,0
100919,13.0,22.0,13.0,4.3,0.95,17.0,0,0
100920,17.0,20.0,13.0,3.8,0.96,14.0,0,0
100923,13.0,13.0,23.0,4.0,0.74,7.0,0,0
100924,17.0,16.0,18.0,4.1,0.75,17.0,0,0
100925,12.0,20.0,38.0,3.6,1.11,9.0,0,0
100926,,,,,,,,
100928,12.0,20.0,17.0,4.6,0.86,18.0,0,0
100929,27.0,22.0,44.0,3.6,0.83,6.0,0,0
100930,35.0,29.0,51.0,4.4,0.67,12.0,0,0
100933,18.0,19.0,14.0,3.9,0.6,16.0,0,0
100934,12.0,15.0,7.0,3.8,0.77,9.0,0,0
100935,23.0,27.0,35.0,3.9,0.9,17.0,0,0
100936,29.0,26.0,38.0,3.7,0.59,17.0,0,0
100937,30.0,30.0,49.0,4.5,1.02,16.0,0,0
100938,,,,,,,,
100939,9.0,19.0,13.0,4.3,0.66,11.0,0,0
100940,11.0,15.0,10.0,4.6,0.51,6.0,0,0
100941,8.0,15.0,33.0,3.4,0.75,17.0,0,0
100942,16.0,13.0,16.0,4.1,0.94,8.0,0,0
100943,,,,,,,,
100944,10.0,16.0,12.0,4.0,0.62,15.0,0,0
100946,25.0,24.0,25.0,4.5,0.82,8.0,0,0
100947,16.0,15.0,59.0,4.2,0.86,15.0,0,0
100948,39.0,32.0,30.0,4.1,0.85,9.0,0,0
100949,17.0,19.0,19.0,3.6,0.88,17.0,0,0
100950,53.0,113.0,369.0,3.4,1.12,15.0,0,0
100951,5.0,7.0,11.0,3.1,1.63,48.0,0,0
100952,28.0,21.0,77.0,4.3,0.85,14.0,0,0
100954,86.0,34.0,31.0,4.5,0.93,14.0,0,0
100955,57.0,34.0,646.0,4.2,0.88,9.0,0,0
100961,11.0,18.0,8.0,4.1,0.84,8.0,0,0
100963,,,,,,,,
100964,,,,,,,,
100965,15.0,20.0,9.0,3.8,0.83,11.0,0,0
100966,12.0,15.0,6.0,4.4,0.56,22.0,0,0
100967,12.0,18.0,13.0,4.4,0.81,13.0,0,0
100968,14.0,14.0,18.0,3.9,0.76,27.0,0,0
100969,12.0,15.0,10.0,3.8,3.1,46.0,0,0
100970,14.0,23.0,10.0,4.4,0.77,19.0,0,0
100971,16.0,18.0,32.0,3.9,0.65,11.0,0,0
100972,21.0,24.0,23.0,4.3,1.4,12.0,0,0
100973,29.0,23.0,32.0,3.8,0.92,12.0,0,0
100974,10.0,14.0,12.0,4.5,0.9,14.0,0,0
100975,,,,,,,,
100978,17.0,18.0,20.0,3.7,0.77,15.0,0,0
100979,9.0,17.0,8.0,4.0,0.64,15.0,0,0
100980,,,,,,,,
100983,13.0,16.0,17.0,4.3,0.68,15.0,0,0
100985,27.0,64.0,17.0,4.6,1.03,13.0,0,0
100986,20.0,16.0,22.0,4.1,0.58,6.0,0,0
100987,31.0,30.0,24.0,4.3,0.81,12.0,0,0
100988,19.0,21.0,44.0,4.3,0.64,15.0,0,0
100989,10.0,19.0,17.0,3.9,0.92,16.0,0,0
100992,125.0,81.0,43.0,4.0,1.41,18.0,0,0
100994,18.0,18.0,23.0,4.4,0.69,11.0,0,0
100996,23.0,20.0,19.0,4.2,1.0,13.0,0,0
100997,14.0,17.0,17.0,3.6,0.74,15.0,0,0
100999,9.0,13.0,14.0,4.0,0.66,7.0,0,0
101000,8.0,16.0,6.0,4.0,0.59,9.0,0,0
101001,19.0,18.0,16.0,4.0,1.0,11.0,0,0
101002,8.0,16.0,12.0,4.4,0.76,12.0,0,0
101003,30.0,23.0,31.0,4.3,0.81,15.0,0,0
101004,11.0,19.0,10.0,4.5,1.0,6.0,0,0
101005,12.0,16.0,8.0,4.1,0.81,14.0,0,0
101006,21.0,28.0,93.0,3.6,0.96,22.0,0,0
101007,19.0,18.0,17.0,4.2,0.81,12.0,0,0
101009,20.0,13.0,30.0,3.7,0.61,15.0,0,0
101010,17.0,19.0,36.0,3.9,0.99,18.0,0,0
101011,34.0,24.0,46.0,4.1,0.91,12.0,0,0
101013,13.0,16.0,39.0,3.9,0.77,11.0,0,0
101014,8.0,12.0,12.0,4.0,0.66,8.0,0,0
101015,13.0,15.0,20.0,4.1,0.75,14.0,0,0
101017,10.0,13.0,19.0,3.6,1.36,21.0,0,0
101018,23.0,27.0,12.0,3.8,1.4,21.0,0,0
101019,43.0,24.0,18.0,4.2,0.96,16.0,0,0
101020,10.0,16.0,13.0,4.2,0.73,13.0,0,0
101021,14.0,19.0,27.0,3.8,1.16,10.0,0,0
101022,,,,,,,,
101023,17.0,17.0,22.0,4.1,1.0,13.0,0,0
101024,32.0,23.0,30.0,4.1,1.17,16.0,0,0
101025,10.0,18.0,9.0,3.9,0.73,10.0,0,0
101026,18.0,18.0,21.0,3.8,0.62,8.0,0,0
101027,19.0,18.0,42.0,3.9,0.74,10.0,0,0
101028,15.0,19.0,18.0,3.9,0.72,10.0,0,0
101029,14.0,20.0,15.0,4.2,0.51,11.0,0,0
101030,5.0,12.0,8.0,4.0,0.6,19.0,0,0
101031,30.0,18.0,35.0,4.5,0.9,17.0,0,0
101032,14.0,16.0,9.0,4.2,0.76,9.0,0,0
101033,34.0,20.0,31.0,4.0,1.16,18.0,0,0
101034,8.0,13.0,7.0,3.7,0.9,15.0,0,0
101035,11.0,15.0,10.0,4.5,0.61,11.0,0,0
101036,10.0,20.0,34.0,4.8,1.13,17.0,0,0
101037,30.0,22.0,114.0,3.8,0.72,15.0,0,0
101039,18.0,28.0,17.0,4.2,0.53,11.0,0,0
101040,18.0,17.0,45.0,3.7,0.96,7.0,0,0
101042,11.0,17.0,11.0,3.8,0.67,10.0,0,0
101043,18.0,18.0,14.0,4.0,0.97,15.0,0,0
101045,21.0,21.0,9.0,4.8,0.75,17.0,0,0
101046,19.0,20.0,16.0,4.0,0.74,11.0,0,0
101047,22.0,36.0,11.0,4.0,1.09,11.0,0,0
101048,,,,,,,,
101049,14.0,12.0,31.0,3.6,0.67,21.0,0,0
101051,22.0,13.0,54.0,3.8,0.69,11.0,0,0
101052,12.0,18.0,23.0,3.7,0.78,15.0,0,0
101054,7.0,15.0,8.0,4.2,0.6,9.0,0,0
101057,9.0,20.0,9.0,4.0,0.55,10.0,0,0
101059,,,,,,,,
101060,,,,,,,,
101063,14.0,23.0,22.0,3.8,1.24,19.0,0,0
101064,80.0,34.0,71.0,4.5,1.18,14.0,0,0
101065,23.0,28.0,43.0,4.3,0.85,12.0,0,0
101067,12.0,22.0,14.0,4.5,0.76,8.0,0,0
101068,16.0,22.0,10.0,3.6,0.76,17.0,0,0
101069,30.0,24.0,53.0,4.3,0.95,15.0,0,0
101070,23.0,19.0,27.0,3.8,0.67,11.0,0,0
101073,28.0,27.0,15.0,4.0,0.78,16.0,0,0
101075,26.0,23.0,49.0,4.6,1.34,20.0,0,0
101076,17.0,11.0,9.0,4.3,0.79,16.0,0,0
101077,35.0,27.0,19.0,4.6,0.92,11.0,0,0
101078,25.0,18.0,29.0,4.1,1.2,20.0,0,0
101079,10.0,15.0,11.0,4.5,0.57,9.0,0,0
101080,15.0,21.0,15.0,4.0,0.69,11.0,0,0
101081,8.0,16.0,11.0,4.4,0.54,9.0,0,0
101083,19.0,19.0,12.0,4.5,0.79,15.0,0,0
101084,8.0,12.0,11.0,4.5,0.56,13.0,0,0
101085,49.0,24.0,24.0,4.2,0.96,16.0,0,0
101086,54.0,45.0,28.0,4.2,0.97,13.0,0,0
101087,11.0,17.0,13.0,3.7,0.49,12.0,0,0
101088,18.0,19.0,34.0,4.3,0.81,18.0,0,0
101089,23.0,19.0,25.0,4.2,0.65,11.0,0,0
101090,11.0,16.0,12.0,4.5,0.75,14.0,0,0
101091,9.0,18.0,14.0,3.8,0.97,12.0,0,0
101092,9.0,14.0,9.0,4.5,0.57,11.0,0,0
101093,,,,,,,,
101094,10.0,13.0,13.0,4.4,0.98,12.0,0,0
101095,5.0,22.0,12.0,4.5,0.59,13.0,0,0
101096,23.0,18.0,13.0,4.1,0.73,15.0,0,0
101097,21.0,40.0,47.0,3.5,0.69,9.0,0,0
101099,16.0,16.0,8.0,4.3,0.62,9.0,0,0
101101,68.0,37.0,34.0,4.2,1.25,15.0,0,0
101102,22.0,26.0,10.0,4.0,0.89,27.0,0,0
101103,16.0,17.0,18.0,3.8,1.04,11.0,0,0
101106,10.0,14.0,26.0,4.1,0.83,11.0,0,0
101107,17.0,17.0,33.0,3.6,0.48,10.0,0,0
101108,15.0,24.0,21.0,3.7,0.76,8.0,0,0
101109,10.0,11.0,32.0,3.5,1.77,37.0,0,0
101111,27.0,17.0,23.0,3.9,1.11,11.0,0,0
101112,12.0,17.0,16.0,4.1,0.92,14.0,0,0
101113,11.0,15.0,8.0,4.6,0.77,20.0,0,0
101115,18.0,16.0,21.0,3.7,0.66,9.0,0,0
101117,17.0,23.0,14.0,4.4,0.43,10.0,0,0
101118,50.0,30.0,35.0,4.1,0.67,13.0,0,0
101119,,,,,,,,
101120,,,,,,,,
101122,66.0,72.0,120.0,3.9,0.98,14.0,0,0
101123,18.0,22.0,36.0,3.6,0.64,6.0,0,0
101124,29.0,23.0,20.0,4.0,1.46,20.0,0,0
101125,33.0,29.0,26.0,3.5,0.86,14.0,0,0
101126,,,,,,,,
101127,,,,,,,,
101130,11.0,16.0,9.0,3.5,0.78,9.0,0,0
101131,8.0,14.0,15.0,4.5,0.76,13.0,0,0
101132,22.0,25.0,37.0,4.5,1.07,12.0,0,0
101134,15.0,14.0,12.0,3.5,0.81,13.0,0,0
101136,22.0,28.0,24.0,4.1,1.41,24.0,0,0
101138,20.0,21.0,16.0,4.0,0.78,19.0,0,0
101139,13.0,17.0,8.0,4.2,0.43,12.0,0,0
101141,127.0,128.0,414.0,4.0,0.9,10.0,0,0
101143,14.0,17.0,22.0,3.9,1.3,27.0,0,0
101147,28.0,31.0,41.0,3.8,0.64,19.0,0,0
101148,,,,,,,,
101149,16.0,21.0,110.0,4.1,0.67,8.0,0,0
101151,,,,,,,,
101152,90.0,41.0,40.0,4.6,0.98,14.0,0,0
101153,24.0,39.0,23.0,3.9,1.32,14.0,0,0
101155,11.0,12.0,20.0,3.6,0.79,14.0,0,0
101159,7.0,11.0,13.0,4.0,0.74,15.0,0,0
101160,11.0,17.0,26.0,4.3,0.65,10.0,0,0
101162,12.0,14.0,25.0,4.1,1.89,23.0,0,0
101163,14.0,15.0,37.0,4.3,0.49,9.0,0,0
101164,15.0,16.0,23.0,4.6,0.59,14.0,0,0
101166,14.0,17.0,16.0,3.7,0.68,11.0,0,0
101168,10.0,13.0,16.0,4.4,0.72,11.0,0,0
101169,20.0,22.0,55.0,4.0,0.76,11.0,0,0
101171,19.0,16.0,12.0,3.7,0.53,9.0,0,0
101173,10.0,14.0,12.0,4.4,0.74,18.0,0,0
101174,14.0,16.0,15.0,4.1,1.1,11.0,0,0
101175,18.0,17.0,33.0,4.7,1.1,17.0,0,0
101176,8.0,17.0,14.0,3.7,1.11,18.0,0,0
101177,16.0,24.0,14.0,4.7,0.82,20.0,0,0
101179,15.0,20.0,11.0,4.1,0.6,16.0,0,0
101180,10.0,19.0,14.0,4.1,1.14,22.0,0,0
101181,12.0,18.0,16.0,3.7,0.93,16.0,0,0
101182,59.0,31.0,41.0,4.2,1.09,14.0,0,0
101183,11.0,18.0,19.0,3.8,0.92,16.0,0,0
101185,25.0,18.0,48.0,4.4,0.69,19.0,0,0
101186,30.0,39.0,18.0,4.6,1.04,22.0,0,0
101187,22.0,24.0,23.0,4.5,0.95,19.0,0,0
101190,16.0,15.0,49.0,4.2,0.94,9.0,0,0
101191,14.0,15.0,13.0,3.8,0.7,15.0,0,0
101193,24.0,26.0,47.0,4.0,0.64,20.0,0,0
101194,11.0,18.0,6.0,3.9,0.87,11.0,0,0
101195,17.0,23.0,24.0,4.7,0.88,11.0,0,0
101196,6.0,9.0,17.0,3.6,0.94,16.0,0,0
101197,17.0,19.0,12.0,4.0,0.85,9.0,0,0
101199,12.0,16.0,15.0,3.9,1.01,30.0,0,0
101200,11.0,15.0,24.0,4.2,2.69,53.0,0,0
101201,38.0,26.0,35.0,4.0,1.26,24.0,0,0
101203,12.0,20.0,10.0,4.4,0.74,16.0,0,0
101204,10.0,20.0,21.0,3.3,1.0,18.0,0,0
101205,11.0,16.0,17.0,3.7,0.72,11.0,0,0
101206,26.0,18.0,33.0,4.2,1.01,16.0,0,0
101207,19.0,19.0,22.0,3.6,0.62,13.0,0,0
101208,10.0,18.0,14.0,4.8,0.43,14.0,0,0
101209,,,,,,,,
101211,26.0,32.0,54.0,4.0,1.08,14.0,0,0
101212,29.0,20.0,16.0,4.1,0.64,14.0,0,0
101213,,,,,,,,
101214,13.0,16.0,10.0,4.1,1.02,19.0,0,0
101216,32.0,32.0,224.0,3.6,0.84,10.0,0,0
101217,11.0,16.0,28.0,4.1,1.66,32.0,0,0
101218,,,,,,,,
101220,11.0,14.0,14.0,3.9,0.69,15.0,0,0
101221,14.0,22.0,24.0,3.5,1.7,15.0,0,0
101222,25.0,21.0,60.0,4.2,0.91,13.0,0,0
101224,22.0,20.0,13.0,4.2,0.48,8.0,0,0
101226,28.0,17.0,20.0,4.1,0.78,9.0,0,0
101227,17.0,19.0,41.0,4.2,1.12,16.0,0,0
101228,22.0,21.0,57.0,4.1,0.72,11.0,0,0
101229,15.0,17.0,15.0,4.2,0.56,11.0,0,0
101230,39.0,30.0,44.0,3.9,0.73,12.0,0,0
101231,17.0,22.0,11.0,4.7,0.62,13.0,0,0
101232,13.0,16.0,18.0,4.6,0.82,28.0,0,0
101233,17.0,24.0,20.0,4.3,1.05,13.0,0,0
101236,13.0,15.0,10.0,4.4,0.69,6.0,0,0
101238,8.0,15.0,24.0,4.4,0.86,11.0,0,0
101239,14.0,24.0,13.0,4.3,0.75,12.0,0,0
101240,14.0,18.0,15.0,4.2,1.1,20.0,0,0
101241,26.0,20.0,14.0,4.0,0.94,20.0,0,0
101242,16.0,18.0,16.0,3.8,0.75,7.0,0,0
101243,17.0,17.0,56.0,3.6,0.74,10.0,0,0
101244,12.0,18.0,15.0,4.6,0.87,16.0,0,0
101246,11.0,16.0,76.0,3.5,1.18,21.0,0,0
101247,22.0,21.0,13.0,4.3,0.85,13.0,0,0
101248,,,,,,,,
101249,26.0,18.0,22.0,4.2,0.72,12.0,0,0
101250,17.0,21.0,18.0,3.9,0.84,20.0,0,0
101251,,,,,,,,
101252,8.0,13.0,6.0,3.4,0.63,12.0,0,0
101253,16.0,18.0,33.0,3.9,0.98,14.0,0,0
101254,15.0,20.0,24.0,4.0,0.77,10.0,0,0
101255,28.0,42.0,46.0,3.8,0.72,9.0,0,0
101256,16.0,17.0,60.0,3.8,0.71,9.0,0,0
101258,16.0,16.0,18.0,3.1,8.36,43.0,0,0
101259,12.0,20.0,16.0,4.4,0.51,11.0,0,0
101260,9.0,14.0,8.0,3.3,1.03,24.0,0,0
101262,29.0,19.0,44.0,4.5,0.83,17.0,0,0
101263,12.0,18.0,11.0,4.5,0.9,13.0,0,0
101264,,,,,,,,
101265,22.0,19.0,15.0,3.9,0.8,13.0,0,0
101266,12.0,15.0,23.0,3.6,1.01,23.0,0,0
101273,28.0,20.0,33.0,4.2,0.98,15.0,0,0
101274,19.0,25.0,36.0,4.2,1.12,20.0,0,0
101275,10.0,15.0,13.0,3.5,1.27,27.0,0,0
101277,24.0,26.0,13.0,4.0,0.78,15.0,0,0
101278,21.0,15.0,24.0,4.1,1.11,10.0,0,0
101281,9.0,,7.0,4.0,0.49,,0,0
101282,18.0,16.0,41.0,4.4,0.91,15.0,0,0
101283,21.0,15.0,59.0,4.1,0.81,15.0,0,0
101284,21.0,19.0,50.0,4.0,0.94,9.0,0,0
101285,28.0,19.0,27.0,3.8,0.85,13.0,0,0
101286,10.0,16.0,35.0,3.8,0.97,15.0,0,0
101288,21.0,20.0,23.0,4.1,1.03,27.0,0,0
101289,18.0,17.0,10.0,3.6,0.59,11.0,0,0
101291,,,,,,,,
101292,8.0,19.0,7.0,3.8,0.69,4.0,0,0
101294,11.0,15.0,13.0,3.8,0.95,13.0,0,0
101295,19.0,34.0,7.0,4.1,0.95,14.0,0,0
101298,20.0,18.0,15.0,4.0,0.95,22.0,0,0
101300,17.0,17.0,9.0,3.9,0.57,9.0,0,0
101302,10.0,19.0,12.0,4.5,0.91,12.0,0,0
101306,,,,,,,,
101307,57.0,78.0,96.0,3.9,0.61,9.0,0,0
101308,11.0,15.0,17.0,4.2,0.94,11.0,0,0
101310,14.0,17.0,15.0,4.7,0.96,11.0,0,0
101311,21.0,13.0,18.0,4.0,12.74,64.0,0,0
101312,18.0,26.0,30.0,3.8,0.89,18.0,0,0
101313,12.0,13.0,20.0,2.9,0.61,7.0,0,0
101314,10.0,15.0,9.0,4.1,0.48,9.0,0,0
101315,13.0,30.0,14.0,4.4,0.76,15.0,0,0
101316,12.0,17.0,14.0,4.5,1.07,16.0,0,0
101317,8.0,14.0,8.0,4.1,0.53,9.0,0,0
101318,,,,,,,,
101319,10.0,10.0,15.0,4.2,1.03,12.0,0,0
101320,11.0,17.0,14.0,3.9,1.24,20.0,0,0
101322,28.0,,56.0,4.0,1.08,28.0,0,0
101323,6.0,10.0,20.0,3.5,0.94,12.0,0,0
101324,17.0,22.0,40.0,4.0,1.47,18.0,0,0
101326,15.0,16.0,14.0,4.5,0.4,8.0,0,0
101327,14.0,19.0,12.0,4.0,0.76,17.0,0,0
101328,11.0,16.0,29.0,4.6,0.79,9.0,0,0
101329,10.0,20.0,10.0,4.7,0.67,7.0,0,0
101330,7.0,15.0,9.0,3.9,0.64,13.0,0,0
101332,16.0,29.0,12.0,3.9,0.93,15.0,0,0
101333,8.0,17.0,17.0,3.7,1.02,17.0,0,0
101334,9.0,16.0,9.0,4.6,0.62,13.0,0,0
101335,13.0,21.0,26.0,4.1,1.33,20.0,0,0
101336,17.0,24.0,22.0,3.9,0.63,11.0,0,0
101337,18.0,23.0,10.0,4.1,0.68,8.0,0,0
101339,49.0,42.0,79.0,4.0,0.63,8.0,0,0
101340,19.0,22.0,13.0,4.2,1.38,18.0,0,0
101342,13.0,14.0,16.0,3.6,0.66,11.0,0,0
101343,37.0,36.0,16.0,4.6,1.25,37.0,0,0
101344,9.0,15.0,11.0,4.2,0.51,8.0,0,0
101345,17.0,15.0,17.0,4.0,0.71,8.0,0,0
101348,,,,,,,,
101349,,,,,,,,
101350,22.0,,15.0,4.1,0.81,16.0,0,0
101351,11.0,15.0,12.0,4.1,0.71,21.0,0,0
101352,10.0,14.0,13.0,4.3,0.8,15.0,0,0
101355,57.0,33.0,192.0,4.4,1.02,14.0,0,0
101356,22.0,27.0,43.0,4.5,0.86,19.0,0,0
101357,13.0,13.0,19.0,3.6,0.78,12.0,0,0
101359,31.0,23.0,24.0,3.8,0.8,14.0,0,0
101360,47.0,26.0,50.0,3.8,1.0,11.0,0,0
101362,18.0,29.0,20.0,3.9,0.79,10.0,0,0
101363,56.0,143.0,618.0,3.7,0.6,8.0,0,0
101365,10.0,16.0,23.0,4.6,0.77,12.0,0,0
101366,12.0,15.0,11.0,4.1,0.55,8.0,0,0
101369,15.0,15.0,31.0,4.3,0.89,19.0,0,0
101370,12.0,17.0,11.0,4.0,0.51,12.0,0,0
101372,10.0,13.0,9.0,3.7,0.45,14.0,0,0
101375,26.0,18.0,22.0,3.9,0.92,17.0,0,0
101376,12.0,24.0,11.0,4.2,0.49,15.0,0,0
101378,15.0,17.0,15.0,4.1,0.65,13.0,0,0
101379,33.0,34.0,29.0,3.8,1.02,19.0,0,0
101382,24.0,21.0,13.0,4.1,0.9,21.0,0,0
101384,21.0,22.0,26.0,4.1,0.9,11.0,0,0
101385,,,,,,,,
101386,,,,,,,,
101387,14.0,23.0,15.0,4.2,0.75,13.0,0,0
101388,14.0,19.0,7.0,4.3,0.69,8.0,0,0
101389,71.0,,106.0,4.2,0.96,9.0,0,0
101390,32.0,23.0,16.0,4.5,0.99,16.0,0,0
101391,22.0,24.0,14.0,4.2,0.87,19.0,0,0
101392,,,,,,,,
101393,,,,,,,,
101394,13.0,17.0,9.0,4.5,0.67,14.0,0,0
101395,14.0,26.0,14.0,4.4,0.76,28.0,0,0
101396,18.0,19.0,10.0,3.9,0.96,20.0,0,0
101397,54.0,34.0,24.0,4.4,1.08,11.0,0,0
101398,46.0,50.0,219.0,4.3,0.82,16.0,0,0
101399,21.0,23.0,20.0,4.0,0.83,12.0,0,0
101400,15.0,17.0,23.0,4.1,0.98,12.0,0,0
101401,21.0,18.0,14.0,4.5,0.84,15.0,0,0
101402,32.0,26.0,64.0,3.8,0.64,12.0,0,0
101404,31.0,31.0,29.0,3.9,1.01,12.0,0,0
101405,117.0,75.0,205.0,4.3,0.66,7.0,0,0
101407,28.0,25.0,24.0,3.9,0.59,18.0,0,0
101411,37.0,34.0,16.0,3.9,0.86,17.0,0,0
101412,9.0,15.0,9.0,4.2,0.64,10.0,0,0
101413,13.0,20.0,20.0,4.1,0.51,10.0,0,0
101414,16.0,37.0,110.0,2.9,0.52,3.0,0,0
101415,9.0,17.0,8.0,4.8,0.73,11.0,0,0
101416,23.0,20.0,20.0,4.1,0.95,14.0,0,0
101420,16.0,23.0,21.0,4.0,0.79,15.0,0,0
101421,43.0,26.0,30.0,4.1,0.82,12.0,0,0
101422,40.0,33.0,15.0,4.2,0.58,18.0,0,0
101423,32.0,21.0,46.0,4.2,0.61,16.0,0,0
101426,20.0,23.0,18.0,3.5,0.75,9.0,0,0
101427,16.0,22.0,70.0,4.2,0.68,9.0,0,0
101429,11.0,12.0,15.0,4.0,0.51,9.0,0,0
101430,16.0,21.0,11.0,4.0,0.74,10.0,0,0
101431,45.0,52.0,161.0,3.7,0.91,14.0,0,0
101432,11.0,14.0,16.0,3.4,0.76,20.0,0,0
101434,25.0,24.0,26.0,4.2,0.68,18.0,0,0
101437,,,,,,,,
101438,20.0,22.0,24.0,4.3,0.63,7.0,0,0
101439,13.0,13.0,19.0,4.3,1.13,10.0,0,0
101442,21.0,20.0,19.0,4.1,0.83,16.0,0,0
101443,19.0,22.0,25.0,3.8,1.21,7.0,0,0
101444,26.0,18.0,33.0,3.7,1.02,18.0,0,0
101446,11.0,12.0,21.0,4.2,0.7,9.0,0,0
101447,14.0,15.0,10.0,4.2,0.58,8.0,0,0
101448,16.0,17.0,12.0,3.9,1.01,10.0,0,0
101449,10.0,12.0,21.0,3.4,0.71,11.0,0,0
101450,33.0,22.0,17.0,4.4,1.01,18.0,0,0
101451,11.0,17.0,12.0,4.3,0.73,11.0,0,0
101454,17.0,15.0,40.0,4.3,0.83,19.0,0,0
101455,16.0,16.0,60.0,3.7,0.56,15.0,0,0
101458,17.0,18.0,9.0,4.2,0.53,11.0,0,0
101459,,,,,,,,
101461,24.0,29.0,19.0,4.0,0.96,23.0,0,0
101462,31.0,25.0,29.0,4.0,0.72,9.0,0,0
101463,11.0,16.0,11.0,3.6,0.89,11.0,0,0
101464,12.0,16.0,20.0,4.3,0.77,13.0,0,0
101467,21.0,14.0,17.0,4.0,1.0,13.0,0,0
101468,17.0,14.0,34.0,3.6,1.54,30.0,0,0
101470,62.0,50.0,66.0,3.7,0.71,14.0,0,0
101472,16.0,24.0,29.0,4.2,0.65,13.0,0,0
101475,14.0,15.0,51.0,3.7,0.58,15.0,0,0
101478,22.0,20.0,176.0,3.7,0.99,15.0,0,0
101479,7.0,11.0,20.0,3.7,0.89,12.0,0,0
101480,20.0,26.0,18.0,3.7,1.53,18.0,0,0
101481,17.0,14.0,12.0,3.8,0.62,13.0,0,0
101482,14.0,16.0,14.0,4.1,0.52,11.0,0,0
101483,19.0,19.0,33.0,4.6,0.7,7.0,0,0
101484,19.0,20.0,45.0,3.9,0.96,15.0,0,0
101485,11.0,17.0,10.0,4.3,0.83,12.0,0,0
101486,10.0,15.0,13.0,3.9,0.69,15.0,0,0
101487,24.0,23.0,37.0,4.4,0.96,15.0,0,0
101488,17.0,18.0,14.0,3.8,0.64,11.0,0,0
101489,37.0,28.0,11.0,4.3,0.52,8.0,0,0
101490,10.0,15.0,17.0,4.3,0.85,17.0,0,0
101491,10.0,18.0,14.0,4.0,0.73,8.0,0,0
101493,26.0,22.0,11.0,4.2,0.48,13.0,0,0
101497,14.0,24.0,17.0,4.6,0.52,11.0,0,0
101498,70.0,73.0,42.0,4.6,0.93,20.0,0,0
101500,12.0,14.0,13.0,3.8,0.85,10.0,0,0
101501,13.0,19.0,15.0,4.6,0.81,16.0,0,0
101502,17.0,20.0,21.0,4.5,0.75,9.0,0,0
101504,,,,,,,,
101505,9.0,15.0,28.0,3.8,0.67,16.0,0,0
101506,6.0,11.0,7.0,3.7,0.59,11.0,0,0
101508,18.0,17.0,12.0,4.1,0.63,12.0,0,0
101509,19.0,21.0,15.0,4.1,0.56,13.0,0,0
101510,18.0,19.0,24.0,3.8,0.92,16.0,0,0
101513,16.0,19.0,22.0,4.9,0.86,6.0,0,0
101515,,,,3.6,1.33,27.0,,
101516,13.0,18.0,22.0,4.5,0.8,11.0,0,0
101517,11.0,14.0,23.0,4.4,0.89,16.0,0,0
101518,10.0,20.0,10.0,4.3,0.86,27.0,0,0
101520,31.0,21.0,38.0,3.8,0.91,17.0,0,0
101522,,,,,,,,
101523,,,,,,,,
101527,18.0,18.0,23.0,4.8,0.79,13.0,0,0
101530,18.0,19.0,13.0,4.2,0.92,13.0,0,0
101535,11.0,16.0,23.0,4.0,1.24,32.0,0,0
101537,32.0,21.0,33.0,4.1,1.22,20.0,0,0
101541,10.0,18.0,22.0,4.0,1.19,15.0,0,0
101542,24.0,20.0,41.0,4.2,0.96,20.0,0,0
101544,10.0,11.0,8.0,4.0,0.84,10.0,0,0
101545,43.0,28.0,20.0,4.5,0.98,14.0,0,0
101546,20.0,18.0,32.0,3.8,0.9,13.0,0,0
101547,10.0,19.0,27.0,3.5,0.66,14.0,0,0
101548,20.0,19.0,26.0,4.1,0.83,19.0,0,0
101549,17.0,21.0,9.0,4.2,0.65,8.0,0,0
101550,37.0,30.0,22.0,4.0,1.26,8.0,0,0
101551,21.0,17.0,24.0,4.1,0.69,14.0,0,0
101552,19.0,25.0,43.0,4.2,1.23,15.0,0,0
101555,18.0,14.0,15.0,4.3,1.14,13.0,0,0
101556,,,,,,,,
101557,13.0,25.0,8.0,4.5,0.42,12.0,0,0
101558,18.0,17.0,27.0,4.2,0.78,12.0,0,0
101559,106.0,48.0,96.0,4.1,0.86,12.0,0,0
101560,,,,,,,,
101561,11.0,17.0,12.0,4.3,0.75,12.0,0,0
101562,33.0,38.0,37.0,3.9,1.07,22.0,0,0
101563,33.0,16.0,50.0,4.3,0.89,11.0,0,0
101565,,,,,,,,
101568,,,,,,,,
101570,16.0,13.0,10.0,3.7,0.49,8.0,0,0
101571,18.0,17.0,21.0,3.9,1.31,13.0,0,0
101572,21.0,28.0,16.0,4.2,1.28,24.0,0,0
101574,18.0,20.0,22.0,4.3,0.8,15.0,0,0
101575,,,,,,,,
101577,11.0,18.0,12.0,4.2,0.58,19.0,0,0
101578,,,,,,,,
101579,21.0,19.0,15.0,4.7,0.89,13.0,0,0
101580,16.0,13.0,21.0,3.8,1.71,19.0,0,0
101581,18.0,23.0,36.0,4.3,3.33,43.0,0,0
101582,,,,,,,,
101583,31.0,30.0,15.0,4.0,0.58,10.0,0,0
101584,17.0,23.0,49.0,3.8,0.67,12.0,0,0
101587,13.0,17.0,25.0,3.9,3.31,64.0,0,0
101588,21.0,24.0,16.0,4.3,0.63,8.0,0,0
101589,21.0,17.0,23.0,3.8,0.91,16.0,0,0
101590,40.0,25.0,42.0,4.5,0.92,6.0,0,0
101593,11.0,17.0,19.0,4.2,0.61,8.0,0,0
101594,22.0,19.0,20.0,4.2,0.75,12.0,0,0
101595,26.0,24.0,19.0,4.4,0.94,20.0,0,0
101596,20.0,13.0,6.0,3.7,0.71,15.0,0,0
101597,17.0,20.0,18.0,4.0,0.49,18.0,0,0
101599,35.0,28.0,32.0,4.0,0.99,13.0,0,0
101601,18.0,23.0,18.0,3.9,1.2,17.0,0,0
101604,11.0,18.0,21.0,4.5,0.79,9.0,0,0
101605,14.0,14.0,13.0,4.1,1.09,20.0,0,0
101606,25.0,29.0,18.0,4.0,0.9,15.0,0,0
101608,21.0,19.0,71.0,3.9,0.79,8.0,0,0
101609,35.0,105.0,33.0,4.8,0.91,15.0,0,0
101612,15.0,19.0,27.0,4.0,1.16,21.0,0,0
101613,53.0,32.0,67.0,4.5,0.81,14.0,0,0
101615,9.0,12.0,23.0,4.4,0.61,11.0,0,0
101616,18.0,20.0,8.0,4.0,1.21,16.0,0,0
101619,11.0,14.0,7.0,3.9,0.45,8.0,0,0
101620,5.0,18.0,10.0,4.2,0.64,15.0,0,0
101621,15.0,23.0,22.0,4.4,1.22,23.0,0,0
101623,16.0,21.0,24.0,4.3,1.01,15.0,0,0
101625,37.0,23.0,26.0,4.4,0.94,12.0,0,0
101626,25.0,22.0,19.0,4.1,0.7,13.0,0,0
101627,14.0,20.0,16.0,4.2,1.02,19.0,0,0
101628,13.0,24.0,18.0,4.3,0.83,11.0,0,0
101630,9.0,18.0,8.0,4.1,0.58,12.0,0,0
101631,,,,,,,,
101634,10.0,12.0,23.0,3.6,0.88,23.0,0,0
101635,10.0,19.0,17.0,4.1,0.92,9.0,0,0
101636,11.0,16.0,25.0,3.5,0.7,15.0,0,0
101638,21.0,21.0,14.0,4.1,0.85,15.0,0,0
101639,8.0,17.0,18.0,4.1,0.87,7.0,0,0
101640,11.0,16.0,26.0,3.7,0.8,13.0,0,0
101642,19.0,16.0,22.0,3.8,1.09,19.0,0,0
101645,12.0,16.0,17.0,3.9,0.62,11.0,0,0
101646,,,,,,,,
101647,16.0,18.0,14.0,4.1,0.71,8.0,0,0
101648,13.0,18.0,14.0,4.5,0.78,15.0,0,0
101649,8.0,13.0,21.0,4.1,0.92,16.0,0,0
101652,35.0,23.0,40.0,3.8,1.02,9.0,0,0
101653,6.0,13.0,8.0,3.9,1.06,19.0,0,0
101654,31.0,25.0,45.0,3.7,1.52,34.0,0,0
101655,18.0,20.0,22.0,4.7,1.24,16.0,0,0
101656,20.0,19.0,28.0,3.7,0.74,15.0,0,0
101657,28.0,24.0,15.0,4.1,0.79,18.0,0,0
101658,37.0,22.0,112.0,4.1,0.92,13.0,0,0
101659,7.0,12.0,6.0,3.8,0.7,13.0,0,0
101660,42.0,30.0,27.0,4.2,0.96,16.0,0,0
101661,10.0,7.0,22.0,4.0,0.73,13.0,0,0
101662,37.0,28.0,33.0,4.2,1.25,19.0,0,0
101664,25.0,15.0,26.0,3.6,0.87,13.0,0,0
101667,21.0,17.0,23.0,3.3,0.85,16.0,0,0
101668,13.0,12.0,17.0,4.1,0.92,14.0,0,0
101669,47.0,36.0,27.0,3.6,0.8,11.0,0,0
101670,21.0,17.0,19.0,4.0,0.68,16.0,0,0
101671,,,,,,,,
101673,13.0,18.0,9.0,4.0,0.48,5.0,0,0
101674,14.0,22.0,18.0,3.6,0.46,14.0,0,0
101675,41.0,34.0,75.0,4.4,0.53,14.0,0,0
101676,11.0,15.0,61.0,4.0,0.75,8.0,0,0
101677,21.0,21.0,12.0,4.1,0.8,11.0,0,0
101678,17.0,27.0,15.0,4.3,0.52,19.0,0,0
101679,12.0,16.0,21.0,3.7,0.74,16.0,0,0
101681,16.0,13.0,28.0,4.0,0.73,10.0,0,0
101682,29.0,20.0,33.0,4.2,0.83,10.0,0,0
101687,13.0,18.0,23.0,3.9,0.85,11.0,0,0
101688,10.0,15.0,9.0,4.4,0.69,11.0,0,0
101689,14.0,24.0,9.0,3.9,1.09,20.0,0,0
101690,,,,,,,,
101692,22.0,20.0,26.0,4.3,0.79,16.0,0,0
101693,15.0,15.0,23.0,4.2,0.87,11.0,0,0
101694,17.0,17.0,28.0,3.9,0.7,16.0,0,0
101695,62.0,31.0,71.0,3.9,0.59,10.0,0,0
101697,35.0,22.0,26.0,4.3,0.56,16.0,0,0
101698,22.0,23.0,37.0,4.3,0.73,12.0,0,0
101700,10.0,13.0,16.0,4.1,0.98,26.0,0,0
101701,9.0,12.0,11.0,4.1,0.75,14.0,0,0
101702,,,,,,,,
101704,12.0,14.0,17.0,3.7,1.85,25.0,0,0
101705,13.0,17.0,13.0,4.2,0.8,14.0,0,0
101707,16.0,20.0,13.0,3.3,0.7,20.0,0,0
101708,10.0,15.0,12.0,3.4,0.98,23.0,0,0
101709,9.0,13.0,8.0,3.1,0.5,5.0,0,0
101710,26.0,24.0,39.0,4.1,1.34,21.0,0,0
101711,28.0,28.0,21.0,4.6,0.82,17.0,0,0
101714,75.0,72.0,54.0,3.7,1.03,17.0,0,0
101716,49.0,28.0,21.0,3.6,0.45,11.0,0,0
101718,13.0,14.0,11.0,4.0,0.69,7.0,0,0
101719,11.0,14.0,14.0,4.4,0.82,17.0,0,0
101721,24.0,30.0,39.0,4.0,0.84,19.0,0,0
101722,15.0,18.0,17.0,4.1,0.99,20.0,0,0
101723,15.0,19.0,27.0,4.6,0.82,15.0,0,0
101724,13.0,20.0,23.0,4.4,0.97,11.0,0,0
101725,15.0,21.0,14.0,4.0,0.81,15.0,0,0
101726,61.0,31.0,69.0,4.2,0.83,20.0,0,0
101727,43.0,62.0,136.0,3.9,0.67,8.0,0,0
101728,19.0,26.0,25.0,4.3,1.3,18.0,0,0
101729,,,,,,,,
101730,30.0,27.0,25.0,3.7,1.08,21.0,0,0
101731,14.0,15.0,26.0,4.2,0.75,13.0,0,0
101732,18.0,27.0,15.0,4.6,1.03,32.0,0,0
101733,13.0,18.0,11.0,4.3,0.68,10.0,0,0
101734,11.0,14.0,13.0,4.4,0.67,10.0,0,0
101736,56.0,24.0,59.0,4.1,0.88,12.0,0,0
101737,15.0,15.0,21.0,4.0,0.84,16.0,0,0
101740,18.0,17.0,26.0,4.2,0.93,11.0,0,0
101742,60.0,28.0,31.0,4.5,0.84,17.0,0,0
101743,23.0,19.0,22.0,4.0,1.04,18.0,0,0
101744,40.0,22.0,57.0,4.5,0.87,18.0,0,0
101745,33.0,20.0,20.0,4.1,0.79,11.0,0,0
101750,,,,,,,,
101751,,,,,,,,
101753,48.0,47.0,43.0,4.3,0.99,13.0,0,0
101754,23.0,20.0,34.0,3.8,1.0,14.0,0,0
101755,14.0,14.0,20.0,3.4,0.77,12.0,0,0
101756,13.0,15.0,24.0,4.0,0.7,19.0,0,0
101758,14.0,15.0,25.0,4.1,1.22,9.0,0,0
101760,,,,,,,,
101761,31.0,23.0,50.0,4.1,0.8,14.0,0,0
101762,15.0,18.0,28.0,3.8,0.95,26.0,0,0
101763,21.0,19.0,29.0,4.0,0.57,14.0,0,0
101764,11.0,12.0,16.0,3.5,9.66,52.0,0,0
101765,10.0,13.0,13.0,3.8,0.64,5.0,0,0
101766,37.0,25.0,41.0,4.1,0.74,15.0,0,0
101768,19.0,20.0,13.0,4.7,1.18,17.0,0,0
101771,53.0,28.0,46.0,3.5,1.54,19.0,0,0
101772,22.0,20.0,35.0,4.5,0.95,20.0,0,0
101774,53.0,27.0,85.0,4.2,0.78,15.0,0,0
101775,11.0,13.0,8.0,4.2,0.96,13.0,0,0
101777,7.0,18.0,11.0,3.8,1.22,19.0,0,0
101778,11.0,17.0,12.0,3.7,0.88,14.0,0,0
101779,21.0,16.0,22.0,4.0,0.71,15.0,0,0
101780,22.0,24.0,14.0,4.2,0.78,20.0,0,0
101781,21.0,20.0,19.0,4.1,1.11,18.0,0,0
101782,,,,,,,,
101783,18.0,20.0,168.0,4.4,0.74,10.0,0,0
101784,,,,,,,,
101785,20.0,23.0,14.0,3.8,0.94,18.0,0,0
101786,15.0,16.0,21.0,4.2,0.91,16.0,0,0
101787,22.0,32.0,18.0,4.8,0.93,10.0,0,0
101788,,,,,,,,
101790,21.0,21.0,13.0,3.7,0.7,10.0,0,0
101793,17.0,16.0,21.0,4.5,0.86,25.0,0,0
101794,12.0,15.0,13.0,3.8,0.73,12.0,0,0
101795,14.0,19.0,18.0,4.1,0.62,15.0,0,0
101796,11.0,17.0,13.0,4.3,0.54,16.0,0,0
101799,10.0,20.0,16.0,4.3,0.83,13.0,0,0
101802,29.0,29.0,10.0,4.1,0.68,10.0,0,0
101806,8.0,13.0,9.0,4.5,0.59,10.0,0,0
101807,13.0,22.0,13.0,4.6,0.75,18.0,0,0
101809,7.0,9.0,15.0,3.8,1.11,13.0,0,0
101811,21.0,23.0,22.0,4.8,1.21,22.0,0,0
101814,32.0,24.0,23.0,3.9,0.64,11.0,0,0
101817,27.0,21.0,39.0,4.0,1.08,16.0,0,0
101818,41.0,22.0,38.0,4.4,0.81,12.0,0,0
101821,12.0,20.0,19.0,3.9,0.66,10.0,0,0
101822,21.0,17.0,26.0,4.0,0.93,16.0,0,0
101823,8.0,16.0,15.0,4.0,0.8,7.0,0,0
101824,,,,,,,,
101825,,,,,,,,
101826,9.0,18.0,8.0,4.3,0.87,13.0,0,0
101828,11.0,16.0,8.0,3.8,0.82,10.0,0,0
101829,31.0,25.0,17.0,3.9,0.98,16.0,0,0
101830,13.0,14.0,10.0,3.9,0.77,12.0,0,0
101832,15.0,20.0,13.0,4.7,0.79,17.0,0,0
101834,22.0,20.0,17.0,3.8,1.01,14.0,0,0
101836,,,,,,,,
101837,14.0,15.0,25.0,4.3,0.83,21.0,0,0
101838,8.0,17.0,21.0,3.4,0.57,6.0,0,0
101839,13.0,14.0,15.0,4.2,0.88,22.0,0,0
101840,24.0,28.0,42.0,4.3,0.86,6.0,0,0
101841,,,,,,,,
101842,15.0,19.0,16.0,3.7,0.67,9.0,0,0
101843,9.0,13.0,10.0,4.0,0.58,16.0,0,0
101844,11.0,17.0,17.0,3.7,0.56,9.0,0,0
101845,58.0,42.0,14.0,3.8,0.81,6.0,0,0
101846,19.0,17.0,19.0,4.3,1.1,17.0,0,0
101847,13.0,17.0,16.0,3.8,0.93,14.0,0,0
101848,26.0,37.0,57.0,3.5,1.02,12.0,0,0
101850,26.0,25.0,25.0,4.5,1.24,21.0,0,0
101851,33.0,22.0,52.0,4.3,0.85,18.0,0,0
101852,,,,,,,,
101853,25.0,21.0,30.0,4.4,0.79,14.0,0,0
101858,,,,,,,,
101859,8.0,19.0,17.0,3.9,1.17,18.0,0,0
101860,,,,,,,,
101861,12.0,21.0,13.0,3.8,0.71,12.0,0,0
101862,41.0,24.0,34.0,3.8,0.84,15.0,0,0
101863,56.0,41.0,30.0,4.2,0.62,11.0,0,0
101864,16.0,22.0,20.0,4.0,0.68,24.0,0,0
101865,17.0,16.0,37.0,4.2,0.91,19.0,0,0
101866,52.0,39.0,69.0,4.0,1.53,18.0,0,0
101867,13.0,19.0,12.0,4.1,0.71,15.0,0,0
101868,13.0,18.0,10.0,4.5,0.77,16.0,0,0
101869,15.0,15.0,9.0,4.4,0.94,12.0,0,0
101870,33.0,31.0,15.0,4.6,0.92,19.0,0,0
101871,12.0,11.0,12.0,3.5,0.63,13.0,0,0
101874,13.0,18.0,21.0,4.4,0.84,15.0,0,0
101875,38.0,30.0,35.0,4.0,0.63,9.0,0,0
101876,9.0,16.0,28.0,4.3,1.24,8.0,0,0
101878,9.0,12.0,34.0,3.9,1.13,16.0,0,0
101879,26.0,22.0,41.0,3.6,0.67,9.0,0,0
101880,40.0,23.0,15.0,4.2,0.78,12.0,0,0
101882,11.0,14.0,10.0,3.5,0.98,11.0,0,0
101883,11.0,16.0,29.0,3.8,0.81,12.0,0,0
101884,21.0,18.0,19.0,3.9,1.14,17.0,0,0
101885,19.0,18.0,16.0,4.2,0.76,13.0,0,0
101888,20.0,22.0,11.0,4.2,0.92,17.0,0,0
101893,31.0,23.0,34.0,4.2,0.97,11.0,0,0
101894,28.0,45.0,212.0,3.6,0.58,6.0,0,0
101895,10.0,16.0,16.0,4.0,1.87,32.0,0,0
101896,11.0,14.0,15.0,4.1,0.83,14.0,0,0
101898,15.0,20.0,14.0,4.2,0.5,17.0,0,0
101899,17.0,19.0,27.0,4.1,1.07,6.0,0,0
101901,,,,,,,,
101903,14.0,17.0,9.0,4.0,0.68,12.0,0,0
101904,13.0,13.0,18.0,3.3,0.65,9.0,0,0
101905,19.0,16.0,21.0,4.4,1.14,21.0,0,0
101907,12.0,13.0,20.0,4.0,0.53,11.0,0,0
101910,17.0,22.0,11.0,4.1,0.8,23.0,0,0
101911,,,,,,,,
101912,23.0,22.0,20.0,4.1,0.64,15.0,0,0
101913,13.0,24.0,7.0,4.5,0.51,13.0,0,0
101915,30.0,32.0,12.0,4.0,0.64,16.0,0,0
101917,29.0,41.0,18.0,4.2,0.66,15.0,0,0
101919,,,,,,,,
101920,26.0,20.0,40.0,4.2,0.91,13.0,0,0
101922,14.0,15.0,17.0,4.4,0.82,20.0,0,0
101923,8.0,13.0,14.0,3.9,0.61,11.0,0,0
101924,,,,,,,,
101928,15.0,18.0,24.0,4.0,0.69,13.0,0,0
101931,,,,,,,,
101934,23.0,21.0,25.0,3.9,0.81,15.0,0,0
101936,14.0,24.0,11.0,4.2,1.37,30.0,0,0
101937,13.0,14.0,14.0,4.4,0.95,12.0,0,0
101938,14.0,23.0,19.0,4.8,0.78,15.0,0,0
101941,8.0,12.0,19.0,3.9,0.65,8.0,0,0
101942,11.0,14.0,39.0,3.4,0.56,9.0,0,0
101943,8.0,14.0,12.0,4.2,0.59,10.0,0,0
101945,12.0,23.0,18.0,3.7,1.39,12.0,0,0
101947,107.0,82.0,262.0,3.8,1.3,23.0,0,0
101949,19.0,21.0,18.0,4.2,1.38,15.0,0,0
101950,40.0,27.0,21.0,4.1,0.87,14.0,0,0
101951,167.0,222.0,236.0,2.6,0.74,5.0,0,0
101957,11.0,16.0,17.0,3.5,0.56,11.0,0,0
101959,19.0,26.0,17.0,3.8,0.6,13.0,0,0
101962,30.0,22.0,31.0,4.2,0.98,17.0,0,0
101965,23.0,20.0,26.0,4.1,0.6,13.0,0,0
101966,8.0,19.0,11.0,4.2,0.9,13.0,0,0
101971,15.0,18.0,17.0,4.4,0.88,8.0,0,0
101972,,,,,,,,
101973,,,,,,,,
101976,34.0,26.0,43.0,4.3,0.94,14.0,0,0
101977,56.0,38.0,36.0,3.9,0.83,10.0,0,0
101978,14.0,14.0,13.0,4.2,0.93,11.0,0,0
101980,11.0,16.0,10.0,4.3,0.84,6.0,0,0
101981,15.0,20.0,10.0,4.4,0.67,12.0,0,0
101985,43.0,26.0,62.0,4.2,0.93,12.0,0,0
101986,18.0,23.0,19.0,4.2,0.8,12.0,0,0
101987,,,,,,,,
101988,20.0,19.0,16.0,4.7,0.66,10.0,0,0
101989,18.0,23.0,13.0,3.7,1.04,26.0,0,0
101990,,,,,,,,
101993,44.0,43.0,10.0,4.1,0.66,21.0,0,0
101995,45.0,91.0,73.0,4.3,0.87,9.0,0,0
101996,,,,,,,,
101997,,,,,,,,
102000,14.0,19.0,12.0,4.1,0.93,13.0,0,0
102001,30.0,24.0,93.0,4.0,1.02,13.0,0,0
102002,8.0,14.0,21.0,3.9,1.44,31.0,0,0
102003,,,,,,,,
102004,,,,,,,,
102005,12.0,14.0,18.0,3.9,0.64,8.0,0,0
102007,14.0,18.0,9.0,4.0,0.79,18.0,0,0
102008,10.0,16.0,11.0,4.3,0.92,13.0,0,0
102012,14.0,13.0,32.0,4.0,0.68,5.0,0,0
102015,25.0,21.0,13.0,4.1,0.65,10.0,0,0
102018,15.0,16.0,52.0,3.6,1.37,27.0,0,0
102019,10.0,12.0,11.0,3.7,0.78,8.0,0,0
102021,16.0,15.0,28.0,4.5,0.63,17.0,0,0
102022,23.0,21.0,17.0,4.3,1.11,13.0,0,0
102024,85.0,51.0,50.0,4.4,1.01,14.0,0,0
102026,9.0,15.0,7.0,4.0,0.7,10.0,0,0
102027,21.0,20.0,25.0,4.6,0.77,16.0,0,0
102028,19.0,16.0,21.0,4.7,0.97,9.0,0,0
102030,15.0,12.0,22.0,3.4,0.54,11.0,0,0
102031,21.0,18.0,19.0,4.1,0.67,12.0,0,0
102032,16.0,19.0,21.0,3.7,1.06,15.0,0,0
102035,12.0,15.0,14.0,4.4,0.77,11.0,0,0
102037,9.0,13.0,9.0,3.6,0.52,7.0,0,0
102039,,,,,,,,
102041,19.0,18.0,6.0,4.4,1.15,27.0,0,0
102044,13.0,18.0,20.0,3.8,0.79,11.0,0,0
102045,23.0,28.0,17.0,3.3,0.75,12.0,0,0
102046,,,,,,,,
102047,,,,4.0,,,,
102048,15.0,21.0,24.0,3.7,0.92,19.0,0,0
102050,35.0,24.0,55.0,4.4,1.23,17.0,0,0
102051,19.0,27.0,15.0,4.3,0.77,12.0,0,0
102052,11.0,17.0,12.0,3.9,0.77,19.0,0,0
102054,13.0,23.0,53.0,3.4,0.72,11.0,0,0
102055,17.0,14.0,16.0,3.7,0.94,20.0,0,0
102056,8.0,14.0,11.0,4.0,0.56,20.0,0,0
102057,15.0,17.0,21.0,4.3,0.91,15.0,0,0
102058,13.0,16.0,12.0,3.6,0.85,15.0,0,0
102060,14.0,24.0,25.0,3.8,1.13,21.0,0,0
102061,13.0,15.0,8.0,4.2,0.69,11.0,0,0
102062,21.0,23.0,9.0,3.5,0.47,7.0,0,0
102064,30.0,34.0,24.0,4.0,0.7,8.0,0,0
102067,10.0,18.0,79.0,3.8,0.85,15.0,0,0
102068,16.0,15.0,26.0,3.6,0.78,19.0,0,0
102070,16.0,20.0,18.0,3.9,0.98,22.0,0,0
102071,21.0,20.0,15.0,4.3,1.06,14.0,0,0
102072,30.0,25.0,29.0,4.2,0.4,11.0,0,0
102073,22.0,17.0,36.0,4.0,1.09,20.0,0,0
102074,15.0,22.0,15.0,4.7,0.71,8.0,0,0
102077,6.0,11.0,15.0,4.4,1.01,13.0,0,0
102078,69.0,50.0,398.0,4.4,1.04,11.0,0,0
102079,14.0,22.0,27.0,4.1,0.88,12.0,0,0
102081,30.0,18.0,21.0,4.0,0.81,21.0,0,0
102082,22.0,15.0,53.0,3.6,0.94,16.0,0,0
102086,12.0,13.0,13.0,4.0,0.67,10.0,0,0
102088,14.0,17.0,17.0,3.9,0.74,11.0,0,0
102090,56.0,34.0,28.0,4.4,0.39,8.0,0,0
102091,21.0,20.0,28.0,3.8,1.0,17.0,0,0
102092,10.0,16.0,26.0,3.8,0.84,18.0,0,0
102093,19.0,15.0,20.0,4.1,0.77,17.0,0,0
102096,16.0,16.0,28.0,4.4,1.0,16.0,0,0
102098,34.0,17.0,36.0,4.1,0.81,9.0,0,0
102099,13.0,14.0,17.0,3.8,0.62,11.0,0,0
102100,22.0,24.0,21.0,4.1,0.8,16.0,0,0
102101,28.0,28.0,24.0,4.0,0.81,9.0,0,0
102102,16.0,19.0,12.0,4.3,0.7,10.0,0,0
102103,16.0,16.0,19.0,4.3,0.82,15.0,0,0
102105,12.0,20.0,13.0,4.3,0.75,9.0,0,0
102106,13.0,15.0,24.0,4.1,1.14,10.0,0,0
102107,20.0,18.0,13.0,4.7,0.8,14.0,0,0
102111,29.0,25.0,71.0,4.2,0.81,19.0,0,0
102112,13.0,15.0,20.0,4.2,0.73,6.0,0,0
102113,10.0,14.0,14.0,4.7,0.67,13.0,0,0
102114,7.0,14.0,7.0,4.2,0.64,4.0,0,0
102115,9.0,14.0,10.0,4.5,0.55,10.0,0,0
102116,16.0,21.0,24.0,3.8,0.75,13.0,0,0
102117,24.0,26.0,23.0,4.1,1.04,14.0,0,0
102121,13.0,17.0,11.0,4.0,0.7,11.0,0,0
102122,10.0,15.0,9.0,4.1,0.58,16.0,0,0
102123,11.0,18.0,15.0,4.2,1.0,15.0,0,0
102124,13.0,22.0,4.0,4.4,0.59,9.0,0,0
102126,10.0,16.0,7.0,4.2,0.76,4.0,0,0
102128,19.0,22.0,27.0,4.1,0.87,14.0,0,0
102129,44.0,32.0,150.0,4.6,0.94,11.0,0,0
102130,25.0,35.0,27.0,4.3,1.26,20.0,0,0
102131,24.0,21.0,15.0,4.7,0.86,11.0,0,0
102132,15.0,11.0,17.0,3.3,0.43,13.0,0,0
102133,22.0,25.0,16.0,4.7,0.84,12.0,0,0
102134,13.0,15.0,13.0,4.2,0.79,10.0,0,0
102135,19.0,18.0,17.0,4.0,1.17,15.0,0,0
102137,,,,,,,,
102139,18.0,22.0,26.0,3.9,1.0,10.0,0,0
102141,10.0,17.0,12.0,5.0,0.93,8.0,0,0
102143,24.0,16.0,35.0,4.3,0.61,10.0,0,0
102145,16.0,30.0,16.0,3.9,0.7,14.0,0,0
102147,13.0,11.0,13.0,4.3,0.59,13.0,0,0
102148,31.0,24.0,40.0,4.1,0.88,22.0,0,0
102149,12.0,19.0,20.0,3.6,0.56,15.0,0,0
102150,20.0,25.0,15.0,3.7,0.57,13.0,0,0
102151,11.0,15.0,10.0,3.9,0.52,12.0,0,0
102152,,,,,,,,
102153,13.0,19.0,19.0,4.3,0.45,12.0,0,0
102154,34.0,27.0,28.0,4.0,0.96,17.0,0,0
102155,34.0,25.0,19.0,4.2,0.61,14.0,0,0
102157,16.0,17.0,21.0,4.2,0.69,11.0,0,0
102158,9.0,14.0,22.0,4.0,0.83,14.0,0,0
102160,8.0,16.0,9.0,4.2,0.75,9.0,0,0
102161,18.0,34.0,26.0,4.4,0.97,15.0,0,0
102162,28.0,33.0,26.0,4.2,0.79,36.0,0,0
102163,19.0,23.0,18.0,4.4,0.9,14.0,0,0
102165,59.0,31.0,74.0,4.5,0.73,11.0,0,0
102166,39.0,27.0,30.0,4.2,0.65,9.0,0,0
102167,16.0,17.0,15.0,4.1,0.82,23.0,0,0
102168,15.0,20.0,37.0,4.0,0.71,14.0,0,0
102169,14.0,21.0,12.0,4.3,0.88,20.0,0,0
102170,10.0,20.0,30.0,3.7,1.04,15.0,0,0
102171,18.0,21.0,26.0,4.6,0.7,17.0,0,0
102173,22.0,16.0,16.0,3.7,0.98,18.0,0,0
102175,8.0,17.0,10.0,3.9,0.8,10.0,0,0
102177,15.0,20.0,24.0,4.5,0.91,18.0,0,0
102178,14.0,17.0,13.0,3.8,1.5,36.0,0,0
102179,50.0,32.0,113.0,4.3,0.95,9.0,0,0
102181,45.0,66.0,236.0,3.8,0.77,15.0,0,0
102182,,,,,,,,
102183,26.0,27.0,42.0,4.3,1.0,21.0,0,0
102184,12.0,17.0,10.0,3.0,0.52,7.0,0,0
102185,20.0,14.0,59.0,3.5,0.95,14.0,0,0
102187,10.0,13.0,16.0,4.1,1.06,11.0,0,0
102189,19.0,19.0,18.0,4.9,0.72,11.0,0,0
102190,14.0,14.0,11.0,3.8,0.67,9.0,0,0
102191,31.0,22.0,24.0,3.8,1.04,12.0,0,0
102192,31.0,20.0,17.0,4.3,1.11,23.0,0,0
102193,42.0,53.0,82.0,4.6,0.79,17.0,0,0
102194,10.0,10.0,8.0,3.7,0.65,12.0,0,0
102196,14.0,15.0,65.0,4.1,0.68,9.0,0,0
102198,42.0,36.0,28.0,3.9,0.57,14.0,0,0
102199,42.0,29.0,80.0,4.5,0.64,9.0,0,0
102201,19.0,30.0,25.0,3.8,0.71,9.0,0,0
102202,12.0,19.0,10.0,4.5,0.71,10.0,0,0
102204,26.0,23.0,40.0,4.3,0.71,16.0,0,0
102207,,,,,,,,
102208,23.0,22.0,11.0,4.3,0.62,8.0,0,0
102210,27.0,31.0,15.0,3.6,1.18,18.0,0,0
102211,12.0,13.0,12.0,4.3,0.71,12.0,0,0
102212,18.0,14.0,23.0,4.0,0.62,14.0,0,0
102214,15.0,18.0,17.0,4.3,0.92,19.0,0,0
102215,25.0,21.0,18.0,4.4,0.76,20.0,0,0
102217,20.0,26.0,31.0,3.9,1.09,12.0,0,0
102218,10.0,18.0,27.0,4.1,0.73,9.0,0,0
102219,23.0,38.0,30.0,4.0,1.16,16.0,0,0
102221,20.0,19.0,19.0,4.5,0.71,13.0,0,0
102223,9.0,16.0,17.0,4.0,0.7,11.0,0,0
102224,12.0,16.0,13.0,4.8,0.78,8.0,0,0
102225,22.0,24.0,31.0,4.3,0.86,12.0,0,0
102226,29.0,22.0,29.0,4.4,0.96,10.0,0,0
102229,114.0,67.0,374.0,3.8,0.58,6.0,0,0
102231,11.0,15.0,20.0,3.5,0.68,10.0,0,0
102232,11.0,14.0,15.0,4.3,0.8,12.0,0,0
102234,28.0,28.0,45.0,4.5,0.81,12.0,0,0
102238,14.0,15.0,14.0,4.3,0.98,23.0,0,0
102239,22.0,28.0,17.0,4.4,1.32,21.0,0,0
102240,47.0,42.0,50.0,3.9,0.72,16.0,0,0
102241,16.0,29.0,29.0,4.1,0.99,10.0,0,0
102242,25.0,18.0,14.0,4.3,1.02,12.0,0,0
102243,19.0,22.0,49.0,4.3,1.09,14.0,0,0
102244,,,,,,,,
102245,5.0,10.0,22.0,3.1,0.68,14.0,0,0
102248,20.0,22.0,41.0,4.4,1.06,15.0,0,0
102249,14.0,18.0,19.0,4.4,0.81,14.0,0,0
102250,18.0,26.0,30.0,4.6,1.03,12.0,0,0
102251,28.0,22.0,27.0,4.1,1.16,20.0,0,0
102254,112.0,178.0,273.0,4.1,0.54,6.0,0,0
102255,13.0,17.0,14.0,4.7,0.95,17.0,0,0
102256,53.0,30.0,58.0,4.4,1.09,13.0,0,0
102258,18.0,22.0,23.0,3.9,0.61,17.0,0,0
102259,,,,,,,,
102260,50.0,34.0,51.0,4.0,0.74,16.0,0,0
102261,,,,,,,,
102262,9.0,11.0,9.0,4.0,0.7,11.0,0,0
102263,21.0,17.0,28.0,3.3,1.15,17.0,0,0
102264,14.0,20.0,7.0,4.3,0.67,12.0,0,0
102265,13.0,15.0,15.0,4.6,0.7,13.0,0,0
102266,13.0,22.0,18.0,4.6,0.71,10.0,0,0
102267,20.0,19.0,32.0,4.1,1.68,37.0,0,0
102269,12.0,12.0,22.0,4.2,0.76,9.0,0,0
102270,29.0,29.0,15.0,4.2,0.81,10.0,0,0
102271,20.0,19.0,17.0,4.4,0.95,16.0,0,0
102272,19.0,20.0,9.0,4.0,0.83,10.0,0,0
102274,17.0,17.0,14.0,4.2,0.75,11.0,0,0
102275,,,,,,,,
102276,7.0,12.0,8.0,3.7,0.8,8.0,0,0
102278,,,,,,,,
102279,40.0,26.0,28.0,4.4,1.39,15.0,0,0
102281,85.0,83.0,61.0,4.1,0.66,14.0,0,0
102283,13.0,14.0,15.0,4.0,0.75,9.0,0,0
102284,14.0,16.0,15.0,4.6,1.0,14.0,0,0
102285,41.0,31.0,48.0,5.0,1.33,10.0,0,0
102287,19.0,18.0,27.0,4.0,0.93,11.0,0,0
102288,23.0,21.0,20.0,4.1,0.94,14.0,0,0
102289,13.0,14.0,21.0,3.5,0.8,20.0,0,0
102294,11.0,22.0,9.0,4.2,0.87,14.0,0,0
102296,15.0,15.0,26.0,4.5,1.06,15.0,0,0
102297,14.0,22.0,10.0,4.3,0.59,14.0,0,0
102298,11.0,16.0,16.0,4.2,0.72,10.0,0,0
102299,11.0,16.0,20.0,3.8,0.7,13.0,0,0
102300,16.0,25.0,13.0,4.3,0.93,20.0,0,0
102301,21.0,16.0,25.0,3.8,1.44,34.0,0,0
102302,11.0,16.0,11.0,3.7,0.66,8.0,0,0
102305,11.0,18.0,10.0,4.0,0.71,16.0,0,0
102306,23.0,24.0,23.0,3.5,1.29,9.0,0,0
102307,15.0,20.0,12.0,3.9,0.83,27.0,0,0
102309,14.0,15.0,23.0,3.7,0.72,14.0,0,0
102311,27.0,29.0,28.0,4.4,1.15,17.0,0,0
102312,4.0,13.0,8.0,4.7,0.68,15.0,0,0
102313,12.0,19.0,27.0,3.6,1.49,17.0,0,0
102314,8.0,17.0,10.0,4.2,0.52,8.0,0,0
102315,14.0,15.0,13.0,3.9,0.72,17.0,0,0
102316,22.0,24.0,17.0,4.3,0.84,11.0,0,0
102317,19.0,15.0,24.0,3.7,0.89,18.0,0,0
102320,13.0,14.0,23.0,3.9,0.7,7.0,0,0
102321,,,,,,,,
102322,12.0,20.0,26.0,3.9,0.92,8.0,0,0
102323,4.0,14.0,12.0,4.1,0.66,13.0,0,0
102324,12.0,15.0,18.0,4.3,0.81,12.0,0,0
102326,25.0,31.0,16.0,4.3,0.96,13.0,0,0
102327,32.0,27.0,25.0,4.1,0.59,17.0,0,0
102328,17.0,27.0,13.0,4.0,0.89,12.0,0,0
102329,22.0,18.0,31.0,4.1,0.87,24.0,0,0
102330,27.0,51.0,10.0,4.3,1.07,15.0,0,0
102331,14.0,14.0,13.0,4.4,1.23,19.0,0,0
102333,,,,,,,,
102334,14.0,17.0,11.0,4.3,1.04,16.0,0,0
102335,11.0,13.0,15.0,4.4,0.9,24.0,0,0
102336,48.0,30.0,18.0,4.5,0.78,11.0,0,0
102337,17.0,18.0,18.0,4.0,1.0,16.0,0,0
102338,21.0,18.0,39.0,3.9,1.05,15.0,0,0
102339,15.0,15.0,7.0,4.5,0.67,10.0,0,0
102340,14.0,23.0,14.0,4.7,0.85,14.0,0,0
102341,27.0,29.0,30.0,3.9,0.83,13.0,0,0
102342,14.0,12.0,21.0,4.1,0.88,16.0,0,0
102344,11.0,15.0,16.0,4.0,0.8,14.0,0,0
102345,14.0,15.0,16.0,3.5,0.97,13.0,0,0
102346,31.0,37.0,215.0,3.5,0.38,11.0,0,0
102348,30.0,20.0,21.0,4.0,0.53,12.0,0,0
102349,21.0,25.0,13.0,4.5,0.59,10.0,0,0
102350,20.0,17.0,57.0,4.2,0.79,14.0,0,0
102352,23.0,22.0,21.0,4.2,1.22,11.0,0,0
102353,25.0,26.0,44.0,4.6,1.33,20.0,0,0
102355,54.0,34.0,107.0,4.4,0.81,22.0,0,0
102356,49.0,34.0,171.0,4.2,0.91,14.0,0,0
102358,13.0,18.0,10.0,3.8,0.72,13.0,0,0
102359,17.0,21.0,14.0,4.3,0.6,7.0,0,0
102360,8.0,15.0,12.0,3.6,0.84,13.0,0,0
102361,17.0,21.0,10.0,4.4,1.07,13.0,0,0
102362,14.0,19.0,22.0,3.4,1.01,17.0,0,0
102364,14.0,13.0,14.0,4.4,0.91,13.0,0,0
102365,21.0,22.0,20.0,4.5,0.93,18.0,0,0
102366,24.0,20.0,19.0,4.2,0.51,7.0,0,0
102367,27.0,32.0,47.0,3.8,1.37,24.0,0,0
102368,17.0,21.0,26.0,4.1,0.83,16.0,0,0
102369,28.0,23.0,26.0,4.5,0.51,13.0,0,0
102370,13.0,23.0,16.0,4.3,1.26,34.0,0,0
102371,25.0,20.0,18.0,3.8,1.56,25.0,0,0
102372,15.0,17.0,23.0,3.9,0.94,18.0,0,0
102373,22.0,21.0,35.0,4.5,0.81,12.0,0,0
102377,15.0,16.0,17.0,4.0,0.57,13.0,0,0
102378,21.0,20.0,23.0,4.1,0.7,17.0,0,0
102379,12.0,15.0,22.0,3.8,0.77,12.0,0,0
102380,10.0,15.0,24.0,4.0,0.61,8.0,0,0
102381,56.0,39.0,29.0,4.3,1.15,16.0,0,0
102382,13.0,16.0,18.0,4.2,0.96,25.0,0,0
102383,11.0,18.0,5.0,3.5,0.62,14.0,0,0
102385,11.0,15.0,11.0,4.4,0.82,12.0,0,0
102386,14.0,15.0,10.0,4.2,0.64,11.0,0,0
102387,26.0,34.0,18.0,3.6,0.95,14.0,0,0
102389,8.0,26.0,37.0,4.1,1.14,18.0,0,0
102391,4.0,10.0,22.0,3.3,0.97,25.0,0,0
102392,23.0,24.0,22.0,3.8,0.73,19.0,0,0
102393,20.0,22.0,15.0,4.3,0.88,14.0,0,0
102394,16.0,24.0,24.0,3.5,0.7,9.0,0,0
102395,32.0,25.0,20.0,4.5,1.2,20.0,0,0
102396,40.0,26.0,47.0,3.9,1.14,5.0,0,0
102397,17.0,28.0,12.0,4.2,0.93,16.0,0,0
102399,29.0,30.0,44.0,4.1,0.94,18.0,0,0
102400,12.0,17.0,9.0,4.0,1.14,17.0,0,0
102401,10.0,22.0,9.0,3.7,0.25,9.0,0,0
102404,14.0,13.0,10.0,4.8,0.95,14.0,0,0
102405,51.0,32.0,50.0,4.0,0.86,14.0,0,0
102407,43.0,32.0,20.0,4.0,0.57,14.0,0,0
102410,22.0,23.0,42.0,4.0,0.9,22.0,0,0
102411,10.0,17.0,16.0,4.2,1.29,30.0,0,0
102414,,,,,,,,
102415,41.0,39.0,170.0,3.4,0.48,14.0,0,0
102416,15.0,17.0,12.0,4.1,0.66,9.0,0,0
102418,14.0,18.0,14.0,4.1,1.33,21.0,0,0
102419,25.0,28.0,19.0,4.5,1.07,14.0,0,0
102420,13.0,22.0,13.0,4.0,0.86,18.0,0,0
102421,20.0,21.0,68.0,4.2,0.57,14.0,0,0
102423,29.0,19.0,25.0,4.0,0.71,13.0,0,0
102424,26.0,19.0,16.0,4.3,0.85,18.0,0,0
102425,39.0,26.0,42.0,4.6,0.96,12.0,0,0
102427,14.0,15.0,18.0,4.7,1.03,18.0,0,0
102428,21.0,14.0,32.0,3.8,0.85,19.0,0,0
102429,131.0,108.0,143.0,3.9,0.47,8.0,0,0
102431,33.0,118.0,15.0,4.5,0.98,14.0,0,0
102432,30.0,24.0,25.0,4.4,0.89,16.0,0,0
102433,11.0,39.0,14.0,4.4,0.91,20.0,0,0
102434,15.0,23.0,10.0,3.5,0.95,6.0,0,0
102436,10.0,14.0,26.0,4.0,0.69,19.0,0,0
102440,18.0,26.0,14.0,4.6,0.61,9.0,0,0
102441,15.0,18.0,10.0,4.4,0.31,18.0,0,0
102442,14.0,18.0,12.0,4.1,0.82,20.0,0,0
102443,39.0,31.0,54.0,3.9,0.63,11.0,0,0
102444,14.0,21.0,109.0,3.2,1.05,5.0,0,0
102445,22.0,30.0,11.0,4.9,1.13,27.0,0,0
102447,14.0,32.0,20.0,3.5,1.17,21.0,0,0
102450,34.0,29.0,42.0,3.8,0.85,8.0,0,0
102452,22.0,15.0,84.0,4.1,0.72,13.0,0,0
102453,12.0,22.0,17.0,4.7,0.5,14.0,0,0
102454,26.0,24.0,33.0,4.0,0.62,12.0,0,0
102455,15.0,21.0,14.0,4.1,1.14,10.0,0,0
102456,23.0,21.0,22.0,3.4,0.68,7.0,0,0
102457,38.0,29.0,93.0,4.1,0.74,7.0,0,0
102458,13.0,14.0,13.0,4.0,1.1,12.0,0,0
102460,23.0,23.0,13.0,3.9,0.97,17.0,0,0
102461,12.0,19.0,14.0,4.1,0.7,13.0,0,0
102463,,,,,,,,
102464,30.0,18.0,22.0,4.5,1.19,13.0,0,0
102465,18.0,18.0,20.0,4.1,0.96,14.0,0,0
102466,20.0,23.0,13.0,4.6,0.85,13.0,0,0
102467,25.0,22.0,17.0,4.4,0.97,9.0,0,0
102468,,,,,,,,
102469,24.0,21.0,22.0,4.4,0.79,8.0,0,0
102471,10.0,12.0,20.0,4.0,0.58,13.0,0,0
102472,48.0,28.0,41.0,4.4,1.22,12.0,0,0
102473,14.0,17.0,8.0,4.3,0.63,14.0,0,0
102474,10.0,15.0,23.0,3.6,0.9,12.0,0,0
102475,25.0,21.0,20.0,4.3,0.65,15.0,0,0
102476,6.0,16.0,14.0,4.2,0.45,11.0,0,0
102478,28.0,29.0,56.0,3.6,0.99,19.0,0,0
102480,15.0,17.0,22.0,3.8,1.37,19.0,0,0
102482,22.0,23.0,22.0,4.3,1.3,14.0,0,0
102483,13.0,14.0,21.0,4.1,0.76,13.0,0,0
102486,52.0,38.0,33.0,4.1,0.82,8.0,0,0
102487,6.0,12.0,9.0,4.4,0.74,10.0,0,0
102488,22.0,17.0,25.0,4.5,0.76,17.0,0,0
102489,40.0,32.0,18.0,4.1,0.95,23.0,0,0
102490,16.0,22.0,14.0,4.0,0.77,15.0,0,0
102492,13.0,17.0,28.0,4.0,1.07,12.0,0,0
102493,28.0,22.0,11.0,3.8,1.06,18.0,0,0
102494,17.0,20.0,11.0,4.0,1.11,27.0,0,0
102495,20.0,16.0,28.0,3.9,0.92,12.0,0,0
102497,7.0,17.0,14.0,4.5,1.21,24.0,0,0
102498,10.0,18.0,8.0,4.3,0.9,10.0,0,0
102500,54.0,41.0,21.0,4.7,0.62,11.0,0,0
102501,34.0,19.0,28.0,4.0,1.26,22.0,0,0
102504,8.0,18.0,9.0,3.6,0.87,28.0,0,0
102505,30.0,24.0,31.0,4.4,0.99,19.0,0,0
102506,19.0,16.0,20.0,3.9,0.56,13.0,0,0
102507,24.0,25.0,19.0,4.7,0.85,9.0,0,0
102508,9.0,16.0,18.0,3.7,0.76,8.0,0,0
102509,18.0,16.0,66.0,3.5,0.48,23.0,0,0
102512,16.0,18.0,15.0,4.1,0.93,13.0,0,0
102513,12.0,13.0,16.0,3.8,0.59,11.0,0,0
102514,47.0,25.0,30.0,4.6,0.91,14.0,0,0
102515,12.0,20.0,9.0,4.3,0.79,10.0,0,0
102516,22.0,21.0,46.0,4.2,1.06,16.0,0,0
102517,45.0,46.0,104.0,4.3,0.57,14.0,0,0
102518,16.0,15.0,19.0,3.5,0.78,12.0,0,0
102520,32.0,20.0,27.0,4.2,0.96,17.0,0,0
102522,12.0,12.0,11.0,3.8,0.89,13.0,0,0
102524,40.0,25.0,35.0,4.3,0.74,14.0,0,0
102526,12.0,17.0,15.0,4.3,1.05,11.0,0,0
102528,37.0,30.0,111.0,4.3,1.14,25.0,0,0
102529,10.0,12.0,19.0,3.7,1.72,17.0,0,0
102532,7.0,14.0,8.0,4.0,0.96,8.0,0,0
102533,66.0,59.0,37.0,4.0,0.67,16.0,0,0
102534,,,,,,,,
102538,,,,,,,,
102541,10.0,14.0,11.0,4.1,1.22,14.0,0,0
102542,,,,,,,,
102543,,,,,,,,
102544,14.0,22.0,18.0,3.7,1.25,27.0,0,0
102546,19.0,17.0,18.0,4.2,1.01,13.0,0,0
102548,10.0,11.0,13.0,4.2,0.61,11.0,0,0
102549,,,,,,,,
102551,12.0,12.0,28.0,3.7,0.87,16.0,0,0
102553,14.0,20.0,16.0,4.6,0.98,10.0,0,0
102554,,,,,,,,
102556,31.0,25.0,33.0,4.0,1.02,16.0,0,0
102559,27.0,20.0,33.0,4.5,0.7,15.0,0,0
102560,52.0,41.0,56.0,4.1,1.1,14.0,0,0
102562,13.0,14.0,17.0,3.9,0.57,11.0,0,0
102566,11.0,18.0,16.0,4.0,0.51,8.0,0,0
102568,15.0,14.0,22.0,4.7,0.88,14.0,0,0
102570,8.0,17.0,21.0,4.5,0.77,11.0,0,0
102573,21.0,17.0,22.0,3.9,1.14,18.0,0,0
102574,19.0,17.0,14.0,3.8,0.69,15.0,0,0
102575,15.0,25.0,14.0,4.5,0.42,12.0,0,0
102576,11.0,14.0,18.0,3.9,1.12,21.0,0,0
102577,37.0,33.0,40.0,4.2,0.84,10.0,0,0
102578,,,,,,,,
102579,29.0,21.0,25.0,3.9,0.61,13.0,0,0
102580,13.0,13.0,14.0,4.4,0.75,15.0,0,0
102581,10.0,10.0,18.0,4.1,0.86,8.0,0,0
102582,23.0,19.0,12.0,4.0,0.56,10.0,0,0
102585,23.0,19.0,32.0,4.0,0.81,22.0,0,0
102586,28.0,25.0,23.0,4.1,0.99,14.0,0,0
102588,40.0,34.0,283.0,4.7,0.65,12.0,0,0
102589,9.0,16.0,14.0,3.7,0.62,10.0,0,0
102590,14.0,14.0,14.0,4.0,1.0,17.0,0,0
102591,43.0,27.0,154.0,4.3,0.69,17.0,0,0
102592,23.0,32.0,16.0,4.0,1.05,21.0,0,0
102593,34.0,25.0,70.0,4.3,0.86,14.0,0,0
102595,,,,,,,,
102597,21.0,25.0,21.0,3.8,0.9,13.0,0,0
102598,16.0,24.0,13.0,3.9,0.82,14.0,0,0
102599,8.0,15.0,8.0,4.1,0.53,7.0,0,0
102600,14.0,21.0,16.0,4.4,1.0,15.0,0,0
102604,10.0,15.0,9.0,4.4,0.5,6.0,0,0
102605,11.0,15.0,45.0,4.0,0.66,8.0,0,0
102606,11.0,17.0,12.0,3.8,0.94,14.0,0,0
102607,16.0,16.0,19.0,4.3,0.65,12.0,0,0
102609,12.0,20.0,13.0,4.1,1.25,23.0,0,0
102611,15.0,13.0,20.0,3.2,1.59,25.0,0,0
102612,32.0,23.0,44.0,4.1,1.11,13.0,0,0
102613,,,,,,,,
102615,10.0,14.0,15.0,3.6,0.77,17.0,0,0
102616,16.0,18.0,14.0,4.0,0.66,12.0,0,0
102617,24.0,18.0,29.0,4.3,0.97,18.0,0,0
102618,22.0,22.0,13.0,3.9,0.7,11.0,0,0
102619,16.0,15.0,16.0,3.9,0.88,18.0,0,0
102620,24.0,21.0,17.0,4.0,1.1,11.0,0,0
102621,25.0,41.0,9.0,3.8,0.95,7.0,0,0
102622,27.0,16.0,29.0,3.9,1.05,13.0,0,0
102623,16.0,16.0,24.0,4.0,0.99,12.0,0,0
102624,,,,,,,,
102625,28.0,19.0,58.0,4.5,1.08,18.0,0,0
102626,20.0,20.0,23.0,4.1,1.01,20.0,0,0
102628,25.0,20.0,28.0,3.8,0.95,19.0,0,0
102629,13.0,19.0,12.0,4.5,0.82,19.0,0,0
102631,21.0,22.0,31.0,4.1,0.93,12.0,0,0
102632,19.0,23.0,24.0,4.1,1.04,10.0,0,0
102633,19.0,16.0,35.0,3.9,0.91,12.0,0,0
102634,16.0,20.0,28.0,4.2,1.33,24.0,0,0
102635,17.0,22.0,17.0,3.8,0.71,20.0,0,0
102636,13.0,18.0,17.0,4.6,0.85,19.0,0,0
102637,17.0,21.0,12.0,3.4,1.71,34.0,0,0
102638,25.0,23.0,18.0,4.3,0.76,15.0,0,0
102641,26.0,19.0,83.0,4.3,1.11,14.0,0,0
102642,22.0,18.0,22.0,3.7,0.56,11.0,0,0
102644,17.0,17.0,19.0,3.8,0.77,12.0,0,0
102645,12.0,18.0,8.0,4.3,0.63,9.0,0,0
102648,14.0,20.0,15.0,4.1,1.33,15.0,0,0
102649,18.0,25.0,97.0,4.0,1.3,20.0,0,0
102650,10.0,13.0,27.0,3.8,0.72,14.0,0,0
102651,30.0,28.0,30.0,4.0,0.73,16.0,0,0
102652,13.0,13.0,27.0,4.2,0.79,13.0,0,0
102653,10.0,14.0,8.0,4.3,0.65,11.0,0,0
102655,13.0,20.0,12.0,4.7,1.04,15.0,0,0
102656,,,,,,,,
102657,14.0,17.0,12.0,4.3,0.93,15.0,0,0
102659,14.0,29.0,25.0,4.0,0.66,15.0,0,0
102660,11.0,15.0,8.0,4.1,0.63,9.0,0,0
102661,24.0,16.0,21.0,4.1,0.98,19.0,0,0
102662,13.0,16.0,5.0,3.7,0.71,8.0,0,0
102664,51.0,70.0,23.0,4.0,1.07,17.0,0,0
102665,10.0,13.0,24.0,4.3,0.89,20.0,0,0
102666,25.0,37.0,26.0,4.4,0.78,16.0,0,0
102667,27.0,22.0,100.0,4.4,0.75,17.0,0,0
102668,10.0,17.0,9.0,4.2,0.59,9.0,0,0
102669,16.0,14.0,11.0,4.2,0.97,10.0,0,0
102671,8.0,11.0,10.0,3.9,1.17,30.0,0,0
102672,11.0,17.0,23.0,4.5,0.78,15.0,0,0
102673,14.0,18.0,9.0,4.2,0.61,15.0,0,0
102674,28.0,23.0,18.0,4.2,0.93,15.0,0,0
102675,52.0,34.0,127.0,4.5,0.89,17.0,0,0
102676,118.0,64.0,33.0,4.0,1.01,8.0,0,0
102677,10.0,13.0,23.0,3.9,0.75,9.0,0,0
102679,24.0,29.0,22.0,4.0,1.61,20.0,0,0
102680,10.0,20.0,12.0,3.9,1.04,15.0,0,0
102682,10.0,13.0,4.0,2.8,0.55,9.0,0,0
102683,34.0,35.0,32.0,4.0,1.36,30.0,0,0
102684,31.0,21.0,38.0,4.1,0.92,12.0,0,0
102685,29.0,22.0,29.0,4.0,1.0,15.0,0,0
102686,14.0,16.0,14.0,3.8,0.72,17.0,0,0
102687,14.0,18.0,22.0,4.2,0.7,12.0,0,0
102688,19.0,16.0,14.0,3.7,0.67,18.0,0,0
102689,20.0,23.0,18.0,4.5,0.85,12.0,0,0
102692,35.0,31.0,21.0,4.2,0.47,12.0,0,0
102694,14.0,16.0,11.0,4.1,0.79,11.0,0,0
102695,36.0,28.0,17.0,4.1,0.56,8.0,0,0
102696,17.0,15.0,28.0,4.0,1.1,15.0,0,0
102697,13.0,24.0,11.0,3.9,1.32,25.0,0,0
102698,152.0,86.0,48.0,4.2,0.44,12.0,0,0
102699,12.0,22.0,10.0,4.3,0.57,17.0,0,0
102701,21.0,21.0,14.0,4.3,0.92,16.0,0,0
102702,16.0,21.0,8.0,4.3,1.18,23.0,0,0
102703,11.0,20.0,11.0,4.3,0.46,7.0,0,0
102704,19.0,19.0,31.0,3.9,0.48,13.0,0,0
102705,9.0,15.0,13.0,4.4,0.67,13.0,0,0
102706,56.0,34.0,43.0,4.3,0.89,16.0,0,0
102707,,,,,,,,
102708,12.0,11.0,18.0,4.1,1.12,19.0,0,0
102709,13.0,18.0,12.0,4.5,0.97,19.0,0,0
102710,13.0,20.0,18.0,4.2,1.12,24.0,0,0
102713,8.0,13.0,27.0,4.3,0.75,6.0,0,0
102714,14.0,14.0,19.0,3.7,0.59,19.0,0,0
102716,8.0,19.0,15.0,4.6,0.63,19.0,0,0
102718,47.0,33.0,28.0,4.6,0.7,11.0,0,0
102720,63.0,46.0,279.0,4.1,0.73,16.0,0,0
102721,22.0,23.0,11.0,3.7,0.53,22.0,0,0
102722,17.0,15.0,18.0,4.4,0.56,10.0,0,0
102723,37.0,30.0,506.0,4.3,0.48,15.0,0,0
102724,35.0,20.0,48.0,4.1,0.81,13.0,0,0
102725,9.0,15.0,10.0,4.4,0.62,9.0,0,0
102726,25.0,24.0,77.0,4.4,0.94,10.0,0,0
102728,16.0,18.0,15.0,4.6,0.86,16.0,0,0
102729,19.0,19.0,50.0,4.0,0.67,15.0,0,0
102730,20.0,16.0,31.0,4.0,0.52,13.0,0,0
102731,,,,,,,,
102732,27.0,32.0,24.0,4.2,1.62,17.0,0,0
102733,19.0,14.0,36.0,3.9,0.93,14.0,0,0
102734,9.0,19.0,11.0,4.5,0.37,14.0,0,0
102735,19.0,13.0,30.0,3.8,0.71,6.0,0,0
102737,,,,,,,,
102741,29.0,28.0,16.0,4.0,0.6,11.0,0,0
102743,19.0,13.0,19.0,3.9,0.61,14.0,0,0
102746,10.0,16.0,11.0,3.8,0.92,12.0,0,0
102747,11.0,20.0,5.0,4.3,0.62,11.0,0,0
102750,58.0,38.0,146.0,4.1,0.8,24.0,0,0
102753,46.0,44.0,21.0,4.1,1.07,16.0,0,0
102754,40.0,23.0,27.0,3.6,1.08,16.0,0,0
102755,58.0,59.0,22.0,4.0,0.53,11.0,0,0
102756,14.0,16.0,18.0,4.1,1.87,21.0,0,0
102758,,,,,,,,
102759,24.0,24.0,42.0,3.5,0.79,10.0,0,0
102761,14.0,18.0,21.0,4.2,1.46,16.0,0,0
102762,23.0,27.0,18.0,3.9,0.83,9.0,0,0
102763,11.0,15.0,14.0,4.0,0.92,20.0,0,0
102766,20.0,19.0,51.0,3.8,0.58,11.0,0,0
102768,19.0,15.0,26.0,4.5,0.85,16.0,0,0
102769,,,,,,,,
102770,14.0,16.0,12.0,4.1,0.42,11.0,0,0
102771,37.0,28.0,14.0,4.2,0.67,15.0,0,0
102772,26.0,25.0,116.0,3.8,1.05,26.0,0,0
102773,17.0,19.0,8.0,4.0,0.62,19.0,0,0
102775,60.0,41.0,44.0,4.0,1.2,21.0,0,0
102776,21.0,23.0,77.0,4.4,0.88,13.0,0,0
102777,18.0,13.0,37.0,3.9,0.55,18.0,0,0
102778,19.0,26.0,155.0,3.6,1.24,29.0,0,0
102779,16.0,17.0,13.0,3.9,1.52,16.0,0,0
102781,46.0,36.0,13.0,4.5,0.92,16.0,0,0
102783,,,,,,,,
102785,17.0,22.0,7.0,4.3,0.81,13.0,0,0
102786,16.0,16.0,29.0,4.1,0.6,10.0,0,0
102788,17.0,17.0,23.0,4.0,0.79,12.0,0,0
102789,34.0,23.0,55.0,4.0,0.82,15.0,0,0
102790,19.0,18.0,23.0,4.2,0.99,16.0,0,0
102791,17.0,14.0,30.0,4.5,0.69,11.0,0,0
102792,32.0,25.0,51.0,4.1,1.02,14.0,0,0
102793,31.0,19.0,24.0,4.2,0.67,14.0,0,0
102794,,,,,,,,
102797,,,,,,,,
102798,29.0,18.0,29.0,4.0,0.98,12.0,0,0
102799,,,,,,,,
102800,50.0,50.0,47.0,4.1,0.9,18.0,0,0
102801,16.0,18.0,23.0,4.4,0.68,10.0,0,0
102802,14.0,14.0,17.0,4.6,0.82,17.0,0,0
102805,14.0,19.0,18.0,4.3,1.09,11.0,0,0
102807,14.0,15.0,65.0,3.9,1.45,24.0,0,0
102808,18.0,21.0,18.0,4.2,1.22,12.0,0,0
102809,49.0,27.0,33.0,4.1,0.75,10.0,0,0
102810,19.0,18.0,23.0,4.6,0.79,10.0,0,0
102811,11.0,19.0,9.0,4.1,0.64,11.0,0,0
102815,8.0,21.0,16.0,4.1,1.21,27.0,0,0
102816,24.0,26.0,27.0,4.1,0.55,11.0,0,0
102819,10.0,14.0,9.0,4.1,0.57,9.0,0,0
102820,21.0,22.0,21.0,3.9,0.66,17.0,0,0
102821,9.0,13.0,21.0,3.9,0.88,12.0,0,0
102822,10.0,14.0,11.0,4.7,0.6,8.0,0,0
102823,24.0,20.0,22.0,4.0,0.63,10.0,0,0
102826,15.0,18.0,17.0,4.0,0.59,13.0,0,0
102827,14.0,18.0,11.0,4.1,0.99,18.0,0,0
102828,12.0,14.0,9.0,3.5,1.19,14.0,0,0
102831,15.0,16.0,14.0,4.2,0.59,11.0,0,0
102832,22.0,22.0,28.0,4.6,0.85,13.0,0,0
102833,44.0,45.0,30.0,4.3,0.95,16.0,0,0
102834,25.0,15.0,23.0,3.8,0.96,13.0,0,0
102835,14.0,22.0,32.0,4.3,1.28,30.0,0,0
102836,67.0,36.0,25.0,3.8,0.56,12.0,0,0
102837,,,,,,,,
102838,23.0,21.0,63.0,4.2,0.99,15.0,0,0
102841,17.0,16.0,26.0,4.1,1.06,26.0,0,0
102845,24.0,21.0,186.0,3.7,1.81,16.0,0,0
102846,12.0,17.0,16.0,4.2,0.68,22.0,0,0
102847,16.0,16.0,6.0,4.4,0.69,8.0,0,0
102849,12.0,20.0,16.0,4.7,0.93,14.0,0,0
102850,13.0,16.0,20.0,3.6,1.04,19.0,0,0
102851,16.0,15.0,15.0,4.3,1.1,15.0,0,0
102853,,,,,,,,
102854,37.0,26.0,29.0,4.3,0.99,10.0,0,0
102855,38.0,26.0,30.0,4.3,0.79,19.0,0,0
102856,14.0,21.0,13.0,3.7,0.89,19.0,0,0
102857,15.0,21.0,10.0,4.0,0.54,12.0,0,0
102858,58.0,29.0,69.0,3.7,0.74,11.0,0,0
102860,13.0,20.0,47.0,4.3,0.9,15.0,0,0
102861,10.0,12.0,13.0,3.2,0.89,10.0,0,0
102863,13.0,12.0,17.0,3.6,0.5,10.0,0,0
102865,35.0,29.0,26.0,3.6,0.75,15.0,0,0
102866,14.0,13.0,35.0,4.3,1.35,33.0,0,0
102867,41.0,32.0,15.0,4.5,0.63,13.0,0,0
102868,24.0,28.0,18.0,3.9,0.7,15.0,0,0
102869,40.0,36.0,130.0,3.6,1.19,14.0,0,0
102870,18.0,18.0,13.0,4.1,0.56,11.0,0,0
102871,15.0,18.0,7.0,3.8,0.65,11.0,0,0
102872,,,,,,,,
102873,14.0,18.0,22.0,3.9,1.5,24.0,0,0
102875,56.0,38.0,169.0,4.6,0.85,14.0,0,0
102876,27.0,22.0,21.0,4.3,0.8,15.0,0,0
102877,15.0,14.0,21.0,4.8,0.69,12.0,0,0
102878,15.0,12.0,19.0,4.0,1.01,20.0,0,0
102879,29.0,16.0,20.0,3.9,1.66,19.0,0,0
102880,17.0,22.0,13.0,3.9,0.53,11.0,0,0
102883,10.0,23.0,22.0,3.7,1.07,26.0,0,0
102884,30.0,22.0,82.0,4.3,0.73,16.0,0,0
102885,16.0,17.0,68.0,4.3,0.88,10.0,0,0
102886,20.0,17.0,24.0,4.4,0.6,18.0,0,0
102887,17.0,18.0,19.0,3.8,0.8,12.0,0,0
102889,22.0,24.0,17.0,4.0,1.03,19.0,0,0
102890,21.0,24.0,9.0,4.0,1.21,8.0,0,0
102892,39.0,37.0,137.0,3.6,0.58,14.0,0,0
102893,9.0,11.0,10.0,4.1,0.6,19.0,0,0
102894,15.0,15.0,11.0,4.2,0.93,11.0,0,0
102895,19.0,15.0,27.0,3.8,0.97,12.0,0,0
102899,13.0,16.0,10.0,4.1,0.78,10.0,0,0
102901,24.0,29.0,17.0,4.1,1.14,18.0,0,0
102903,,,,,,,,
102904,17.0,18.0,18.0,4.1,0.99,21.0,0,0
102905,,,,,,,,
102907,,,,,,,,
102908,15.0,13.0,65.0,3.8,0.57,9.0,0,0
102909,12.0,20.0,9.0,4.3,0.4,16.0,0,0
102910,7.0,14.0,17.0,3.5,1.92,36.0,0,0
102911,14.0,13.0,12.0,4.2,0.95,14.0,0,0
102913,48.0,36.0,43.0,3.8,0.54,13.0,0,0
102914,16.0,22.0,23.0,4.1,0.55,14.0,0,0
102915,9.0,17.0,14.0,4.2,0.59,8.0,0,0
102916,22.0,21.0,24.0,3.9,1.05,21.0,0,0
102917,15.0,20.0,28.0,4.4,1.15,17.0,0,0
102918,17.0,24.0,13.0,4.2,0.87,19.0,0,0
102920,97.0,75.0,79.0,3.7,0.46,11.0,0,0
102921,41.0,57.0,54.0,3.3,0.84,15.0,0,0
102922,,,,,,,,
102923,13.0,18.0,44.0,3.8,0.81,11.0,0,0
102924,16.0,22.0,23.0,4.3,0.57,14.0,0,0
102926,,,,,,,,
102929,17.0,26.0,34.0,4.0,0.79,14.0,0,0
102933,10.0,14.0,13.0,4.2,0.75,8.0,0,0
102934,12.0,16.0,28.0,3.8,1.3,14.0,0,0
102935,,,,,,,,
102941,11.0,15.0,12.0,4.1,0.57,10.0,0,0
102943,31.0,30.0,26.0,3.9,0.65,16.0,0,0
102944,39.0,31.0,49.0,4.1,0.83,14.0,0,0
102945,12.0,21.0,13.0,4.6,0.74,14.0,0,0
102946,16.0,17.0,15.0,3.7,1.27,17.0,0,0
102947,22.0,26.0,26.0,4.5,1.81,25.0,0,0
102948,11.0,14.0,8.0,4.2,0.94,18.0,0,0
102949,26.0,29.0,14.0,4.5,1.05,20.0,0,0
102952,22.0,27.0,18.0,4.8,0.7,13.0,0,0
102953,40.0,29.0,28.0,4.0,0.92,17.0,0,0
102954,6.0,15.0,8.0,3.9,0.69,8.0,0,0
102955,11.0,16.0,16.0,4.1,0.85,11.0,0,0
102956,47.0,27.0,72.0,4.3,0.82,12.0,0,0
