SEQN,RIDAGEYR,RIAGENDR,WTMEC2YR,SDMVSTRA,SDMVPSU
93703,2,2,8539.7313482887,145,2
93704,2,1,42566.61474982092,143,1
93705,66,2,8338.419786183256,145,2
93706,18,1,8723.439813888777,134,2
93707,13,1,7064.609729997335,138,1
93708,66,2,14372.488764622429,138,2
93709,75,2,12277.55666175854,136,1
93710,0,2,16848.020116860785,134,1
93711,56,1,12390.919724445339,134,2
93712,18,1,30336.65432467291,147,2
93713,67,1,166841.66068113202,140,1
93714,54,2,15479.581198025919,147,1
93715,71,1,9250.904672245675,139,2
93716,61,1,11581.233540009765,143,1
93717,22,1,60117.93606927737,145,1
93718,45,1,19647.25054249482,144,1
93719,13,2,69916.12600327109,134,1
93720,1,2,9983.09634049173,136,1
93721,60,2,8589.051334950927,136,2
93722,60,2,126309.82327561924,139,1
93723,64,1,229129.236930365,140,1
93724,5,2,12195.682662142188,144,2
93725,9,2,139773.97538824228,139,1
93726,67,2,5435.070517630158,148,2
93727,70,1,22181.212857530514,138,2
93728,53,1,31532.90450868017,148,1
93729,42,1,12103.883353651736,137,1
93730,57,1,28532.938080278447,138,1
93731,20,1,28081.133872204224,141,2
93732,72,1,12439.30105377186,141,2
93733,11,2,19070.072243171224,142,2
93734,13,1,0.0,142,1
93735,52,1,10706.381559611453,148,1
93736,11,1,19236.078492545166,135,1
93737,8,1,15418.48746254894,144,2
93738,26,1,59094.099399497674,134,1
93739,5,2,28437.991601421018,136,2
93740,72,1,7721.816727164309,144,2
93741,9,2,10425.896028530822,138,2
93742,72,1,14084.026311368785,146,2
93743,61,1,110345.67814209893,141,2
93744,10,2,35375.37446183066,141,2
93745,5,1,9784.573587333076,138,1
93746,25,2,28801.635899811212,144,1
93747,13,2,39261.723815802936,134,1
93748,0,1,12859.361459423508,142,2
93749,1,2,14360.429921863824,141,2
93750,52,2,0.0,134,2
93751,7,2,49657.57262337194,144,2
93752,73,2,54611.198635327826,147,1
93753,10,2,27796.74137415366,142,2
93754,72,1,36811.17653474189,138,2
93755,26,2,33269.927368906916,139,1
93756,64,2,6735.524014646291,148,2
93757,63,1,99269.95780053953,142,1
93758,55,2,23938.5088723769,139,2
93759,60,1,212848.25129073783,134,2
93760,54,2,23665.855430563726,147,2
93761,44,1,19910.093202470365,145,2
93762,74,2,26249.5863550351,137,1
93763,40,1,100887.85935104142,141,1
93764,1,2,12819.558622854967,142,1
93765,19,1,75727.27158985987,142,2
93766,36,2,18420.189905726824,142,2
93767,61,1,25687.533474461143,137,1
93768,80,1,20661.281949264157,139,2
93769,6,1,9479.409880052419,147,1
93770,55,1,16779.084072005575,138,1
93771,3,1,9784.573587333076,138,1
93772,55,2,20200.60932648113,141,1
93773,69,1,22749.071545318686,141,2
93774,41,2,230877.99548945326,136,1
93775,47,2,13332.11835409252,137,1
93776,32,2,21739.54543635427,144,1
93777,72,2,13874.872260507538,144,1
93778,19,2,22288.198135527804,141,1
93779,10,2,5958.516219289044,144,1
93780,46,2,43102.56240770637,141,1
93781,32,1,28591.32996641948,141,2
93782,25,2,36032.552468097325,143,1
93783,21,2,59166.3008903357,141,2
93784,2,2,17308.44485891644,145,2
93785,80,2,55860.33703054365,135,2
93786,0,1,0.0,147,1
93787,13,2,12763.441562991073,145,1
93788,66,2,149491.3775883858,140,1
93789,34,2,269609.43379549,145,2
93790,5,2,9091.396647417705,148,2
93791,20,1,23976.310876639396,137,1
93792,31,2,34146.69449427869,137,1
93793,12,1,18248.67867096549,136,2
93794,62,2,13092.270804527063,148,2
93795,64,1,4579.581001766944,147,1
93796,71,1,17184.24513861364,146,1
93797,52,2,122796.67510682909,142,1
93798,61,2,26414.918121659925,145,1
93799,41,1,46502.33454381539,143,1
93800,80,2,30055.19866166218,134,1
93801,59,1,41266.91877164101,134,1
93802,2,2,12178.580691712215,142,1
93803,12,1,19062.160096978485,136,1
93804,1,1,18682.844996976084,134,2
93805,64,2,47363.432538843816,145,1
93806,44,1,13210.561280767768,143,1
93807,13,2,20841.878269400742,144,2
93808,14,1,42963.93160276908,146,1
93809,1,1,13733.642122585989,141,1
93810,13,1,20206.9911986719,144,2
93811,24,1,24977.787807565906,136,1
93812,67,1,276495.95535397617,147,2
93813,42,2,23420.867711321574,136,2
93814,41,2,27756.33097152111,134,2
93815,32,2,10948.205344066033,145,2
93816,80,2,15983.149491272174,134,1
93817,55,1,12353.303243292441,137,1
93818,14,1,23556.905958994328,136,2
93819,63,2,21208.65336876004,141,1
93820,11,2,19157.061088224636,144,2
93821,16,2,20517.181803035153,137,1
93822,6,2,23873.266107935415,144,1
93823,58,2,20436.01784534262,140,1
93824,52,2,44809.69613850223,146,2
93825,74,1,7992.562065739216,139,2
93826,74,2,0.0,147,2
93827,68,2,15873.316395764889,148,1
93828,2,2,15420.920764222445,140,1
93829,38,2,52561.2638436962,142,2
93830,67,1,5139.678133868443,147,1
93831,61,1,10839.564505780398,138,2
93832,63,1,11321.423799668553,135,2
93833,6,1,27645.21712421431,134,1
93834,48,2,24586.088995994236,145,1
93835,27,1,0.0,134,1
93836,13,2,35664.4779907467,135,1
93837,35,2,37121.36641048605,145,1
93838,5,1,29406.15951777623,141,2
93839,50,2,190727.34226767844,146,1
93840,47,1,13482.692358708946,137,1
93841,48,2,137651.3269181443,139,2
93842,2,1,5731.502769366726,147,1
93843,42,2,72835.93956573354,134,1
93844,6,1,27109.54486421467,142,2
93845,28,2,137884.50947412258,142,2
93846,29,2,22754.130489590603,137,2
93847,43,2,25280.006987988916,148,1
93848,62,1,12359.194999499068,139,1
93849,40,2,253429.47157504904,134,2
93850,74,2,23543.448223647516,134,1
93851,74,2,95014.14106211285,135,1
93852,45,2,15767.031055261103,144,1
93853,50,1,24293.02107548219,137,2
93854,0,1,15152.010072444265,143,1
93855,71,1,34530.36549760157,139,2
93856,66,1,19643.96429462344,145,2
93857,3,2,34615.50653057167,142,2
93858,19,2,9789.309547830353,144,2
93859,73,1,9692.695100940218,134,2
93860,39,2,0.0,147,2
93861,76,1,61180.74078171323,143,2
93862,2,1,14020.333364587908,148,1
93863,50,1,19227.684468796484,138,1
93864,12,2,29477.239786776423,138,2
93865,0,1,7515.403282279113,135,1
93866,26,1,125047.3918396982,137,2
93867,2,2,16878.49809297944,135,2
93868,68,1,11104.764437259157,136,1
93869,80,1,20486.528768083484,134,1
93870,20,2,70964.05968618375,138,1
93871,55,2,14304.85577554037,142,2
93872,1,1,0.0,137,2
93873,16,2,25365.383870728754,137,2
93874,8,2,25055.592249303118,138,1
93875,37,1,22498.805660112997,135,2
93876,10,1,15097.965116864645,135,2
93877,64,1,35944.55957298816,135,1
93878,59,2,10142.933813631189,145,2
93879,7,2,29102.852802747602,139,1
93880,5,2,25588.251019666728,146,2
93881,8,2,35200.191417648384,137,1
93882,26,1,0.0,141,1
93883,30,2,22161.144053418448,142,2
93884,19,1,65404.68369673622,141,1
93885,8,1,13429.789131499505,142,2
93886,78,1,0.0,139,2
93887,63,1,17784.046658190433,146,2
93888,37,2,11574.409053691768,140,2
93889,8,2,0.0,139,1
93890,27,1,14834.210836116961,135,2
93891,56,2,29846.70736555324,136,2
93892,80,2,36342.57429502136,143,2
93893,55,1,9117.478052037515,147,1
93894,66,2,23658.07893243066,144,2
93895,40,1,124293.63305411083,144,1
93896,10,1,15672.567817293848,142,1
93897,10,2,20593.458680732492,139,2
93898,5,1,11207.73448591715,146,2
93899,67,1,26353.923954343012,141,2
93900,48,1,57805.8975526477,144,2
93901,12,2,13314.025491366328,141,2
93902,24,2,27768.677268200743,136,2
93903,62,1,29226.86889940363,136,2
93904,10,1,24214.834968327796,134,2
93905,15,1,5400.227224520672,148,1
93906,39,1,38126.03337497553,136,2
93907,41,2,50307.151539356615,139,1
93908,20,2,34390.09910155198,136,1
93909,41,1,13051.8885076089,138,2
93910,80,1,0.0,143,2
93911,6,1,53789.40482304174,142,2
93912,25,2,43609.573685168965,144,2
93913,40,2,16056.019876456574,148,2
93914,41,1,17311.74767058627,138,1
93915,34,1,77545.67699575984,139,2
93916,28,1,15955.887156702443,139,1
93917,14,1,27834.109033822642,143,2
93918,36,1,38143.24437383844,142,1
93919,8,2,35033.493111159056,137,2
93920,61,2,12572.643265318242,148,1
93921,7,2,20692.00368212634,139,2
93922,11,1,14603.222522717679,147,1
93923,52,1,155035.5824522106,146,2
93924,70,2,29350.969108149337,139,1
93925,13,2,13324.48777773531,141,1
93926,31,1,125800.8880136289,145,1
93927,54,2,29781.403720736875,139,2
93928,11,1,49694.21592114049,138,2
93929,35,2,124429.45537541833,140,2
93930,80,1,13745.249277484274,141,2
93931,24,1,24815.112238724374,137,1
93932,54,2,14389.583122953729,137,1
93933,1,2,0.0,147,1
93934,0,2,15390.068043667361,145,2
93935,39,1,38849.71483085136,144,2
93936,0,1,10691.182894762613,145,1
93937,30,1,65454.83195110323,145,1
93938,18,2,97243.9771004468,137,2
93939,40,2,14689.14255381783,144,2
93940,50,1,248583.35827546456,138,1
93941,42,1,11409.428894486287,140,2
93942,52,2,259474.75559005165,134,2
93943,80,1,0.0,137,2
93944,2,2,16763.485661612587,135,1
93945,66,1,8024.126843565168,146,2
93946,22,1,42210.23605757011,141,2
93947,53,2,26195.870816128547,138,1
93948,13,1,18583.265430649084,142,2
93949,49,2,6925.6720425384465,147,1
93950,30,1,64177.63866662837,148,2
93951,0,2,7098.862128440166,144,1
93952,34,2,73404.08388199791,142,1
93953,26,1,14156.877532617043,140,2
93954,24,1,258942.63091277436,141,1
93955,66,2,13884.289171384642,136,2
93956,8,1,0.0,138,1
93957,41,2,35987.69596624479,139,2
93958,2,2,7241.461834520231,144,1
93959,61,2,17949.596361280837,139,1
93960,60,1,8607.920303756411,145,2
93961,54,2,0.0,145,2
93962,0,1,17064.697637281875,145,1
93963,80,1,8485.36911871169,139,2
93964,52,1,12746.197434562873,138,2
93965,30,2,66978.91404893594,148,2
93966,0,1,9703.79571823268,142,1
93967,1,1,32106.407187103534,139,1
93968,57,1,14397.502834523224,145,1
93969,33,2,62292.55770136157,141,2
93970,33,1,14962.076271593547,148,1
93971,40,1,25729.266257348623,143,1
93972,35,1,154316.65472809435,143,1
93973,14,2,29793.260750581667,134,2
93974,59,1,63655.33828908138,148,1
93975,54,2,77479.09474630903,148,2
93976,0,2,7077.456685561108,140,2
93977,66,2,18813.1243970424,134,2
93978,57,1,16370.018782483316,148,2
93979,16,1,42487.172453505256,142,1
93980,29,2,159563.70433897868,139,1
93981,52,2,14853.580208838364,141,1
93982,57,2,95031.56174419704,136,2
93983,75,2,19678.449087988753,136,1
93984,32,2,39999.59674404214,135,2
93985,61,2,9578.694600122413,135,1
93986,7,2,11511.05307979563,144,1
93987,35,1,22831.78569786757,141,2
93988,32,2,104437.39760931925,135,2
93989,39,2,19629.854558584502,145,2
93990,64,2,123408.3085386087,142,1
93991,12,1,33500.31678292919,134,2
93992,12,2,12197.973623271677,138,1
93993,2,2,16427.557091046467,141,2
93994,0,2,9613.345905858858,142,2
93995,12,2,70646.00943766309,138,2
93996,3,1,25080.752140476332,134,2
93997,11,2,21201.108511486414,142,1
93998,24,2,88807.91786533735,142,1
93999,23,2,34528.91843933032,144,2
94000,60,1,0.0,147,2
94001,18,2,28239.302104428505,144,2
94002,27,2,25742.43167852552,144,2
94003,75,2,17609.222086193073,136,1
94004,25,2,33140.03385962184,137,1
94005,7,1,18205.14015388631,136,2
94006,13,1,46625.53919434711,137,1
94007,79,1,11904.866227818577,134,1
94008,46,2,13626.209945852348,136,2
94009,11,2,11897.1476853212,141,2
94010,71,1,62831.094853959214,138,2
94011,7,2,12161.215189320448,134,2
94012,25,2,125331.60362396877,135,1
94013,56,1,32116.926123173194,140,2
94014,6,2,13612.598988684495,136,1
94015,30,2,51552.707848337406,135,1
94016,70,1,11882.035401982788,140,1
94017,54,1,133063.97831612657,148,2
94018,4,2,0.0,137,1
94019,64,2,36240.17520057706,144,2
94020,3,1,41365.567430162475,142,1
94021,38,2,38278.90807697879,147,2
94022,1,2,13866.07441177383,144,1
94023,4,1,0.0,147,1
94024,10,1,17388.915051362463,139,1
94025,5,2,9284.381400041528,148,1
94026,80,2,66432.1829552821,137,2
94027,20,1,40566.78449088237,147,2
94028,39,2,55761.57728124232,136,2
94029,46,2,84105.09587142657,147,1
94030,45,1,122602.43067307273,136,2
94031,67,1,9989.999067925197,145,2
94032,10,1,39802.12661232005,142,2
94033,55,2,95567.15987427448,139,1
94034,54,2,20485.924453331663,141,2
94035,12,2,17957.665745380695,146,2
94036,12,2,15349.273626110931,141,2
94037,59,1,9807.453006389398,141,1
94038,59,2,47926.352356157404,140,2
94039,60,1,12271.359639861503,138,1
94040,28,1,12260.438650272035,147,2
94041,60,2,25217.42334109203,134,2
94042,26,1,81986.06857925707,144,2
94043,64,1,10837.036147850413,138,2
94044,34,2,49610.520610933425,134,1
94045,62,1,10327.615087886838,148,1
94046,46,1,27451.50854710718,136,2
94047,45,2,39119.09736561773,138,2
94048,80,1,19219.7971621062,139,2
94049,66,2,9984.41213147759,139,1
94050,55,2,86525.95021538611,146,2
94051,80,2,45657.67421882169,142,1
94052,4,1,7727.849998694145,141,1
94053,62,2,15591.139776376987,143,1
94054,50,1,45961.95094088312,137,2
94055,80,1,9325.146658471362,135,2
94056,8,1,8781.250761796548,139,1
94057,62,2,35077.37231340944,135,1
94058,61,2,80632.74306650227,140,1
94059,54,2,8754.640414573358,135,2
94060,59,1,27901.400193027945,140,1
94061,36,2,30310.960581591673,144,1
94062,5,1,29825.165546174787,140,1
94063,2,1,16946.39445671115,146,1
94064,17,1,29761.562012428418,137,2
94065,69,2,14084.812146170301,139,1
94066,1,2,15939.994814665832,137,2
94067,44,1,20480.46630748794,140,2
94068,69,1,159061.4890637449,143,1
94069,61,1,217036.35478767156,147,2
94070,8,2,13472.630513942335,148,1
94071,33,1,22740.018470369247,141,1
94072,0,1,9277.256674857079,141,2
94073,69,1,7488.16689312654,145,1
94074,29,1,169951.02174059837,142,2
94075,9,1,13996.657284827908,140,2
94076,2,1,22221.08663502057,137,1
94077,79,2,0.0,144,1
94078,19,2,68094.33081449968,146,1
94079,0,2,10473.177476413943,144,2
94080,79,2,88459.79671816471,142,1
94081,80,1,13779.958483361215,148,1
94082,69,2,195848.96009473526,148,1
94083,7,1,16783.272944529024,142,1
94084,61,2,20397.574524097523,141,1
94085,80,2,0.0,141,1
94086,80,2,35415.21282305925,139,2
94087,19,1,61809.69660187882,146,1
94088,1,2,21839.010871011276,146,1
94089,12,2,14033.796466937094,147,2
94090,16,2,42002.58716073986,143,2
94091,11,1,30406.183633030105,141,1
94092,52,1,28682.529798506974,136,2
94093,36,1,167220.69884342013,140,2
94094,15,2,11468.048145173729,145,2
94095,78,2,14322.900524700643,147,2
94096,80,1,53456.32413718052,144,2
94097,62,2,45319.56318296897,135,1
94098,23,2,26241.837093658272,144,1
94099,20,2,15874.085896253644,135,2
94100,0,2,11086.392426863384,141,2
94101,64,2,23294.268895387326,138,2
94102,72,1,0.0,148,2
94103,7,1,29432.71420355383,140,1
94104,7,2,17737.04167020122,140,1
94105,46,2,27389.617342977126,141,2
94106,19,1,34546.965874096386,141,2
94107,11,2,80878.1399843083,145,1
94108,64,1,10327.615087886838,148,1
94109,13,2,23278.07429560256,145,1
94110,3,1,49126.31173266945,142,2
94111,2,2,16908.12081412841,135,1
94112,28,1,54130.73476740682,136,2
94113,60,2,72777.30499198157,141,1
94114,20,1,22836.775055869435,147,1
94115,1,1,19259.63706599945,145,1
94116,60,2,177352.78296625937,137,2
94117,57,2,26320.959445026365,135,1
94118,50,2,19878.633581759386,148,1
94119,57,1,16695.105564900885,144,1
94120,11,2,0.0,139,2
94121,12,2,68632.78826460295,142,2
94122,33,1,28142.540387319583,144,1
94123,50,2,0.0,143,1
94124,55,1,26719.36637154455,148,1
94125,13,1,5816.343216598384,145,2
94126,62,2,8264.971565020256,147,1
94127,34,2,38208.153975355664,138,1
94128,35,1,26210.78613257339,144,2
94129,7,1,15731.461920919706,145,2
94130,27,2,18933.52492764724,144,1
94131,39,2,50216.95449352429,146,1
94132,14,1,18256.305582368797,145,1
94133,28,1,25580.561615087125,148,1
94134,61,2,26019.640694680278,138,2
94135,37,2,38116.90464850013,140,2
94136,10,1,34466.98465563963,143,2
94137,49,2,46448.72896887225,134,1
94138,72,2,10839.071394855093,145,1
94139,49,2,20256.92206174911,138,2
94140,17,1,19536.314547637987,135,2
94141,71,1,18649.272201511398,141,1
94142,5,1,13949.869556440537,142,2
94143,3,1,8688.027436459472,148,2
94144,18,1,19752.30732391188,140,2
94145,15,2,18629.410727979903,141,2
94146,2,2,17629.394992725753,135,1
94147,80,1,0.0,136,2
94148,18,2,21341.32887205415,147,1
94149,14,1,24515.97853348413,147,1
94150,68,1,17154.297793627025,146,2
94151,23,1,98092.69832889165,139,1
94152,64,2,39623.45608461478,136,1
94153,10,1,16059.018382829941,140,2
94154,80,2,53868.285362999915,143,2
94155,56,1,7880.070963878521,148,1
94156,63,2,19867.28359111357,141,2
94157,60,2,15137.159036273146,140,2
94158,66,1,10007.623587450222,136,1
94159,13,2,20207.84829659515,144,1
94160,22,2,95674.89807631091,134,1
94161,53,1,6400.573833968003,137,1
94162,64,1,8447.180947181972,141,2
94163,35,1,21026.81373569372,139,2
94164,18,2,15950.129220564928,138,1
94165,9,2,13337.888433855098,136,1
94166,28,1,126438.51069201196,136,2
94167,17,1,160820.5488140099,143,1
94168,66,2,11360.184347758064,139,1
94169,26,1,30712.543120244856,148,1
94170,2,1,9933.685292857914,144,1
94171,8,1,18741.292261666742,139,1
94172,2,2,27394.471404694155,135,1
94173,68,2,12621.34812645429,145,1
94174,45,2,22151.152954968264,136,2
94175,77,1,9942.677907773827,139,2
94176,24,2,145674.53828034006,135,1
94177,59,2,22323.32879967749,140,2
94178,34,1,171391.1703980737,142,2
94179,72,1,9478.713540326507,139,2
94180,7,2,14292.581679684534,141,2
94181,36,2,38208.153975355664,138,1
94182,59,2,125655.74497039375,141,2
94183,49,1,113714.75220995197,142,1
94184,8,1,57123.72651256143,142,2
94185,3,1,21397.73309675157,136,2
94186,13,2,12553.272466870696,147,1
94187,54,2,26451.365294919287,138,2
94188,64,1,0.0,139,2
94189,21,2,47206.96498490212,136,2
94190,43,1,28042.84973471198,148,1
94191,2,2,24959.043003502095,143,2
94192,54,2,252445.41171123483,142,2
94193,58,2,26440.852630056965,137,2
94194,9,2,25610.908296978898,145,1
94195,16,2,49038.09319255912,139,2
94196,0,2,7287.82361315849,142,1
94197,8,2,14854.218587461868,144,1
94198,63,2,11353.069314453971,136,2
94199,69,1,25928.13724212708,134,2
94200,26,2,26817.68986627753,144,2
94201,77,1,29003.14014525986,148,1
94202,70,1,11111.121679951155,148,2
94203,2,1,20283.155391611188,134,1
94204,80,1,0.0,143,1
94205,73,2,135133.05493715417,143,2
94206,56,1,13539.706196665971,134,2
94207,62,1,14385.593794407248,137,2
94208,45,2,12386.156692358427,147,1
94209,0,2,8288.059656538624,148,1
94210,80,1,10298.487718187049,145,2
94211,23,2,104368.1218467227,137,2
94212,67,2,11393.962022189857,135,2
94213,3,2,0.0,139,1
94214,19,2,68386.90939347129,146,2
94215,0,1,29466.535776064644,145,2
94216,67,2,16603.0330808325,138,2
94217,18,1,19413.906377730975,141,1
94218,5,2,38170.32453217472,138,2
94219,23,2,53256.07515013636,137,2
94220,17,2,10784.388852307438,147,1
94221,27,2,21533.886803665628,138,1
94222,2,1,46327.82828867407,136,2
94223,43,2,22680.503814611602,139,2
94224,23,1,60437.14711312262,134,1
94225,12,1,12134.05023214767,137,2
94226,5,1,17844.509993338343,145,2
94227,80,1,35107.22232065054,142,2
94228,0,2,6188.059561249033,137,2
94229,69,2,16053.278533949682,139,1
94230,15,1,17265.97147696353,143,2
94231,59,1,0.0,141,1
94232,70,1,133053.32347906913,143,1
94233,62,1,10685.48018643668,148,1
94234,10,2,11293.570305996353,136,1
94235,18,2,49629.79636667722,146,1
94236,5,1,12561.49778144512,143,2
94237,63,1,276067.6585886459,145,2
94238,15,2,23088.16116369727,139,1
94239,76,2,0.0,134,2
94240,7,2,0.0,147,2
94241,30,2,30326.99714992055,136,1
94242,60,1,8010.824800908851,139,1
94243,80,1,14194.79060173702,135,1
94244,66,2,0.0,147,1
94245,31,2,50783.90006072839,136,2
94246,48,1,18386.371974694037,138,2
94247,27,1,60519.93534792554,143,2
94248,38,2,20839.821783490992,148,2
94249,66,2,14735.928684554072,136,1
94250,23,2,42533.003449827185,139,2
94251,22,2,86111.37980778937,145,1
94252,15,1,28177.264309900576,138,1
94253,70,2,15942.046320702897,148,2
94254,8,2,8560.191776166279,138,1
94255,43,1,65890.62186432772,136,2
94256,8,2,27048.15152479801,141,2
94257,11,1,11116.356462399266,141,1
94258,51,1,17075.401815230143,139,2
94259,50,2,22192.805843718772,138,1
94260,48,2,13364.742918862914,146,2
94261,63,2,19910.367954991292,136,1
94262,22,1,80781.56437394333,135,1
94263,17,1,46467.136412262545,146,1
94264,7,2,52706.10193477324,147,1
94265,75,1,14826.498261377408,146,2
94266,43,1,30934.57248709164,148,1
94267,80,2,13067.885206915476,136,2
94268,13,1,25480.08524556882,139,1
94269,10,2,20280.92383272833,135,2
94270,33,1,46352.65022464461,138,2
94271,18,1,20486.47703093832,145,1
94272,16,1,25952.127043844084,142,1
94273,63,1,7695.910646599714,136,2
94274,58,2,70663.79397776892,137,1
94275,54,1,19153.854240240013,140,2
94276,80,1,14120.032467807607,135,1
94277,41,2,9688.185081131092,148,2
94278,62,1,13989.135566754801,143,2
94279,39,1,19895.521177008373,138,2
94280,9,2,15535.837298442591,140,2
94281,31,2,34453.50771482928,146,2
94282,17,2,8359.082888373867,144,2
94283,60,2,23801.97352245687,143,1
94284,58,2,37875.207633508646,144,2
94285,43,1,48102.951851852915,143,2
94286,75,2,22635.88747412362,143,1
94287,20,1,231078.4288494223,142,2
94288,28,2,0.0,148,2
94289,17,2,0.0,142,1
94290,35,2,20399.71486636103,144,1
94291,27,2,43600.51084888297,135,1
94292,14,2,25752.93603770322,139,1
94293,64,1,147281.12369317314,135,2
94294,14,2,28798.17817589669,136,2
94295,48,2,23019.246785070063,137,1
94296,1,2,18347.888931721995,142,1
94297,2,1,0.0,137,2
94298,80,1,17832.28695262975,136,1
94299,12,2,34380.32624956548,135,1
94300,69,2,144636.784292643,142,2
94301,64,2,5573.205152032362,135,2
94302,24,2,49547.27917138624,138,1
94303,65,1,5666.772376106171,138,2
94304,40,1,11824.967075577153,141,1
94305,18,2,74591.86048703776,146,2
94306,22,2,118245.91165841748,145,2
94307,10,2,15490.183507822456,142,1
94308,11,2,10279.87070733092,140,2
94309,54,2,17156.51650667644,135,2
94310,2,1,10730.581142444476,148,2
94311,41,2,13608.081191337085,134,2
94312,15,2,17546.231459162806,142,1
94313,41,1,32009.87698122236,148,2
94314,48,1,27483.774804625045,137,1
94315,0,2,8689.344054370807,134,1
94316,0,1,0.0,139,1
94317,10,1,106072.12896198734,143,1
94318,3,2,25219.4769238607,145,2
94319,44,1,225034.52706025194,148,1
94320,33,1,31203.926229917706,146,2
94321,60,1,11928.799307951369,136,2
94322,20,1,19407.65306538428,144,1
94323,60,1,9850.780795236498,137,1
94324,50,2,124622.59493585475,141,1
94325,62,2,23407.11354091445,140,2
94326,55,1,213910.43371845502,140,1
94327,61,1,14179.486637670681,143,1
94328,29,2,22025.58996269033,148,2
94329,6,2,12992.264777680746,142,2
94330,57,2,337044.2469498807,147,2
94331,4,2,22724.067093253798,141,1
94332,41,2,0.0,146,2
94333,0,1,10221.675809083532,143,1
94334,65,2,0.0,144,2
94335,69,1,14737.606444482573,138,1
94336,74,1,21373.27816374807,138,2
94337,44,1,31603.60905468617,147,2
94338,4,2,23535.042575458676,142,2
94339,37,1,74861.29281533619,146,2
94340,25,1,147426.70600429937,141,2
94341,24,1,41674.3863529778,136,2
94342,57,2,29006.3760687888,135,2
94343,71,1,24720.77567003207,141,2
94344,8,2,17127.654498181902,137,2
94345,65,1,30636.433579302302,145,1
94346,0,1,9812.513107845247,140,1
94347,0,2,5389.899145115523,137,1
94348,80,1,43600.74470467868,137,1
94349,17,1,23521.098781610443,136,2
94350,54,1,29894.096350902095,136,1
94351,14,1,45797.71417880223,146,1
94352,70,2,29468.961172652784,138,2
94353,19,2,36954.494209586635,146,1
94354,10,2,26263.43286546395,136,2
94355,2,1,16109.260007472374,142,2
94356,58,1,18794.242986510835,144,1
94357,8,1,16059.018382829941,140,2
94358,0,1,14311.879966243292,143,2
94359,36,1,41777.73592046655,144,1
94360,44,1,109985.38579505285,143,2
94361,38,2,46743.09673821052,136,2
94362,79,1,28317.26324990008,141,1
94363,73,2,0.0,145,2
94364,19,2,29157.810663886856,143,2
94365,22,1,23489.464300353236,145,1
94366,25,1,19557.056260772006,138,2
94367,9,2,8071.261918249891,145,2
94368,33,2,249636.771221841,147,2
94369,2,1,4466.540238616726,144,1
94370,0,1,7999.484681247874,146,1
94371,10,2,20294.63674124847,141,2
94372,68,1,5168.129019122317,147,1
94373,80,2,24954.314506057373,142,1
94374,52,2,34763.90256842662,136,2
94375,30,2,23621.932414276154,137,1
94376,66,1,7003.434507764876,140,1
94377,33,1,38734.496005696805,138,1
94378,13,1,5843.437578821687,137,1
94379,24,2,11966.432857917105,139,2
94380,63,1,8615.303614948913,148,2
94381,80,2,21435.514119991167,148,2
94382,32,2,92610.22624338043,136,1
94383,4,2,38219.10276541834,142,2
94384,0,2,20008.745078732256,135,1
94385,48,2,15906.631610292165,148,1
94386,71,2,30665.651737994674,141,2
94387,39,2,39705.73003247534,145,2
94388,33,2,15974.637620859541,139,1
94389,4,1,33087.27882656182,142,2
94390,72,2,9055.290159520535,138,2
94391,1,1,21447.58357124691,137,2
94392,25,1,39919.895467754824,143,1
94393,36,1,61496.31782126533,146,2
94394,18,2,16105.354305639274,138,1
94395,19,1,31363.486604659323,140,1
94396,15,2,11719.205001460019,135,2
94397,0,1,6177.903499119986,134,2
94398,39,2,29472.800102010813,134,1
94399,62,2,16101.416696979562,136,1
94400,6,2,27048.15152479801,141,2
94401,57,1,237630.1395836143,145,1
94402,10,1,25727.854917532786,141,2
94403,7,2,26240.594871547295,139,2
94404,80,2,43280.63094565726,142,1
94405,39,2,54715.96480403169,146,2
94406,34,2,30697.826408030953,139,1
94407,76,2,146291.16321264257,146,2
94408,72,1,38126.21908239892,146,1
94409,23,1,18017.17511788184,139,1
94410,80,2,13735.40173111069,138,1
94411,13,1,23521.843865879662,146,1
94412,80,1,16330.127187971542,143,2
94413,16,1,6111.620286199261,136,2
94414,32,1,21115.138362597416,144,1
94415,37,1,55655.807071254516,139,1
94416,28,2,88807.91786533735,142,1
94417,3,2,35316.13998873493,146,2
94418,76,2,203108.1144237912,134,1
94419,10,2,15876.78976574513,142,2
94420,80,2,25457.67117506868,139,2
94421,75,2,13865.18801644222,140,2
94422,2,2,14095.621857000591,140,1
94423,18,1,10011.39661462862,135,2
94424,75,2,13916.742732076342,144,1
94425,75,2,72984.86077673147,134,1
94426,0,2,9008.141493140056,142,1
94427,49,2,16379.839442531453,134,2
94428,60,1,12551.818614437694,146,2
94429,61,1,18607.51323693704,141,1
94430,25,2,25892.354565957186,146,1
94431,47,1,13185.56463704523,135,2
94432,71,2,19083.872990110867,136,1
94433,46,1,37751.53514871866,139,1
94434,26,2,17837.89497919239,144,2
94435,1,1,9390.084647353326,145,2
94436,31,2,25807.40354946034,140,2
94437,1,1,12112.82034727773,144,1
94438,80,1,38606.007127046185,134,2
94439,7,2,3052.657625095452,139,2
94440,0,2,8273.831396300879,140,2
94441,12,1,22962.998489650898,142,2
94442,60,1,0.0,139,2
94443,32,1,46684.268032572916,141,2
94444,78,2,27701.064435585766,137,2
94445,53,1,15800.290640716205,142,1
94446,28,2,26412.251203359163,137,1
94447,15,1,21759.078624488746,140,2
94448,41,1,140448.62397849342,139,2
94449,1,1,15105.172684532034,141,2
94450,30,1,71155.45174563355,135,2
94451,4,2,26264.229261633925,141,2
94452,58,2,0.0,135,1
94453,20,2,76619.6945714018,141,2
94454,1,1,26592.797509036638,138,1
94455,10,2,40162.70538520828,144,2
94456,16,2,15360.554176350295,139,2
94457,46,2,306375.58107606374,136,2
94458,56,1,11218.068792109292,141,1
94459,52,2,32638.660812609658,145,2
94460,61,2,7350.023851784536,147,1
94461,19,2,48998.1648314626,145,2
94462,12,2,36714.32717753079,137,2
94463,26,2,41051.875682039754,146,2
94464,77,1,85415.04172775317,136,2
94465,31,1,26821.111573199592,146,1
94466,1,1,16172.589459108804,134,2
94467,18,2,14483.636734521959,137,1
94468,0,2,10383.746157469861,142,2
94469,37,2,73794.54171269099,134,2
94470,64,1,138200.69609643973,143,2
94471,42,2,47197.73167262185,144,2
94472,5,2,21121.084341019767,143,1
94473,73,2,132837.61888518292,143,2
94474,55,1,174829.54411919316,139,2
94475,26,2,47325.278180353016,136,2
94476,55,2,364958.37877025484,139,1
94477,58,2,27705.373595984758,141,1
94478,37,2,28634.198777705533,144,2
94479,64,2,31060.856876873833,146,1
94480,6,1,22524.275222652297,148,1
94481,31,2,24190.80295462165,142,1
94482,13,2,8970.2989931425,145,1
94483,74,2,20766.13711248341,148,1
94484,5,1,7951.2791650357785,140,1
94485,0,2,10228.99721718519,137,2
94486,44,2,30162.356493165826,146,2
94487,29,1,18146.876490736395,144,1
94488,38,2,50323.407227611504,144,2
94489,4,2,26825.380884516,135,2
94490,64,2,33260.22225157572,147,2
94491,19,2,16796.48672054356,140,2
94492,6,1,16002.63796742779,143,1
94493,63,1,8121.621077838749,140,2
94494,10,1,16486.974367819734,142,1
94495,4,2,14752.378850837777,140,2
94496,3,1,94587.37052265425,136,1
94497,45,1,30299.20395745343,139,2
94498,11,2,9053.509789928163,136,1
94499,62,1,14247.102428583037,138,1
94500,60,2,8377.400767637453,147,2
94501,41,2,32278.83157853139,138,2
94502,15,2,12048.488652398253,138,1
94503,52,2,52130.98491971875,139,1
94504,28,1,74893.19857219695,144,1
94505,7,1,16218.283347169434,141,2
94506,69,2,20432.32459419535,144,2
94507,34,1,23515.115085872392,148,2
94508,34,2,49290.786105694955,134,1
94509,53,2,15734.370394050527,145,2
94510,49,2,203543.19684614762,136,2
94511,7,1,9633.633971900337,135,2
94512,43,2,13073.889569119257,140,2
94513,2,1,24763.98588117048,140,1
94514,8,2,22249.34860042121,135,2
94515,58,2,10558.137997417714,141,2
94516,19,2,15090.265725756177,146,1
94517,19,1,12129.805286599274,148,2
94518,0,2,5119.218978827732,139,2
94519,59,1,379744.4476947296,136,1
94520,7,1,18545.054464575504,147,1
94521,0,1,9086.89364728818,136,2
94522,60,1,14073.419204964732,142,2
94523,65,2,22778.675505287043,144,1
94524,11,1,0.0,142,2
94525,66,2,36194.68824820603,139,2
94526,37,1,19525.131984900763,148,2
94527,36,1,27265.684860508103,135,1
94528,34,1,26323.963876379414,137,1
94529,58,1,22333.46129917954,148,2
94530,22,1,45088.085327991656,137,2
94531,34,2,41142.42607352024,144,1
94532,36,2,25523.866737776298,135,2
94533,17,2,0.0,139,2
94534,80,1,25571.019993805712,135,1
94535,80,1,0.0,141,1
94536,13,1,11728.404802727884,137,2
94537,11,1,34117.40716346043,134,1
94538,42,1,13762.672003486543,148,1
94539,55,2,157436.21830196437,136,1
94540,10,2,15399.236371572217,146,2
94541,79,2,18428.281896215893,139,2
94542,30,1,37261.11515748162,144,2
94543,12,2,14544.651334099313,138,1
94544,17,2,76936.10850354678,143,2
94545,18,1,12476.607881566344,138,2
94546,19,2,13993.367121311234,140,2
94547,67,2,18811.722154446696,137,2
94548,4,1,13180.593458469892,145,1
94549,80,1,11172.45408280139,136,1
94550,17,2,17851.481584390025,139,1
94551,2,1,14644.267029437631,148,2
94552,56,2,13544.572396237716,144,1
94553,72,2,55771.34818275676,145,1
94554,69,1,5298.306547842243,137,1
94555,19,1,17560.156508539825,147,1
94556,7,1,35741.73325348278,134,1
94557,35,2,15877.808534202626,145,1
94558,62,2,9216.920157170034,141,2
94559,41,1,65859.40107724674,144,2
94560,24,2,65182.08115966714,143,2
94561,5,2,25564.378147605184,143,2
94562,16,1,48976.99983923829,146,2
94563,8,1,58828.65413560016,135,2
94564,80,2,13588.431071623903,148,2
94565,45,2,52634.062441457805,145,2
94566,43,2,0.0,138,1
94567,16,1,18583.265430649084,142,2
94568,60,2,8372.367776050272,142,2
94569,27,2,63027.55105438827,142,1
94570,48,1,19229.686477372023,139,2
94571,80,2,27115.086359971683,141,2
94572,14,2,18854.986797879363,137,1
94573,62,2,9078.80902615503,148,2
94574,18,1,13250.132071034988,145,1
94575,80,2,37541.804109391065,142,1
94576,33,2,33257.79518250213,144,2
94577,30,2,112979.11357406822,138,1
94578,71,1,11716.842740383134,142,2
94579,52,1,29885.437941733984,139,1
94580,5,2,20155.638762189577,137,2
94581,80,1,0.0,140,2
94582,1,1,23009.305113254653,136,2
94583,80,1,15135.033418525212,145,1
94584,10,1,24568.627269522356,141,1
94585,8,1,61034.41689127583,146,1
94586,74,2,128916.29724974095,144,2
94587,19,2,37793.41297365377,146,1
94588,7,1,26954.25689093939,142,2
94589,33,1,94067.06012990419,135,1
94590,65,2,20280.08470409473,143,1
94591,42,1,27358.364055382226,140,1
94592,0,2,9853.09729583531,141,2
94593,0,2,9322.109215692166,143,1
94594,42,2,23306.77335906435,136,1
94595,28,1,15685.03762162133,138,2
94596,45,1,58858.01540905257,146,1
94597,5,2,21796.41428884425,135,1
94598,46,1,0.0,146,1
94599,4,2,76464.30740148712,135,2
94600,77,2,78281.8750170408,141,2
94601,15,2,28256.333897586283,148,2
94602,2,1,16009.263493195338,140,1
94603,5,2,22796.76214753984,139,1
94604,6,2,14408.277683570836,136,2
94605,42,1,24724.826431746922,146,1
94606,57,2,12720.943917442877,139,2
94607,38,1,95111.43105726373,141,2
94608,24,1,35642.01692062388,148,1
94609,70,2,14218.046980700507,134,2
94610,16,2,14264.187693089805,137,1
94611,11,2,22847.66586624211,138,2
94612,9,1,23449.721979144593,143,2
94613,13,2,41799.234963758965,146,1
94614,66,2,0.0,145,2
94615,47,2,52103.45605185761,136,1
94616,62,1,9199.676750054703,135,2
94617,4,1,18090.573199656956,139,2
94618,49,1,197704.92841778623,136,2
94619,61,1,6238.510987897685,144,1
94620,0,2,13045.5011958327,142,2
94621,9,1,16407.709502240257,141,1
94622,4,1,60793.525199992815,146,2
94623,48,2,180878.01805128658,145,2
94624,38,1,18559.12365455731,140,2
94625,22,1,32362.46579130165,146,1
94626,15,1,22188.46942523251,141,1
94627,59,1,51137.33798897342,134,2
94628,2,1,8900.291031686873,147,1
94629,2,2,21509.677426394977,134,1
94630,15,1,15501.729084130091,145,1
94631,21,2,66671.89869363021,142,2
94632,70,2,56442.25440337611,141,2
94633,68,2,100348.65382642974,140,2
94634,80,2,27437.332264615052,141,2
94635,3,1,14997.94539170955,137,2
94636,8,1,18864.897624803503,136,2
94637,5,2,32741.020915580968,138,2
94638,35,1,36387.463641275404,146,1
94639,4,2,38186.86426355201,146,2
94640,55,2,12571.055462938484,141,1
94641,70,1,27097.923925382853,143,1
94642,62,2,33804.84496001585,143,2
94643,4,2,7775.2523163441365,138,1
94644,24,1,57498.65618399874,140,1
94645,3,2,0.0,135,2
94646,3,1,10390.368434483262,147,1
94647,38,2,18357.907881786963,141,1
94648,45,2,26775.84523247507,135,2
94649,67,1,90351.31396361878,140,1
94650,65,2,14084.812146170301,139,1
94651,57,2,47931.74741415846,145,1
94652,74,2,63486.73681247059,138,2
94653,7,2,0.0,145,1
94654,61,2,181104.40858644477,143,1
94655,3,2,21831.695199257305,140,1
94656,7,2,47336.47403160173,142,1
94657,9,2,6460.040819556021,148,1
94658,8,2,11846.846540202181,144,1
94659,18,1,8723.439813888777,134,2
94660,40,2,29733.4460988385,144,2
94661,2,2,19616.123000092422,135,2
94662,0,1,9367.408084768413,142,2
94663,30,2,32913.68798391762,140,2
94664,41,1,9814.572175138013,148,1
94665,0,1,9163.197456522745,145,1
94666,38,2,17868.53548114413,145,1
94667,9,2,35200.191417648384,137,1
94668,7,1,18868.329535416815,139,2
94669,38,1,322377.07968472847,136,1
94670,60,1,7847.451396767999,145,1
94671,5,1,17692.814310025886,141,2
94672,29,2,144629.71393818563,139,1
94673,23,2,30837.768137405765,142,2
94674,17,1,113068.59818694653,142,2
94675,0,1,5984.65878866968,146,1
94676,67,1,5168.129019122317,147,1
94677,25,2,97289.06720707983,147,1
94678,58,2,227337.6812928,134,1
94679,63,1,16971.205332058995,136,1
94680,1,1,16450.794123145002,142,1
94681,60,1,42686.77980946129,145,1
94682,0,2,11185.596247984475,145,1
94683,0,2,7852.826410425925,147,1
94684,38,2,43703.17766005538,139,2
94685,47,2,15307.72808701908,146,2
94686,33,2,151447.5516961899,137,1
94687,35,2,20365.160538144224,138,2
94688,61,1,220143.51149914527,143,2
94689,22,1,25723.86438875693,139,1
94690,2,2,11646.247408831015,142,2
94691,68,1,0.0,139,2
94692,3,2,94514.48201021277,147,2
94693,59,1,24993.092898927884,143,2
94694,30,2,0.0,137,2
94695,56,2,213676.0416043046,142,2
94696,43,2,33201.976389499054,142,2
94697,23,2,104368.1218467227,137,2
94698,59,2,26663.39144010257,146,2
94699,10,1,23063.660173055112,138,2
94700,10,1,23742.199016080325,135,2
94701,16,1,19647.414516165547,136,1
94702,17,2,13553.655574645947,145,1
94703,10,2,11365.572200403627,135,2
94704,80,2,21226.987871902373,144,1
94705,62,2,23972.780745761105,141,1
94706,43,2,20413.50790756158,138,2
94707,80,1,20258.14725516324,145,1
94708,41,1,91845.59624997697,142,2
94709,6,1,18868.329535416815,139,2
94710,35,1,21008.130901723114,143,2
94711,64,2,34694.108236062384,142,1
94712,1,1,25189.91901226622,144,1
94713,56,2,19275.539326671515,145,1
94714,1,1,8617.522828062343,147,1
94715,4,2,13694.842941681549,145,2
94716,76,2,53591.5220911925,147,2
94717,6,2,22321.328498829167,136,2
94718,3,2,27998.128039714342,140,1
94719,56,2,18431.56321369246,141,2
94720,22,1,19024.25796500163,145,1
94721,30,1,69056.72523981654,148,2
94722,11,1,17499.71040987719,142,1
94723,18,2,30954.608455848567,146,1
94724,80,2,72154.65070712932,137,2
94725,56,1,339593.35132358084,140,2
94726,46,2,121762.76609411885,141,2
94727,17,2,11160.287814210187,147,1
94728,3,2,9603.408274405494,138,2
94729,37,1,22266.99421448657,145,2
94730,62,2,7723.434969669536,142,2
94731,44,2,24654.882561184582,141,1
94732,45,2,16582.44656803708,138,1
94733,10,2,18827.783665387367,145,1
94734,8,1,24757.784631657967,143,1
94735,45,2,52989.638101772114,143,2
94736,51,1,13595.943930200396,138,2
94737,32,1,0.0,145,2
94738,4,2,15583.867526724673,146,1
94739,57,1,30663.61874821586,140,1
94740,46,2,9216.900653609457,144,1
94741,3,2,8912.269708068588,144,1
94742,10,2,69038.46265896106,146,1
94743,13,2,21454.17460637588,142,1
94744,43,1,46536.400985290624,143,1
94745,19,1,39314.92097113175,139,1
94746,34,2,0.0,145,1
94747,59,2,134179.8962121209,140,1
94748,51,2,12829.505355157815,145,2
94749,13,2,29402.14419986629,143,2
94750,80,1,12238.205967231213,147,2
94751,9,1,13144.728309930446,143,1
94752,73,1,70988.50132075677,134,1
94753,74,2,11805.007161875028,148,1
94754,65,2,72178.64325701728,139,2
94755,74,2,14987.454782155079,145,1
94756,72,2,0.0,140,1
94757,19,1,22723.697986728348,146,1
94758,34,1,0.0,134,2
94759,6,1,17625.07329165376,140,2
94760,74,2,12914.220262542316,145,2
94761,24,1,12368.799829349216,135,2
94762,4,1,0.0,147,2
94763,43,1,53958.086136776816,136,1
94764,43,2,20744.367397026184,147,2
94765,55,1,37869.66567738116,135,1
94766,42,1,21248.5013246952,134,2
94767,69,1,8015.421646571205,138,1
94768,80,1,64933.15386849376,145,2
94769,8,2,0.0,140,1
94770,0,1,8366.000739629495,140,1
94771,42,2,45632.187946109625,140,1
94772,17,1,6592.554685286454,144,1
94773,32,1,90562.99782960028,147,1
94774,17,2,14282.942329194108,140,1
94775,26,2,32046.95781866735,136,1
94776,72,1,14536.25662616123,140,1
94777,80,2,23923.696288613228,144,1
94778,9,2,26296.108828832756,147,2
94779,80,1,22968.744834556226,145,2
94780,74,1,31849.733455753903,148,1
94781,9,2,11893.804243245906,138,2
94782,16,2,125928.86322725833,141,1
94783,28,2,14431.368191739275,138,1
94784,4,1,28822.203760815213,137,2
94785,55,1,9494.206985111368,141,1
94786,24,2,78004.62289737903,143,2
94787,19,1,15979.473175885307,135,2
94788,53,2,21032.52436435445,146,2
94789,8,2,8560.660602792032,145,2
94790,0,1,7117.2132091212425,145,1
94791,12,1,0.0,145,1
94792,66,1,17676.152256736663,141,1
94793,40,1,39271.712886605375,137,1
94794,0,2,9242.93442729151,135,2
94795,27,2,31550.706069675907,135,2
94796,0,1,10157.431263481696,135,1
94797,66,2,12306.957619842822,137,1
94798,80,2,0.0,145,2
94799,17,2,33638.06961827421,136,1
94800,6,1,63667.98648374326,138,2
94801,45,1,37570.08607231361,144,2
94802,22,1,37744.694180486,144,2
94803,31,2,0.0,137,2
94804,16,1,17003.947724498048,145,1
94805,62,1,27943.949144146718,143,2
94806,55,1,18499.76826945307,141,2
94807,12,1,22618.599150983526,135,1
94808,41,2,13367.899624084726,144,2
94809,79,2,14155.892919445065,141,2
94810,56,1,14152.017460318948,135,2
94811,68,1,9235.46671192966,138,1
94812,46,1,14949.226658310676,138,2
94813,62,2,8365.86816664375,140,2
94814,11,2,26357.864650570245,148,1
94815,1,1,7230.709272096795,144,1
94816,18,2,49629.79636667722,146,1
94817,1,2,0.0,136,2
94818,76,1,0.0,148,1
94819,32,2,15599.154804683252,148,1
94820,16,2,20577.29719495671,142,2
94821,15,1,19413.906377730975,141,1
94822,11,2,9947.880416147955,144,2
94823,1,2,9223.27203011972,145,2
94824,2,1,20774.54695222632,140,1
94825,6,2,10513.479802328364,144,1
94826,66,2,5564.549279698351,135,2
94827,9,2,13060.52888380114,147,2
94828,2,1,8165.109310422982,145,1
94829,80,2,59103.09430136407,136,2
94830,0,2,7724.570801212403,141,2
94831,64,2,28959.669084765148,145,1
94832,71,2,129915.41965759979,141,1
94833,15,2,15349.273626110931,141,2
94834,62,2,66507.84106756627,135,1
94835,59,2,75340.20662684646,135,2
94836,71,2,11417.316144112654,139,2
94837,33,2,31212.269525312502,136,2
94838,78,2,0.0,145,1
94839,4,2,20250.80866527984,141,1
94840,16,2,20020.314152024206,139,2
94841,14,2,29789.66167316747,134,1
94842,12,2,26468.226647716965,137,2
94843,3,2,37945.85062870341,141,2
94844,36,1,245217.7521757388,141,1
94845,0,1,9317.053917024616,147,2
94846,4,1,10798.829264989014,144,1
94847,80,2,16667.38853818682,148,2
94848,32,2,32320.73593403508,141,2
94849,0,2,4827.810901886243,135,2
94850,46,1,39772.13960065667,143,1
94851,8,2,5417.908835054704,147,1
94852,33,1,32631.116817989307,137,1
94853,2,1,33926.13491442183,138,1
94854,52,2,221581.40830849833,136,1
94855,54,1,17770.344640434778,147,1
94856,77,2,142038.87090281092,137,2
94857,35,2,38515.44042225811,135,2
94858,44,2,57107.213760739396,142,1
94859,14,2,15470.272420467083,139,2
94860,33,2,12668.92961850628,148,2
94861,56,2,18139.85402371957,140,2
94862,53,2,20614.630792830503,136,1
94863,51,1,23257.908125500577,138,1
94864,16,1,38472.23028364399,136,2
94865,11,2,15101.755083573564,138,1
94866,11,1,0.0,136,2
94867,55,1,144703.8256641279,147,1
94868,59,1,31862.13380162143,148,1
94869,2,1,27154.485266321804,146,1
94870,13,1,13250.132071034988,145,1
94871,69,1,0.0,134,1
94872,80,1,11959.152210541539,137,2
94873,21,1,38188.30702153896,146,2
94874,18,1,56018.081617705924,139,2
94875,16,1,42963.93160276908,146,1
94876,17,2,7223.373361838146,140,2
94877,71,1,15285.04776656646,135,2
94878,37,2,37300.04157519461,145,2
94879,48,2,8414.717475605308,148,2
94880,31,2,0.0,139,2
94881,14,1,7492.2603837380275,142,2
94882,55,2,22192.805843718772,138,1
94883,59,1,11076.824884900409,147,1
94884,7,2,30605.54882660654,136,2
94885,64,1,10498.76260136408,144,1
94886,19,1,28521.496928577235,137,2
94887,80,1,13637.546717683917,140,1
94888,12,1,12244.595608663623,145,2
94889,41,2,25124.33911416733,136,2
94890,57,1,242401.01781456848,141,1
94891,40,2,30352.061057342562,147,1
94892,61,1,44385.273749512024,142,1
94893,48,2,13847.706329169228,141,1
94894,50,1,268265.4505677305,134,2
94895,23,2,10748.613984425387,135,2
94896,50,2,34106.36719265908,144,2
94897,4,2,20679.46696847048,143,1
94898,74,2,57450.32300562594,142,1
94899,32,2,27145.192846449736,147,1
94900,12,1,41581.42643701421,135,2
94901,13,2,18762.705765574865,139,2
94902,67,2,11904.335465293681,137,2
94903,49,1,34671.18695479599,144,2
94904,6,1,62206.85295538862,143,2
94905,19,2,73904.8557994244,142,2
94906,46,1,33297.891412600206,140,1
94907,80,2,62568.65821442198,139,1
94908,56,2,15704.314338136008,145,1
94909,59,1,83451.2105173788,142,1
94910,18,1,41852.504284366456,139,2
94911,11,1,34459.34256885346,142,2
94912,10,1,50748.3303442636,142,2
94913,0,2,14754.725275768362,141,2
94914,17,2,7445.899025274268,135,2
94915,11,2,13164.867765221607,138,1
94916,26,2,29700.774660392515,145,1
94917,11,1,25671.96312652394,141,2
94918,71,1,27430.29816481121,139,1
94919,5,1,35565.4978569344,138,2
94920,58,2,32724.009070647513,136,1
94921,61,2,9746.420956373908,138,2
94922,66,1,10173.01350519615,139,1
94923,15,2,11468.048145173729,145,2
94924,29,2,99340.48348134573,146,2
94925,8,2,12258.649998898738,139,1
94926,37,1,90967.37962587041,142,2
94927,28,2,14165.974149756295,148,2
94928,9,1,24293.79495177284,147,1
94929,78,1,71292.71825665611,144,1
94930,50,2,15792.479433175973,143,2
94931,63,2,37316.62602409381,142,1
94932,50,1,0.0,139,2
94933,54,2,32580.512250886182,136,1
94934,12,2,6432.175508301419,139,2
94935,41,2,55436.04617135303,141,2
94936,25,2,19517.986980740057,144,1
94937,59,1,8899.930419412645,135,2
94938,61,1,12019.538225367256,142,1
94939,31,1,25849.133904984858,145,2
94940,80,2,27181.359102612,147,2
94941,28,1,17617.925622667728,144,1
94942,0,1,25805.84955536378,140,1
94943,5,2,6953.9335718919365,138,1
94944,17,2,18205.368962613094,135,1
94945,29,1,36195.72058056196,143,2
94946,23,1,58965.5377711878,141,2
94947,8,1,10626.964202965311,141,1
94948,0,1,5526.8165624656585,145,1
94949,0,1,12979.129360909325,140,2
94950,80,2,49199.080248961756,137,2
94951,9,2,6849.091547484973,140,2
94952,63,2,58343.68054669584,145,1
94953,59,2,26231.813129045375,139,2
94954,34,1,41566.85441828147,141,1
94955,80,1,0.0,145,2
94956,11,2,8065.09528765424,147,1
94957,43,1,198606.01049903754,146,2
94958,58,2,17117.282774410338,138,2
94959,48,1,38805.30170575049,139,1
94960,26,1,82650.29354015067,136,2
94961,14,1,10105.69501135331,138,2
94962,57,2,23774.77277664668,138,2
94963,72,1,0.0,144,2
94964,48,1,49541.43725412124,143,2
94965,14,2,80232.73387785559,142,2
94966,44,1,25975.562179479264,141,1
94967,40,2,22273.110669322716,134,2
94968,24,1,22836.775055869435,147,1
94969,80,1,10205.607217547973,142,1
94970,55,1,21315.300443017917,144,2
94971,10,2,12548.008649694288,141,2
94972,39,2,43991.217650535546,142,2
94973,16,1,0.0,138,1
94974,4,1,9743.216613905723,147,1
94975,56,1,25077.464689340348,141,1
94976,12,1,23215.620987229267,139,2
94977,75,2,43324.17069389078,146,2
94978,5,2,30932.13948786841,141,2
94979,66,1,8683.816645025221,145,2
94980,60,2,14574.939356546416,148,2
94981,0,1,11208.164558491218,139,2
94982,32,2,26004.164352312746,145,2
94983,18,2,20517.181803035153,137,1
94984,62,1,8410.377571605753,141,2
94985,7,2,0.0,138,2
94986,62,1,127771.01075197046,142,1
94987,63,2,42096.440811125714,134,2
94988,71,2,0.0,148,1
94989,35,1,29523.661720890006,146,2
94990,56,1,38279.77259108641,142,2
94991,26,1,40309.86350838506,146,2
94992,2,1,44617.6648650713,136,1
94993,80,2,24998.52304978566,145,1
94994,18,2,25381.112264168427,134,2
94995,58,1,14978.415257699231,136,2
94996,55,2,0.0,145,2
94997,44,2,24638.00740446675,140,2
94998,45,1,30137.291655497524,139,2
94999,2,2,8349.146919930918,141,2
95000,76,2,18049.463718108513,134,2
95001,80,2,23927.353306257082,141,2
95002,26,1,18291.266223085728,141,2
95003,10,2,0.0,147,2
95004,80,1,38528.019950182854,136,2
95005,46,1,18821.316516012528,143,2
95006,11,1,53076.82324705761,147,1
95007,79,1,15366.73930819021,143,2
95008,9,2,26418.91950015286,134,1
95009,13,1,25480.08524556882,139,1
95010,4,1,0.0,136,1
95011,65,2,19886.784565051552,146,2
95012,1,2,16843.17129050527,140,1
95013,56,1,146482.39689477024,142,1
95014,35,1,56941.48884821805,135,2
95015,7,2,29855.415844399344,142,1
95016,73,1,16879.447275361526,147,2
95017,5,1,29649.566928057662,136,1
95018,1,2,0.0,137,2
95019,40,1,25342.689979921277,139,2
95020,80,2,20973.07413637755,145,2
95021,5,2,37945.85062870341,141,2
95022,16,2,20950.161345067798,136,2
95023,13,1,39274.32172432372,137,1
95024,19,1,196926.55999536422,134,2
95025,57,1,227609.24286163365,142,2
95026,20,1,25940.84846708411,146,1
95027,76,2,11049.899910394995,134,1
95028,30,1,41053.96420277171,141,2
95029,43,2,18373.42864731554,140,2
95030,63,1,9488.778521060018,145,1
95031,54,2,104165.34070729451,142,1
95032,12,2,64683.58647579846,147,1
95033,49,2,8982.488660703706,147,1
95034,61,2,303381.14736537816,143,1
95035,42,1,22188.997515243784,143,2
95036,80,1,26752.204591624457,142,1
95037,20,2,62210.83453316743,141,2
95038,7,2,10797.434391553516,134,1
95039,23,2,94148.84895619247,137,2
95040,26,2,16801.717789771028,147,2
95041,60,2,7590.272297778684,135,2
95042,65,2,9382.880566233041,146,2
95043,64,1,6761.148811913362,136,2
95044,67,2,7390.2729862275,139,2
95045,69,2,120778.07377728679,145,1
95046,63,2,8062.108464813608,148,2
95047,74,1,6983.649044934972,139,2
95048,23,1,268835.6461828625,143,1
95049,3,1,22807.522605963022,144,1
95050,6,1,15907.789504181026,143,1
95051,52,1,19430.230283813773,143,2
95052,40,2,24855.46492859503,137,1
95053,50,1,30553.217744691345,146,2
95054,16,2,33786.57910449055,148,1
95055,40,1,48172.00760521521,135,2
95056,34,2,26788.20832184867,139,1
95057,71,1,54035.303667888744,139,2
95058,36,2,99961.08030909588,146,2
95059,53,1,25233.26108600871,146,2
95060,44,2,21633.3342589134,140,1
95061,45,1,52623.53892477433,141,2
95062,61,1,7147.76197074884,145,2
95063,46,2,40222.97537395921,145,1
95064,27,1,15372.122503710627,147,1
95065,20,2,0.0,140,1
95066,73,2,19249.13922031262,139,1
95067,55,2,22527.34273448437,144,1
95068,80,2,32650.30029101572,142,1
95069,26,1,124334.32274920758,142,1
95070,61,1,11649.518831189405,146,2
95071,38,2,48210.31432416,143,1
95072,16,2,27446.27679635928,141,1
95073,71,2,22191.412843483413,135,2
95074,37,2,37488.759483972106,144,1
95075,70,1,12262.173548827617,147,2
95076,39,2,0.0,138,2
95077,47,1,28042.84973471198,148,1
95078,0,2,5947.3125946154905,136,1
95079,4,1,61004.388557175575,145,1
95080,28,1,54330.801151062165,134,1
95081,9,1,21789.1166501165,144,1
95082,80,1,0.0,139,2
95083,37,1,80666.8649325279,145,1
95084,4,1,29435.69508393123,135,1
95085,0,2,11744.058000871626,141,2
95086,7,1,9475.885706416047,138,2
95087,8,2,8877.248907570705,137,1
95088,50,2,21002.990326377527,135,1
95089,31,2,33024.96855598543,146,2
95090,18,1,7242.61113534125,146,2
95091,62,1,12576.052198036361,146,1
95092,12,1,10514.846658999862,141,1
95093,51,2,14791.655684001798,148,2
95094,37,2,30420.029447597422,141,2
95095,80,2,34655.141129196956,139,2
95096,21,1,64142.86375571987,148,2
95097,66,2,272498.88866307226,147,2
95098,68,1,10067.387675604108,140,1
95099,70,2,23014.641684617527,148,1
95100,17,2,31606.457574397708,144,2
95101,80,2,17265.082932863417,139,2
95102,61,2,17354.471239967217,138,1
95103,39,1,91837.28681255238,137,2
95104,2,1,22323.968960600232,145,1
95105,67,1,84299.95492392457,139,2
95106,17,1,16759.458053077444,144,1
95107,6,2,33883.0098733236,142,1
95108,13,1,20756.846836567882,144,2
95109,3,2,18566.971556803954,135,2
95110,67,2,14819.666926824937,148,1
95111,15,1,49632.98175847943,142,2
95112,14,2,13480.9946103088,147,2
95113,20,2,74951.39885671798,135,1
95114,34,1,43145.5905135033,148,2
95115,33,2,26218.10193377446,144,1
95116,62,1,175736.55094650472,137,2
95117,9,2,13324.084517540727,147,1
95118,57,1,10809.396355114128,138,2
95119,20,1,0.0,141,1
95120,10,1,16263.120855307503,140,1
95121,66,2,9601.390872226239,142,2
95122,6,2,13120.237618545982,136,2
95123,50,2,29730.406761139508,143,1
95124,58,1,35594.15796462809,146,2
95125,5,1,20948.20442494441,139,2
95126,59,2,26352.203416465978,138,1
95127,16,1,62498.01687005272,142,1
95128,33,2,26004.164352312746,145,2
95129,60,1,6964.950346832928,137,2
95130,2,2,25555.21729430854,142,1
95131,60,1,26440.8522078181,139,2
95132,9,2,39719.6207231538,134,1
95133,7,1,16411.452682629904,142,2
95134,37,1,58268.56579748185,137,2
95135,78,1,8137.145905730223,137,2
95136,10,2,15248.40906884698,148,1
95137,53,2,114410.98965908763,139,2
95138,71,2,169435.34266015035,141,1
95139,29,2,0.0,142,2
95140,42,2,34102.39216497976,136,2
95141,7,2,0.0,142,2
95142,3,1,45357.71330417294,137,1
95143,51,2,31974.41524202826,142,2
95144,6,2,0.0,142,1
95145,5,2,30279.14324503916,142,1
95146,10,2,19764.55820593738,147,2
95147,2,2,22719.71191395381,134,1
95148,56,2,39035.52165060789,142,2
95149,48,2,221220.8279413378,146,1
95150,15,1,25431.907979849195,139,2
95151,80,2,24756.21442969308,140,1
95152,59,1,20336.37913355701,147,2
95153,23,2,76480.18264151609,139,2
95154,8,2,21385.026553752978,142,1
95155,62,1,12772.02371665756,140,2
95156,3,2,24283.183281901496,145,1
95157,54,1,31434.75587268281,143,1
95158,15,2,48745.92177223757,134,1
95159,12,2,67277.93248438799,146,2
95160,66,2,13653.641472495558,144,1
95161,16,2,29542.852458100664,141,2
95162,17,1,10043.43650435891,143,2
95163,68,1,21756.869760460853,138,1
95164,1,1,18449.21250039894,142,1
95165,39,2,43358.74578247661,144,2
95166,0,2,9374.951010900062,135,1
95167,13,2,15791.41478301824,135,1
95168,59,2,13694.806153344316,144,1
95169,61,2,7612.506267059802,136,2
95170,67,2,21447.12823769287,138,2
95171,41,2,41313.03301907458,141,2
95172,71,2,36636.67535737191,136,2
95173,80,1,9139.886578489686,142,2
95174,25,2,76619.6945714018,141,2
95175,0,1,5239.075538146238,147,2
95176,9,2,19869.338138041338,136,2
95177,57,2,7504.285015975035,140,2
95178,1,1,32172.51521499194,143,1
95179,31,2,47635.6532100871,138,1
95180,4,1,16339.568175638615,143,1
95181,39,1,25109.44466055254,145,2
95182,56,1,41396.89265774038,134,2
95183,14,2,12836.754514302536,137,1
95184,21,2,67035.08943007753,134,2
95185,17,1,15973.40543816483,145,1
95186,28,2,20179.897665401117,138,2
95187,10,1,8078.832856917132,144,1
95188,11,2,8544.931635250021,144,1
95189,66,1,6561.03057299,143,2
95190,28,2,46807.061564515956,144,1
95191,54,2,29349.132949251394,144,2
95192,15,1,22824.806502797135,140,1
95193,9,1,45449.642895226796,141,2
95194,19,1,31753.00529025595,144,2
95195,19,2,33638.06961827421,136,1
95196,1,2,4890.322422000758,148,2
95197,34,1,48681.175369432225,136,1
95198,19,2,15090.265725756177,146,1
95199,61,2,10996.145755127594,147,1
95200,23,2,24357.020496101704,147,1
95201,17,2,26767.211938303994,140,1
95202,23,2,78396.56015769759,135,1
95203,54,1,15166.597085332942,144,1
95204,18,2,10440.543514356974,138,2
95205,1,2,12701.02705722715,139,2
95206,47,1,21248.5013246952,134,2
95207,71,2,20021.09935573211,138,1
95208,78,1,20822.98732595015,140,2
95209,73,2,28930.575624715137,134,1
95210,44,2,113858.31303271321,135,1
95211,22,2,53810.533274723326,142,2
95212,3,1,12602.8533737141,146,1
95213,25,1,45185.57403097385,148,1
95214,70,1,8893.301593054883,143,1
95215,52,2,63253.289632633925,145,2
95216,50,1,20924.05365315533,134,2
95217,3,2,25334.920103780158,136,1
95218,16,2,41799.234963758965,146,1
95219,7,1,32177.120472514147,136,2
95220,61,2,8415.597701687035,142,2
95221,35,2,37536.914431376536,146,2
95222,72,2,54484.58893432138,145,2
95223,16,2,25616.084493860933,147,2
95224,73,1,14834.114345798767,136,2
95225,10,2,19924.403329267032,142,1
95226,8,1,16427.76949349247,144,2
95227,22,1,35816.92118668393,134,2
95228,46,1,250520.34289287488,146,2
95229,0,2,13110.595063808327,134,2
95230,0,1,6092.673691685815,135,2
95231,32,1,31589.30869484049,142,1
95232,23,2,23047.058254656986,144,1
95233,21,2,24515.76997096758,140,2
95234,7,1,0.0,138,2
95235,4,1,32660.133849936257,135,1
95236,76,2,19940.111047513506,148,1
95237,29,1,116873.9878932861,147,2
95238,78,1,10105.216455892938,134,1
95239,23,2,44042.215116210944,136,2
95240,1,2,13567.612768483961,137,1
95241,29,2,0.0,136,1
95242,58,2,60147.437060783115,136,1
95243,68,2,9097.832697076123,144,1
95244,48,2,10707.855852098555,146,2
95245,6,1,39998.58172369632,140,1
95246,0,2,8379.422837208987,135,1
95247,64,2,24007.34565337438,136,2
95248,0,2,18845.240435402506,142,1
95249,70,2,39350.67949937557,138,2
95250,44,1,18386.371974694037,138,2
95251,38,2,81601.14608957531,135,1
95252,70,1,19696.934175390426,143,1
95253,10,1,10626.964202965311,141,1
95254,3,2,31232.262108172403,135,1
95255,24,2,102200.27010956121,136,2
95256,66,2,30882.04281017148,139,2
95257,39,2,21482.091852977377,141,1
95258,62,1,9228.076311487906,140,1
95259,80,1,36792.17048544074,141,2
95260,26,1,145376.50064836614,144,1
95261,24,2,47110.467601359465,148,1
95262,24,2,46895.65465848457,137,1
95263,0,1,5477.346855553557,139,2
95264,18,2,19136.332816665126,135,2
95265,46,2,40358.857363023395,135,1
95266,58,2,142475.97004235472,139,2
95267,1,1,14211.42361183015,140,2
95268,70,1,47352.31282812457,138,2
95269,18,1,20206.9911986719,144,2
95270,5,1,10652.145854529663,148,2
95271,0,1,10555.790739370652,142,2
95272,80,2,24296.736205435413,139,2
95273,62,1,23568.294163249346,136,1
95274,48,2,189007.85930350987,142,2
95275,41,2,27772.219146152645,147,2
95276,33,1,217665.4682725732,147,2
95277,0,1,21013.19411699196,136,1
95278,43,2,19525.912178622573,146,2
95279,36,1,27649.193763474523,137,1
95280,42,2,74577.20697540173,146,2
95281,61,2,9717.62938395216,147,1
95282,6,1,13449.671085603008,148,2
95283,18,1,22723.697986728348,146,1
95284,41,2,7793.255840673924,144,2
95285,6,2,15906.510687681479,139,2
95286,17,2,77386.15035687717,134,1
95287,56,2,32044.146534291274,141,1
95288,34,1,69316.32719412161,140,2
95289,56,2,35094.21970856047,143,2
95290,8,2,7014.344661525662,148,2
95291,4,1,7611.878520462991,147,2
95292,8,1,20158.99696987837,142,1
95293,16,1,29953.155103661145,143,1
95294,1,2,16106.723852082996,136,2
95295,5,1,12242.227971691314,136,1
95296,40,1,23902.014116112627,136,1
95297,15,1,10514.846658999862,141,1
95298,60,1,8746.924103100386,145,1
95299,7,2,89763.53755877109,134,2
95300,11,1,0.0,140,1
95301,41,2,0.0,134,2
95302,45,2,16859.3225532476,136,2
95303,15,1,23123.290803609547,135,1
95304,2,1,7998.3692286691885,134,2
95305,17,2,44066.330440028454,148,1
95306,3,1,12792.103719232093,148,2
95307,19,1,22723.697986728348,146,1
95308,64,2,9430.03970862812,143,2
95309,5,2,13242.101857349704,139,2
95310,52,1,16187.12492287572,136,1
95311,10,2,10319.636708245342,141,2
95312,25,1,29149.023326021448,137,2
95313,54,2,300980.75719794474,134,1
95314,11,1,13193.501174829125,145,1
95315,63,2,60414.046815524904,142,2
95316,43,1,16182.254033331063,143,2
95317,5,2,13584.994123772858,139,2
95318,60,2,239893.12382842024,134,1
95319,55,2,12916.799727356522,136,2
95320,1,1,18363.308346087513,136,2
95321,65,1,9545.0964977354,143,2
95322,60,1,0.0,143,1
95323,21,1,36967.8108819838,137,1
95324,70,1,33763.301267344126,146,1
95325,68,1,12538.906376499233,134,1
95326,72,1,96526.61158103723,135,1
95327,58,2,0.0,137,1
95328,17,2,22189.832338145305,136,1
95329,47,1,12551.05975654854,134,2
95330,77,2,20781.46503844929,145,2
95331,8,2,14617.850528467045,144,2
95332,75,2,20984.181048410457,138,1
95333,39,1,40294.89107767913,134,2
95334,60,2,10338.607726007333,148,2
95335,68,1,0.0,143,2
95336,9,2,29855.415844399344,142,1
95337,13,2,48765.223224888694,142,2
95338,72,1,9181.346235892675,141,2
95339,71,2,0.0,141,2
95340,52,1,0.0,141,1
95341,0,2,11058.321915393304,146,1
95342,31,2,50783.90006072839,136,2
95343,61,2,0.0,148,1
95344,11,1,18413.99581670124,139,1
95345,17,2,11313.729757616333,145,1
95346,61,2,20467.400975893943,140,2
95347,9,1,0.0,145,1
95348,39,2,54064.360850796795,138,2
95349,14,1,22802.97970990685,136,1
95350,14,2,19534.42941407929,139,1
95351,25,2,22948.268319710893,140,2
95352,50,2,23938.5088723769,139,2
95353,39,2,28570.607461953736,137,2
95354,8,1,9808.667132567036,138,1
95355,14,1,22940.56696120407,135,1
95356,61,1,11260.357872375822,138,2
95357,56,2,41356.02727738206,146,2
95358,70,2,15017.153294908434,136,1
95359,2,1,7460.104558825544,144,1
95360,69,1,265875.4336674994,135,1
95361,72,1,90877.73058145057,137,1
95362,42,2,27806.42408809305,141,2
95363,2,1,11717.59782622076,145,2
95364,41,1,24425.163940039118,138,2
95365,0,2,19540.57228281677,142,2
95366,44,2,8715.790653814121,136,2
95367,55,2,42065.957072598474,135,1
95368,1,2,9005.13251344827,144,2
95369,15,2,28577.421240176704,138,1
95370,4,1,26137.78648350962,135,2
95371,7,1,53789.40482304174,142,2
95372,80,1,21646.96493939944,141,2
95373,13,1,76941.74159815254,142,2
95374,27,1,33867.63036212483,142,2
95375,56,1,19822.959867443435,144,2
95376,7,1,8810.454693455942,147,1
95377,63,1,36499.192737426645,141,2
95378,80,2,14028.430065417248,134,2
95379,59,1,26045.962542991267,138,2
95380,62,1,16970.815822591434,146,1
95381,17,2,23744.365474676182,136,1
95382,60,1,15334.667452372767,136,1
95383,5,2,23686.37909987447,136,2
95384,0,2,13751.569011831481,141,2
95385,28,2,33140.03385962184,137,1
95386,5,1,0.0,140,1
95387,15,1,22127.455521418917,139,1
95388,17,1,14133.353588232998,145,1
95389,20,1,51743.92472339771,142,1
95390,46,2,0.0,139,2
95391,44,2,13626.209945852348,136,2
95392,21,1,70245.50052937641,146,2
95393,28,2,25437.66362205054,134,2
95394,47,1,42100.742697942835,137,1
95395,13,2,25686.65054268114,139,2
95396,13,2,21829.096000460802,141,1
95397,68,1,27776.073994517283,146,1
95398,3,1,19124.139060543206,141,1
95399,13,2,27446.27679635928,141,1
95400,5,2,43070.23180716347,136,2
95401,80,2,25310.419638141568,140,1
95402,28,1,41520.10458620278,146,2
95403,49,2,33341.17642023432,136,2
95404,12,2,0.0,138,2
95405,53,1,14703.210725071844,145,2
95406,80,1,34730.59204275586,144,1
95407,1,2,15588.483662077368,137,2
95408,9,2,40821.37227298903,146,1
95409,6,2,63481.32966246152,142,2
95410,76,1,9841.094537490933,138,1
95411,71,1,11968.579672726464,138,2
95412,60,1,11548.258906951265,134,1
95413,51,2,30497.283077756514,139,2
95414,27,1,18318.616410487248,136,2
95415,36,2,271806.5667266507,137,2
95416,36,2,20562.141099343684,148,1
95417,63,1,14932.750754646995,135,2
95418,59,1,38960.83097757653,142,2
95419,68,1,11855.67286860757,138,1
95420,18,2,13314.025491366328,141,2
95421,78,1,14747.986843933286,134,1
95422,39,2,113649.28671129246,141,1
95423,33,2,11579.983425442815,137,1
95424,40,1,373049.1014399557,147,2
95425,22,1,15717.713418069727,144,1
95426,0,1,7343.483999578323,148,1
95427,62,1,8328.953949461555,145,2
95428,0,1,7107.205136614972,139,2
95429,60,2,9835.59186481074,143,2
95430,2,1,7819.425790497931,144,1
95431,66,2,32304.869767537133,143,2
95432,18,2,56219.71771066377,142,1
95433,11,2,12199.52262323141,144,2
95434,78,2,27937.17528014867,140,1
95435,15,2,9705.620926111933,142,2
95436,43,2,19837.27328917808,137,1
95437,23,1,17655.424447295794,135,2
95438,1,1,0.0,134,1
95439,3,1,0.0,136,2
95440,69,2,0.0,134,1
95441,0,1,9778.089313296436,140,1
95442,33,2,68219.20883088326,146,1
95443,0,2,9253.197679908462,135,1
95444,37,2,40615.686155185846,139,2
95445,24,2,31059.56251997747,143,2
95446,42,1,42497.49216488327,144,1
95447,70,2,14108.308115811124,142,2
95448,80,1,54197.2644935803,140,1
95449,55,1,33447.76811106086,136,1
95450,38,1,33006.733372200724,144,2
95451,3,2,25126.93368336764,141,2
95452,38,1,16474.493244853424,139,2
95453,39,1,11352.4567809409,136,2
95454,60,1,16434.459767432225,148,1
95455,47,1,27419.046709021593,141,2
95456,6,1,10809.629910251846,135,2
95457,16,2,20662.366922277342,136,1
95458,10,1,18712.099221411863,141,2
95459,63,1,13627.950222766642,140,2
95460,11,2,17969.362131721307,141,2
95461,8,2,11999.379757086044,147,1
95462,4,2,12339.983625625817,146,2
95463,19,1,20947.393643525284,141,2
95464,3,2,27954.487406062024,140,2
95465,56,2,21495.362862208,137,1
95466,52,1,38663.98536713161,139,2
95467,80,2,15043.683512114314,143,2
95468,63,1,76660.2102879816,142,1
95469,28,1,419762.836487576,147,2
95470,3,1,43913.58612576166,135,1
95471,80,1,96300.88509613687,136,1
95472,34,1,192201.58506658598,144,1
95473,36,1,121002.21868963106,141,2
95474,34,2,13334.36689511311,147,1
95475,8,2,8783.1288640826,147,2
95476,8,1,21964.15219930229,143,1
95477,13,2,10807.202533697686,138,1
95478,11,1,31654.198362056457,138,1
95479,57,2,110610.03149050703,140,1
95480,71,1,128366.14412592843,148,1
95481,19,1,39587.511575757926,141,2
95482,14,2,11762.616771708867,136,1
95483,0,2,17657.00432666068,139,1
95484,80,1,13064.30458034532,137,2
95485,18,1,74791.15034037232,146,2
95486,36,2,52626.09179226726,145,2
95487,17,1,18223.515028949885,146,2
95488,21,2,93137.87592147235,146,1
95489,9,2,16757.592140068446,140,1
95490,13,1,15961.158134352536,141,1
95491,2,1,17219.999662742615,142,1
95492,80,2,99298.38351633641,145,2
95493,25,1,116802.70835233714,147,2
95494,22,2,36964.57003284479,141,2
95495,75,1,8342.517820495154,146,1
95496,10,2,19157.061088224636,144,2
95497,6,1,37400.68972272667,147,1
95498,3,1,0.0,146,2
95499,52,1,22162.486480056923,134,1
95500,61,2,32474.290171233293,143,2
95501,25,2,78101.4844425178,146,1
95502,1,1,16814.284743161126,144,2
95503,52,1,35564.77971105394,135,2
95504,61,2,68318.59948740952,142,2
95505,29,1,192081.54725124943,143,1
95506,48,1,11857.662837076447,141,1
95507,2,1,6996.908445112221,147,1
95508,63,1,6854.802383229946,147,1
95509,51,2,77738.73935251741,135,2
95510,51,2,12748.954658108169,147,2
95511,56,2,0.0,134,1
95512,0,2,0.0,146,2
95513,3,2,16693.014070941736,145,2
95514,35,1,66932.82545959155,143,2
95515,69,1,18798.44275539253,141,1
95516,15,1,25480.08524556882,139,1
95517,19,2,0.0,135,1
95518,16,1,7015.065601787503,142,1
95519,53,2,50454.830885006304,145,2
95520,4,2,18826.67121431202,143,2
95521,13,1,5116.159426084605,140,1
95522,22,2,145674.53828034006,135,1
95523,9,2,15808.540132570279,139,2
95524,62,2,10101.539178072075,136,2
95525,51,2,41195.17133963818,136,1
95526,80,2,22700.387121450916,139,2
95527,58,1,35813.71195543551,140,1
95528,75,2,75823.29532750865,148,2
95529,2,2,0.0,138,1
95530,0,1,9137.005096948766,142,2
95531,58,1,266075.6725273547,134,1
95532,24,1,0.0,148,2
95533,68,1,30983.03050683859,140,1
95534,67,2,9262.114604022552,141,2
95535,46,1,13778.41418607196,141,2
95536,11,1,17380.57592951079,144,2
95537,48,1,12421.709597794888,136,1
95538,1,1,17302.538526544402,142,2
95539,69,1,10429.577259506184,136,1
95540,68,1,6404.965553592774,136,2
95541,65,2,8183.077114963996,148,2
95542,56,2,15912.516816806992,144,1
95543,28,2,30303.45706495714,148,1
95544,29,1,183981.37691214276,139,1
95545,14,1,10011.39661462862,135,2
95546,15,1,25702.42251113136,144,2
95547,57,1,16456.34879760823,137,1
95548,28,1,168445.70869441202,142,2
95549,53,2,21531.655438896993,148,2
95550,62,1,57787.53616047033,143,2
95551,57,2,11523.491101225005,141,2
95552,5,1,10226.491745638856,134,2
95553,79,1,12504.942837094213,138,2
95554,7,1,15360.7376285938,139,2
95555,18,1,39274.32172432372,137,1
95556,41,1,60911.383231171996,138,2
95557,79,2,34916.844039495496,141,1
95558,56,1,0.0,135,2
95559,42,2,43683.896006021685,140,1
95560,1,1,20194.382676338864,134,1
95561,63,1,10934.91045239265,144,1
95562,1,2,10019.254130520369,144,1
95563,46,2,88092.722321012,144,1
95564,11,1,10094.090002838464,138,1
95565,29,1,63053.83588712999,137,1
95566,78,2,31072.007974546403,139,1
95567,1,1,5221.7600108023325,147,2
95568,34,2,19305.10948728351,142,2
95569,23,2,23502.91296532664,147,1
95570,2,2,15773.578340951277,141,2
95571,54,2,65525.80342833827,142,1
95572,75,1,44391.27305537013,142,1
95573,23,1,115955.17526177457,139,2
95574,36,2,74480.8150764318,143,1
95575,64,1,16873.402708062527,144,2
95576,73,2,60065.88486300882,142,1
95577,63,2,70721.94834996805,146,2
95578,62,2,6861.163860142071,135,1
95579,54,1,25924.8018150434,148,1
95580,1,1,16678.054663678686,144,1
95581,44,2,11833.57897082315,138,1
95582,32,2,14234.79923780779,137,2
95583,69,2,20798.292451212987,135,1
95584,9,1,103756.62920324094,147,2
95585,19,1,23556.905958994328,136,2
95586,26,2,15415.679849949673,147,1
95587,29,2,50295.76137920601,140,1
95588,72,1,10908.258719512227,145,1
95589,63,2,15300.54897508715,134,1
95590,61,1,28055.756595207302,134,1
95591,36,2,17696.450422521946,140,2
95592,14,2,27521.411295729795,142,1
95593,70,1,75961.96967904376,137,1
95594,50,1,20924.05365315533,134,2
95595,43,2,35699.13343852814,139,2
95596,12,1,21094.960884142813,148,2
95597,71,1,172750.29118516186,145,2
95598,22,1,54640.57132622968,146,2
95599,47,1,176836.54407164198,142,2
95600,74,1,8413.046065389033,137,2
95601,69,1,40905.80534865206,145,1
95602,21,1,43826.99038900061,136,2
95603,3,1,27654.060657889953,140,1
95604,16,1,17259.122227919863,141,2
95605,3,1,16159.430703580372,136,2
95606,25,1,34925.576459942175,136,1
95607,42,1,59211.744706031655,138,1
95608,67,1,11103.335627923901,134,2
95609,22,2,143802.03814149063,141,2
95610,41,2,33330.66796577269,136,1
95611,53,1,59997.4180165448,135,1
95612,24,1,13373.675644170584,135,2
95613,9,1,10467.960507626538,137,1
95614,2,2,16638.207828097286,140,2
95615,78,1,12477.398972403927,146,2
95616,17,2,35664.4779907467,135,1
95617,60,1,10796.22421300819,138,1
95618,16,2,8359.082888373867,144,2
95619,16,2,16927.24967267204,147,2
95620,6,2,21304.972025869112,139,2
95621,73,1,10359.045792993733,138,1
95622,42,2,122298.04609262338,138,1
95623,60,2,15023.662836253689,143,2
95624,0,1,5681.912774946593,143,2
95625,43,1,11486.257744450088,148,2
95626,76,1,8760.33282669276,136,2
95627,74,1,0.0,136,1
95628,18,2,15289.832058805438,138,1
95629,80,2,19681.633002489147,139,1
95630,80,2,14568.011855875373,145,2
95631,13,1,18248.67867096549,136,2
95632,1,1,30719.464674525654,138,1
95633,64,2,11302.130962039078,135,2
95634,13,1,20006.187728864537,144,1
95635,7,1,39463.5958982944,137,1
95636,51,2,56210.72628813297,138,2
95637,74,1,67267.62521760925,145,1
95638,16,1,22120.77742173935,148,1
95639,31,1,37340.87482911224,135,2
95640,19,1,30677.127722245383,146,2
95641,50,2,41319.92203890593,146,2
95642,13,2,29462.043317939744,138,2
95643,20,1,199593.06961970517,145,1
95644,62,2,10338.607726007333,148,2
95645,67,2,13944.026038022159,136,2
95646,0,1,9708.857755949875,146,2
95647,8,2,8318.141774022435,138,1
95648,72,1,17973.043610379118,141,2
95649,48,1,23013.33201855144,134,1
95650,3,2,93005.2125688516,135,2
95651,80,1,39902.997797804346,148,1
95652,44,2,58553.49418283297,135,1
95653,5,1,16539.522301772584,146,2
95654,72,1,58477.13032588189,145,1
95655,22,1,125725.30211943055,135,2
95656,78,1,9471.826041117247,135,2
95657,31,1,110792.56025481748,144,1
95658,29,1,82600.77939101467,142,2
95659,46,1,6526.540573951338,135,2
95660,7,1,69465.5664634218,138,1
95661,59,1,0.0,146,2
95662,44,2,180858.24697363342,145,2
95663,43,1,53201.096594946,141,2
95664,47,1,30245.051215572337,140,1
95665,23,1,103584.8633494798,146,1
95666,33,1,85517.16052632767,142,2
95667,2,1,30461.62094155842,137,2
95668,68,2,21575.32892378058,137,2
95669,56,2,125233.37245534577,140,2
95670,4,2,26157.04741412789,135,1
95671,66,2,18461.88201166713,136,1
95672,75,1,12842.946508580017,136,1
95673,80,1,6437.0145942386425,147,1
95674,49,1,28958.128821869785,141,1
95675,66,1,10634.040455716877,134,2
95676,53,1,35505.3655204779,141,2
95677,8,1,14399.867755342158,147,1
95678,34,1,51340.136434945394,141,1
95679,14,1,58263.800667321906,144,2
95680,45,2,38232.098796146216,136,2
95681,80,2,56539.61292543864,142,2
95682,3,1,11195.23540990696,142,1
95683,0,2,13100.147287033249,141,2
95684,30,1,226816.64246876023,144,2
95685,30,1,52714.80770317261,135,1
95686,18,1,25616.20721544407,145,1
95687,80,1,7368.483056682557,145,2
95688,8,2,12905.869893297753,143,2
95689,60,2,9885.632706191287,147,1
95690,54,1,8577.651454091912,144,1
95691,0,1,7103.526525040575,141,2
95692,69,2,41427.99078796817,142,1
95693,2,2,23567.782046578155,137,2
95694,50,2,32596.856866962054,136,1
95695,0,1,8379.333184305538,134,2
95696,26,1,28815.95187897088,145,1
95697,0,2,7242.051367670937,142,1
95698,55,2,17318.366587014407,144,1
95699,22,2,5144.141750912702,140,2
95700,59,2,20894.10508438888,134,1
95701,8,1,11735.05310639596,143,2
95702,16,2,16088.384181523472,137,1
95703,24,2,8974.035642719376,144,1
95704,50,1,11821.731839403907,136,1
95705,18,1,199513.39237320697,140,2
95706,6,2,8114.395126547666,141,2
95707,5,2,20249.117332942034,142,2
95708,52,1,29968.23406986746,134,1
95709,11,1,9489.521997227332,147,1
95710,61,1,13357.075520108463,138,2
95711,54,1,22853.226175129308,140,2
95712,12,2,21759.739319289234,148,2
95713,64,1,7125.984548608515,147,2
95714,63,2,8837.788203169,144,1
95715,12,2,31631.36662659389,145,1
95716,38,2,34247.90889056614,147,2
95717,76,1,86808.8263083968,141,2
95718,63,1,16881.752012855926,139,2
95719,22,1,43563.920584432904,141,2
95720,59,2,6604.85182419198,135,2
95721,14,2,16088.384181523472,137,1
95722,38,1,24081.1911520528,136,2
95723,80,2,22335.225126330046,136,1
95724,4,2,52614.860815214764,141,1
95725,70,1,32415.832548262497,145,1
95726,32,2,49340.30427984254,143,1
95727,52,1,24403.127705449493,142,1
95728,1,1,14006.844619236264,141,1
95729,71,2,11916.092633476399,142,2
95730,0,2,9429.262602198514,138,1
95731,47,2,14254.991809438909,141,1
95732,14,2,17636.943419640374,139,2
95733,22,1,63549.20724454512,148,1
95734,71,2,93318.15391259707,142,1
95735,8,1,18205.14015388631,136,2
95736,58,1,27332.969269461617,137,2
95737,0,1,8377.699145493816,146,1
95738,49,2,19943.510688277343,136,2
95739,6,1,33594.25031229371,138,1
95740,5,1,20757.422394382553,140,2
95741,19,2,25680.764838698196,139,1
95742,9,1,47500.070247254065,143,1
95743,58,2,13730.482965334762,148,2
95744,57,2,16406.524456133244,134,2
95745,60,2,6949.84020341219,137,1
95746,7,1,20977.55635413776,142,1
95747,10,1,11063.974143434243,142,2
95748,43,1,30379.823961685117,136,1
95749,10,1,29139.981041702547,135,1
95750,5,2,32775.43048647588,141,1
95751,4,1,11038.909849963384,137,1
95752,80,1,17437.5959530695,140,1
95753,0,2,22444.314657055475,143,2
95754,33,1,100289.03736218196,142,2
95755,14,2,11300.51488721956,134,2
95756,26,1,84609.98173964862,143,2
95757,13,1,19595.400719626417,135,2
95758,15,1,20756.846836567882,144,2
95759,63,2,10221.694744985987,145,2
95760,14,1,18722.469606801653,143,2
95761,51,1,25642.991530857817,141,2
95762,32,1,58269.35437524451,143,1
95763,75,1,9007.535159128169,147,2
95764,6,1,31039.435599591176,139,2
95765,51,1,34860.17432666249,138,2
95766,19,2,26376.671822484128,139,2
95767,60,1,23053.35915559146,139,2
95768,23,1,78643.37573464014,138,2
95769,61,1,12990.965812050074,143,2
95770,50,1,15166.597085332942,144,1
95771,63,2,19300.87030623738,141,1
95772,64,2,11683.561702186676,142,2
95773,66,2,12822.793268393982,136,1
95774,9,1,30406.183633030105,141,1
95775,37,2,30326.99714992055,136,1
95776,13,1,12191.332010506321,147,1
95777,78,2,35452.47034872297,140,1
95778,35,2,26808.608418677595,136,2
95779,12,2,0.0,143,1
95780,78,2,26406.51658621987,136,1
95781,3,2,13901.49247855999,136,1
95782,18,1,16236.992349581498,140,1
95783,16,1,13240.970223138153,144,1
95784,4,2,24283.183281901496,145,1
95785,51,1,23047.309265011707,145,1
95786,5,2,46703.97913180639,135,1
95787,27,1,21714.084026457604,136,2
95788,28,2,163797.60582984754,145,2
95789,48,2,126483.30953353953,141,2
95790,8,2,0.0,147,1
95791,33,1,25708.06186190378,140,2
95792,23,1,156608.47396064605,139,1
95793,26,2,34409.04458978264,142,2
95794,63,1,13601.728678679683,136,1
95795,74,1,0.0,143,2
95796,4,1,6306.625295183345,135,2
95797,4,1,12234.161804261797,134,1
95798,76,2,79701.21053834999,145,2
95799,25,2,66217.27664497911,142,1
95800,3,1,10688.022921981112,144,1
95801,10,1,21483.032055365667,144,2
95802,68,1,197224.65719967734,145,2
95803,38,1,102299.0647518483,141,2
95804,0,1,12714.133855901153,140,2
95805,6,1,14102.86025704987,136,2
95806,11,2,7043.875407371296,138,1
95807,34,2,73633.63355458234,144,1
95808,19,2,49629.79636667722,146,1
95809,59,2,23572.017806434833,134,1
95810,2,1,14521.780578112668,148,2
95811,24,2,27987.458182669714,140,1
95812,63,2,14462.46154697088,144,1
95813,80,1,8353.718302547297,140,1
95814,45,1,24594.14731746208,141,1
95815,3,1,9289.203796534852,136,2
95816,14,2,22216.49548939236,141,2
95817,12,1,26154.158989351494,148,2
95818,12,1,15838.25183149937,137,1
95819,80,1,53456.32413718052,144,2
95820,37,1,33718.07193928072,146,1
95821,16,2,17851.481584390025,139,1
95822,66,1,16231.312631113062,148,1
95823,9,2,22898.52193016982,141,2
95824,66,1,5666.772376106171,138,2
95825,45,2,31095.587915230186,143,2
95826,11,1,10609.3321554678,147,1
95827,14,1,27216.13743999432,143,2
95828,80,1,20079.8866842221,143,1
95829,70,1,151305.12496989348,143,1
95830,5,2,51633.973866308144,138,1
95831,63,2,17962.95834959919,138,1
95832,11,1,0.0,144,2
95833,61,1,28271.174255330647,148,1
95834,17,2,14645.428040502964,136,2
95835,48,2,32982.27354369695,138,2
95836,55,2,35234.088201371465,139,2
95837,2,1,10547.25898047118,143,1
95838,80,1,21498.07670099355,136,1
95839,44,1,35796.87323574217,143,1
95840,10,1,10892.29162575687,136,1
95841,27,1,24245.638192952305,135,2
95842,5,1,39100.65468150432,138,2
95843,73,1,8760.343713063281,135,1
95844,70,2,24284.283647000026,146,1
95845,2,1,0.0,148,1
95846,80,1,6957.18890695026,147,1
95847,0,2,8361.011305843414,147,2
95848,52,2,20088.710583850665,148,2
95849,40,2,26503.396227400022,146,2
95850,27,2,42696.38375557478,144,1
95851,28,1,41407.684461412835,147,2
95852,1,2,17978.8979789879,146,2
95853,24,2,34698.35846842047,139,1
95854,28,1,145376.50064836614,144,1
95855,40,2,32454.345320503504,136,2
95856,5,1,10390.368434483262,147,1
95857,14,1,13481.212471727144,134,2
95858,32,1,17986.582020519545,138,2
95859,13,2,75395.26836768727,143,2
95860,51,2,30510.552582871333,137,1
95861,10,2,11351.60037906988,136,2
95862,80,1,20006.066141676638,142,2
95863,80,2,35026.538234843385,143,1
95864,73,1,13606.232597164177,139,1
95865,47,2,29197.67089853128,144,1
95866,80,2,26653.426145112568,137,1
95867,34,2,21176.81661386828,139,2
95868,80,1,11665.509074416614,140,1
95869,66,1,15741.725427478843,137,2
95870,20,2,81073.33934953874,143,1
95871,5,2,20335.716603920813,143,2
95872,0,2,22993.870824613852,145,1
95873,76,1,9707.454830328743,147,2
95874,18,2,39306.54689917377,143,2
95875,67,2,18608.17459084001,142,1
95876,6,2,25064.456887679058,147,2
95877,62,1,115815.10712496979,146,1
95878,1,2,15564.65452788049,141,2
95879,13,1,13610.823787166846,143,1
95880,69,2,17572.44267956789,135,2
95881,64,2,24381.33841545104,137,2
95882,26,1,18547.492305918127,144,1
95883,31,2,77577.61423340895,135,1
95884,5,2,41765.71578224692,143,1
95885,0,2,8036.673938261375,139,2
95886,57,2,15533.08811345593,136,1
95887,8,2,44489.02263124,144,2
95888,9,2,9358.065553528439,147,2
95889,17,2,46828.91210641153,142,2
95890,37,1,0.0,140,2
95891,56,1,32116.926123173194,140,2
95892,17,1,14997.551458144479,138,2
95893,0,1,6046.823099715725,134,1
95894,0,2,7732.208259848018,145,2
95895,12,2,14014.917837824905,145,2
95896,32,2,23881.563050788565,144,1
95897,5,1,13604.442716234455,146,2
95898,14,2,70646.00943766309,138,2
95899,62,1,13600.219909200465,148,1
95900,31,1,127439.60012414517,147,1
95901,3,2,37597.02085515311,143,2
95902,61,2,10452.130783256389,134,2
95903,21,1,95470.9281968169,144,2
95904,53,2,18037.801943726685,136,1
95905,5,1,24656.201658952472,140,2
95906,16,2,31467.964986399948,144,2
95907,19,2,5756.177344857429,141,2
95908,69,1,31475.62813770554,145,2
95909,5,1,29600.352461868486,139,1
95910,50,1,14472.380666257068,135,2
95911,38,2,20472.430450590953,136,2
95912,50,1,122050.14645468521,139,2
95913,80,2,40979.6801545399,144,1
95914,47,2,36644.7558233763,142,1
95915,57,1,76389.86988241112,145,1
95916,51,1,0.0,146,1
95917,74,2,15338.272780991487,147,2
95918,45,2,0.0,143,2
95919,47,1,20078.02194473303,142,1
95920,8,2,65082.07319990402,141,1
95921,4,1,38222.759744552735,135,1
95922,25,1,336326.88184046507,138,1
95923,8,1,11569.538586861632,141,2
95924,65,2,10992.119007208328,135,1
95925,2,1,14461.812475505581,143,1
95926,12,2,116205.39365120736,137,2
95927,18,2,14778.694307954509,142,2
95928,56,2,26626.169830685652,148,1
95929,10,2,10319.725553308683,147,1
95930,5,1,38991.07952775472,142,2
95931,69,2,35587.70059230749,140,1
95932,1,1,33158.895791907875,145,1
95933,16,1,30264.368388472834,145,2
95934,12,2,16635.46701614562,135,1
95935,19,1,140678.17964807892,141,1
95936,63,2,10857.032327865561,138,1
95937,9,1,18521.00825124238,146,2
95938,1,1,7230.709272096795,144,1
95939,76,1,26973.46241764497,142,2
95940,4,2,0.0,135,2
95941,3,2,17755.77718824242,140,1
95942,6,2,16690.55896774464,141,2
95943,9,2,8290.396413983799,144,1
95944,54,1,14836.267564332667,137,1
95945,70,2,29350.969108149337,139,1
95946,62,1,0.0,146,2
95947,3,2,16722.673173439664,136,1
95948,18,2,67069.40498913139,140,1
95949,7,1,18521.00825124238,146,2
95950,45,1,111844.24812297664,140,1
95951,24,1,52892.236672476996,135,1
95952,68,1,145812.6546412685,141,2
95953,18,2,17572.788775059766,139,2
95954,35,1,0.0,143,2
95955,22,2,87316.18154135044,145,1
95956,17,1,25918.676454143395,142,2
95957,2,2,13976.878974934327,134,2
95958,12,2,7569.703552820846,137,1
95959,17,1,18101.480241166333,147,1
95960,11,2,46133.02201343974,138,1
95961,4,1,27663.14164368961,142,2
95962,32,1,68474.0821760585,140,1
95963,8,2,19436.886713331973,138,1
95964,80,2,31497.480327488538,140,1
95965,47,1,0.0,134,2
95966,66,1,143154.06945655294,142,2
95967,8,2,45809.490998324254,142,1
95968,49,2,16590.894116812542,148,1
95969,48,1,20910.87966033914,142,1
95970,7,2,40728.73182136746,142,1
95971,71,2,23636.309849850157,136,2
95972,3,2,19102.512901688933,139,2
95973,21,2,30335.040757996892,138,1
95974,4,2,35042.48543358118,142,1
95975,8,1,16162.941317099787,146,2
95976,65,2,9092.156269959254,143,2
95977,26,2,22006.68005596992,144,1
95978,57,1,25446.832691681804,135,2
95979,66,1,11250.492283630538,144,1
95980,8,1,13193.501174829125,145,1
95981,69,1,13544.37011334915,138,1
95982,2,2,0.0,147,1
95983,78,2,112251.2396653439,142,2
95984,9,2,7098.611739706352,136,1
95985,62,1,13251.523237735164,146,2
95986,48,1,21154.280079552365,144,2
95987,80,1,56301.7826402927,137,2
95988,80,1,28142.424428214545,142,1
95989,13,2,16144.48120322906,137,2
95990,28,2,63637.82623301378,135,1
95991,43,1,20400.434099851795,148,2
95992,79,2,25284.73617931157,137,2
95993,80,2,21576.525053157948,144,1
95994,11,2,22452.293430716396,146,2
95995,47,2,7393.261349384395,140,2
95996,42,2,29368.853275679237,147,1
95997,61,2,18936.894952286097,134,2
95998,29,1,21714.084026457604,136,2
95999,16,1,25480.08524556882,139,1
96000,29,1,29031.347520531785,140,1
96001,64,1,30942.834198698016,144,2
96002,34,2,6862.43709668188,148,2
96003,49,2,22485.367197258747,144,2
96004,55,1,30553.217744691345,146,2
96005,14,1,13912.516579548317,135,2
96006,38,2,17218.018585227328,138,2
96007,74,1,0.0,144,2
96008,52,1,20344.525529188242,147,1
96009,4,1,37048.09888952892,137,2
96010,64,1,9195.74376030777,140,1
96011,32,2,32740.625095689054,137,2
96012,16,1,11211.506894528242,144,1
96013,15,2,25076.774744147213,138,1
96014,36,2,19616.1360361015,134,2
96015,1,2,16139.990330388375,143,2
96016,80,1,30713.156942758098,136,1
96017,64,1,23544.15020498251,138,2
96018,12,2,11010.2627819277,139,1
96019,80,2,27643.799827705447,146,1
96020,80,2,25453.369479399757,139,2
96021,0,1,4765.820396169515,142,2
96022,56,1,57424.92818738232,141,2
96023,73,2,15146.723540600779,135,2
96024,41,2,0.0,136,2
96025,40,1,11868.301907480467,148,2
96026,8,2,10331.966106399877,136,1
96027,80,2,58128.277435177966,137,2
96028,10,1,33036.29470772345,134,1
96029,31,1,11701.054406805466,144,2
96030,59,1,14397.502834523224,145,1
96031,24,2,35628.33132192637,140,2
96032,11,2,14888.055247904123,141,1
96033,60,2,11124.195170974228,137,2
96034,57,1,44961.60655600071,148,1
96035,20,2,11796.882224985733,135,2
96036,13,2,20273.357828234228,145,1
96037,60,1,23329.823097511293,140,1
96038,55,2,18684.630511673604,143,1
96039,1,1,23437.765393304184,142,1
96040,9,1,14410.217192210132,137,1
96041,80,1,11682.832666487344,135,2
96042,6,2,51577.64740345415,141,2
96043,9,2,93070.6988076792,139,1
96044,61,2,13090.459161993229,147,1
96045,5,2,31580.97004201853,142,1
96046,4,1,62097.534093637674,143,2
96047,10,1,26236.20278023279,135,2
96048,47,1,39342.57708520315,147,2
96049,69,1,17359.43150051974,138,2
96050,46,2,65131.07913382725,146,1
96051,11,2,11381.862123070696,141,1
96052,14,2,15212.280972497074,139,1
96053,19,2,0.0,136,1
96054,0,2,6081.687184047688,148,1
96055,10,1,9410.869513873371,144,1
96056,20,1,32264.07601451042,135,2
96057,11,1,15143.627821639142,135,2
96058,10,2,19973.0119801379,141,2
96059,0,2,5297.77791945694,148,2
96060,12,2,0.0,146,2
96061,67,1,200294.73519146477,140,2
96062,1,2,31706.525949601393,138,2
96063,27,2,27221.56032610438,136,2
96064,49,1,11640.756376771356,136,2
96065,66,1,9155.275428003508,138,1
96066,52,1,20635.84673263054,144,2
96067,42,2,32305.273255621163,140,1
96068,17,2,23183.427115624614,141,2
96069,7,1,12294.109247089598,138,2
96070,45,1,17926.673236817787,143,2
96071,12,1,8059.584353522233,138,2
96072,27,1,0.0,136,2
96073,2,2,27224.92935583193,145,1
96074,34,2,113673.9942640319,143,2
96075,2,2,0.0,146,2
96076,28,1,0.0,146,2
96077,80,1,10416.300410993808,134,1
96078,19,1,22048.553674485054,141,2
96079,52,1,11540.089859386799,148,1
96080,3,2,0.0,145,1
96081,10,2,25796.46855792713,135,2
96082,37,1,177065.6384491521,142,2
96083,17,2,8265.49090996463,147,1
96084,34,2,39977.22220363755,145,2
96085,25,1,62612.96552285223,146,2
96086,65,1,109028.61202501578,138,1
96087,68,1,16386.088680744913,148,2
96088,20,1,37360.19907003847,147,2
96089,76,1,39060.22209591269,139,2
96090,63,1,44402.4426581699,143,2
96091,54,2,20845.206397658585,141,2
96092,22,1,61399.28475725879,138,2
96093,20,2,98309.95224395592,140,1
96094,52,2,23629.066237128867,142,2
96095,2,2,0.0,147,1
96096,52,1,23815.552907178764,145,1
96097,58,1,24993.092898927884,143,2
96098,42,1,19156.87511363279,136,2
96099,63,1,10263.088435795637,135,2
96100,65,1,31203.32122357212,143,2
96101,52,1,20858.75975264416,137,1
96102,7,1,0.0,148,2
96103,23,2,14165.974149756295,148,2
96104,17,1,13955.35181390542,141,1
96105,24,2,37136.21031148897,141,2
96106,10,2,36755.20930498328,142,2
96107,23,2,0.0,139,1
96108,47,2,48064.79741269061,135,1
96109,8,1,60116.80928547898,144,2
96110,65,1,0.0,144,2
96111,31,2,33992.23112403858,134,2
96112,73,1,10894.768585671221,145,1
96113,2,1,7631.401811421072,140,1
96114,68,1,13003.1727781263,144,1
96115,71,2,18456.39097929875,139,1
96116,54,2,109516.47499083208,141,1
96117,68,1,20420.02853020338,148,1
96118,2,2,15411.76506015528,143,2
96119,14,2,112750.09648577493,137,1
96120,60,1,6593.012419659026,147,1
96121,65,2,137734.3869566012,136,2
96122,54,2,38029.66634478906,136,1
96123,35,2,47385.04328797191,140,2
96124,52,2,30835.65345377231,138,2
96125,28,2,125860.86862217073,146,1
96126,5,1,12421.205506368644,136,1
96127,17,1,17259.122227919863,141,2
96128,16,1,41852.504284366456,139,2
96129,5,1,17150.41312918315,145,2
96130,61,1,12890.418175892462,137,1
96131,3,1,20138.467506446363,146,2
96132,16,1,74791.15034037232,146,2
96133,32,1,29176.70196256876,144,1
96134,65,2,16156.134079053869,141,1
96135,73,2,19912.28404148751,134,1
96136,62,1,6885.016832362913,144,2
96137,48,2,27482.648315857034,140,1
96138,34,1,53061.51738697829,145,1
96139,27,1,21888.70550318081,144,1
96140,54,1,19758.56371711593,134,2
96141,60,1,15142.753448238289,134,1
96142,3,1,40617.787644858196,139,1
96143,55,1,11030.837971524224,138,2
96144,64,2,16711.258301048427,147,1
96145,78,2,100348.31898634373,136,2
96146,0,2,24643.45951665442,134,2
96147,31,1,126523.41872821432,142,2
96148,2,2,24959.043003502095,143,2
96149,63,2,9746.420956373908,138,2
96150,23,1,83585.80246567454,146,1
96151,57,1,273249.9384361309,134,1
96152,61,1,9212.748160680714,136,2
96153,10,2,39227.45201629926,140,1
96154,1,2,17109.153476662497,139,2
96155,4,1,42784.43717117003,134,2
96156,46,1,13762.672003486543,148,1
96157,11,1,17625.07329165376,140,2
96158,26,1,34170.14684104325,146,2
96159,61,2,14303.535679474835,147,1
96160,58,2,23786.27326296791,148,2
96161,9,2,28463.420735442625,143,2
96162,60,2,8751.871779299476,142,1
96163,35,2,11146.331808759212,141,2
96164,64,2,20752.556585827293,138,2
96165,64,2,12306.957619842822,137,1
96166,8,2,17936.743656008268,140,2
96167,80,2,0.0,135,2
96168,13,2,40474.61814977814,143,2
96169,63,2,17344.996545426926,137,2
96170,72,2,11645.0598078243,140,1
96171,80,2,39541.43539445901,146,2
96172,80,2,63984.170306668304,134,1
96173,61,2,0.0,139,1
96174,8,1,18176.74313545723,143,1
96175,39,1,28645.25872594751,138,1
96176,6,1,22944.89646760373,135,1
96177,16,2,14759.785835230821,139,2
96178,63,1,10856.560496404247,139,1
96179,64,1,207852.91208151722,135,2
96180,4,2,22519.15037185484,144,2
96181,74,1,20332.778237336104,135,2
96182,0,2,6458.711336391133,138,1
96183,0,1,12935.723577435732,142,2
96184,80,1,10060.189750266592,142,1
96185,75,2,87990.8679147109,141,1
96186,45,1,34758.92211044669,143,2
96187,11,1,26127.645498372898,137,1
96188,55,2,13309.0376333469,147,1
96189,50,1,183186.21525431398,140,2
96190,54,1,16518.882776465573,148,1
96191,39,2,55698.237681379986,143,2
96192,14,2,11010.2627819277,139,1
96193,8,1,14198.83038941502,136,1
96194,4,2,8453.362120943853,137,2
96195,80,1,23068.38712809218,137,2
96196,34,2,50265.528356952505,146,2
96197,12,1,22188.46942523251,141,1
96198,29,2,21212.593757074927,148,2
96199,7,1,11199.828783105051,145,1
96200,0,1,14237.56121664596,139,1
96201,11,1,41714.30959942406,135,1
96202,10,1,10392.769684887015,134,1
96203,5,1,27076.58891401975,137,2
96204,3,2,20429.51661957993,145,1
96205,52,1,23999.86078673777,146,1
96206,9,1,49483.29843516389,136,1
96207,3,2,21022.484353732412,142,1
96208,2,2,34900.821574471476,138,1
96209,2,1,16727.847532804666,136,2
96210,80,1,9155.13899285651,139,2
96211,32,1,363629.37052594585,147,2
96212,0,2,9771.441392732668,136,1
96213,17,2,28798.17817589669,136,2
96214,13,2,15768.889950124527,146,2
96215,0,2,0.0,148,2
96216,56,2,40381.44381734897,141,1
96217,71,1,74373.19576725671,145,1
96218,42,2,0.0,147,1
96219,41,2,17880.972180705645,145,1
96220,33,1,18967.592399169396,138,2
96221,66,1,151442.23570164086,136,2
96222,40,2,48499.24546879202,146,1
96223,70,1,11860.415895371238,145,2
96224,59,2,70180.00988203271,142,1
96225,6,1,25889.561358118703,134,2
96226,31,1,24690.91709151026,146,2
96227,6,2,16594.472858884306,141,2
96228,4,1,0.0,145,2
96229,24,2,85001.19634055655,142,2
96230,60,1,84377.37244525742,140,1
96231,2,2,10572.72778727278,139,1
96232,7,1,25012.92050182909,142,2
96233,18,1,30392.55987433628,143,1
96234,40,1,17963.74963041013,143,2
96235,17,1,22343.886553093642,136,2
96236,78,2,17639.81843635879,145,2
96237,58,2,42480.59150607724,140,1
96238,18,1,25952.127043844084,142,1
96239,69,2,102225.12013555199,142,1
96240,42,2,17875.812043472168,143,1
96241,18,2,13545.665971634478,138,2
96242,64,1,11329.706143525591,146,2
96243,29,2,48078.053831582125,145,1
96244,38,2,20171.856546116815,137,2
96245,60,2,10932.984206993151,136,2
96246,12,2,13547.260056129906,138,1
96247,11,1,24512.260191939287,143,2
96248,7,2,12382.988115525188,137,1
96249,58,2,12579.893767612024,135,2
96250,42,1,220018.33453806798,141,2
96251,4,2,14567.204485760172,136,1
96252,79,2,29030.503633890843,136,2
96253,47,2,154549.2755102686,136,2
96254,3,1,22182.44182807356,137,2
96255,0,1,7410.7492723208925,135,1
96256,1,1,35284.39031429345,135,1
96257,32,2,15690.238529674032,147,1
96258,6,2,49564.521911881886,146,1
96259,9,1,30318.397183311743,141,2
96260,12,1,9221.267007377699,135,2
96261,16,2,22097.486088236776,137,2
96262,52,1,0.0,147,1
96263,12,1,19484.42031828596,137,1
96264,45,2,38746.66722084108,137,2
96265,66,1,7365.40892380169,147,1
96266,53,2,14989.85154569141,148,1
96267,0,1,5802.140658516034,137,2
96268,80,1,11665.509074416614,140,1
96269,33,2,16154.680550421881,148,2
96270,25,1,59193.04368745978,138,1
96271,70,1,12466.690704388318,148,2
96272,29,1,13605.988905540646,138,1
96273,13,1,7680.632147938223,145,2
96274,6,1,0.0,134,2
96275,31,2,159083.83672341143,141,1
96276,49,1,29891.706187969714,139,1
96277,5,2,21490.80438813022,137,2
96278,30,2,0.0,141,2
96279,54,2,33538.26144743713,143,2
96280,19,2,16747.2321927531,141,2
96281,15,2,0.0,135,1
96282,49,1,158660.39973152865,146,1
96283,46,1,69169.08985932021,147,1
96284,71,1,133368.52534024208,147,2
96285,16,2,21575.98905151891,134,2
96286,12,1,20031.199224159805,137,2
96287,74,2,33054.974402109016,136,1
96288,19,1,61809.69660187882,146,1
96289,17,1,12626.652963430892,136,1
96290,73,2,18935.398321515084,145,2
96291,53,2,20285.90328316196,147,1
96292,4,2,19661.448410503624,147,2
96293,64,1,8588.976499845048,148,1
96294,15,2,70646.00943766309,138,2
96295,31,1,39771.874922369956,142,1
96296,72,2,60603.766347174074,146,2
96297,32,2,73535.42544603196,142,1
96298,17,1,31201.20323220034,141,1
96299,29,1,68039.3241261455,145,1
96300,7,2,7925.900898653787,143,1
96301,54,1,30074.429382081024,143,1
96302,72,1,39213.45436737946,145,1
96303,4,1,0.0,146,2
96304,60,2,13134.044444794075,143,2
96305,12,1,24212.89580459899,141,2
96306,80,2,23562.409422185327,144,1
96307,0,2,9885.181624379222,134,2
96308,53,1,13232.561651618233,135,2
96309,76,2,10440.760463461216,148,2
96310,54,1,5454.008528118531,147,1
96311,19,2,11281.141059346768,147,1
96312,31,2,68810.55111640901,142,1
96313,29,2,35138.614834295135,138,2
96314,3,2,15333.85668116685,139,2
96315,13,1,6749.212934377883,136,2
96316,0,1,8114.2050888978865,142,2
96317,68,1,8852.889238298656,147,1
96318,41,2,80188.03837210407,135,1
96319,70,2,123868.246903015,137,2
96320,46,1,24240.19221843611,145,1
96321,69,1,20149.362067411323,139,2
96322,34,2,16742.453382062064,137,1
96323,63,1,8784.260994012366,134,1
96324,0,1,20041.875817385586,147,2
96325,26,2,10488.264749653885,135,2
96326,14,1,19077.622361615664,136,1
96327,10,2,27072.7792308713,137,1
96328,12,1,12933.309860856845,135,2
96329,42,2,30344.869168955254,136,2
96330,64,1,37454.6047889505,146,2
96331,6,1,0.0,144,2
96332,49,1,49540.912103112336,135,2
96333,60,2,8922.283432823442,141,2
96334,10,2,8615.797849118742,136,2
96335,80,1,23778.11299107264,146,2
96336,74,1,12297.157620372973,136,2
96337,20,1,20403.36058800205,140,2
96338,19,2,13212.34602923338,135,2
96339,71,2,15649.759858771728,137,2
96340,49,1,73026.17088210769,142,1
96341,7,1,10467.960507626538,137,1
96342,80,2,67552.71282390784,145,2
96343,8,1,21914.23588049613,147,2
96344,42,2,21962.473943742756,135,2
96345,13,1,39523.23685284086,138,1
96346,29,1,30906.721826143526,144,1
96347,15,2,18543.38454595782,138,2
96348,54,1,21123.50691161167,139,2
96349,76,1,53366.565863164346,141,2
96350,19,1,18248.67867096549,136,2
96351,60,1,21526.73219450155,135,1
96352,67,1,11172.13824514307,142,2
96353,1,1,30727.1644114017,142,2
96354,3,2,15253.232076510682,145,1
96355,20,2,42053.432357567515,148,1
96356,2,1,0.0,142,2
96357,69,1,6162.882054289526,144,1
96358,48,2,20553.05927004868,142,1
96359,0,1,4309.627012114868,147,1
96360,72,2,79726.41310467283,141,2
96361,17,2,18543.38454595782,138,2
96362,61,2,118993.99886326729,135,1
96363,10,2,4290.970559461958,148,2
96364,6,2,11168.163450276988,144,1
96365,39,2,83016.03166314613,137,2
96366,61,2,13363.633723250716,136,1
96367,58,1,18184.812051941266,145,1
96368,31,2,15607.224810216347,139,1
96369,15,1,26068.048039092624,141,2
96370,77,2,161797.16313130764,138,1
96371,14,2,12836.754514302536,137,1
96372,50,1,18596.08743194051,148,1
96373,53,1,26345.177520106896,145,2
96374,16,2,55886.39218477425,148,2
96375,80,1,21581.137793410708,134,2
96376,12,1,44821.84775509605,134,1
96377,52,2,10611.906614288184,135,2
96378,7,1,10179.500995392045,145,1
96379,21,2,50551.0827963979,148,1
96380,43,1,46326.68174912554,142,2
96381,4,2,8539.7313482887,145,2
96382,29,1,21312.738979710586,144,2
96383,17,2,18460.28744478752,145,2
96384,0,1,11619.242958151648,142,1
96385,59,2,16909.562175547784,148,2
96386,62,1,9199.676750054703,135,2
96387,4,2,28185.716796882258,135,1
96388,18,1,0.0,141,2
96389,77,2,35943.19280095532,138,1
96390,46,1,60625.96590839376,135,2
96391,16,1,25390.80538843125,148,1
96392,28,2,33325.95242562866,148,2
96393,71,1,54765.71576134309,140,1
96394,7,2,10813.46602457941,145,2
96395,10,2,27159.259306090906,146,2
96396,38,1,51369.433073018525,135,2
96397,9,1,11525.727419146497,138,2
96398,32,1,21198.2698598235,147,1
96399,42,1,114836.16544908212,143,1
96400,32,1,79430.7796301913,147,2
96401,13,2,16796.48672054356,140,2
96402,18,1,13919.927783144316,146,1
96403,23,1,33895.25219506689,136,2
96404,74,2,84870.60102296135,140,1
96405,23,2,17415.46345474408,144,1
96406,73,2,63160.42131283568,140,1
96407,3,1,0.0,141,1
96408,44,2,24282.295518388448,140,2
96409,80,2,17932.680341976527,143,2
96410,14,1,14425.053460299685,145,1
96411,60,2,14907.001634249555,143,1
96412,11,2,51469.8151347324,147,2
96413,71,1,15021.311392616462,136,1
96414,1,1,13193.022722491176,139,2
96415,36,1,67214.1544861821,143,2
96416,42,2,32951.56497187335,143,2
96417,33,2,26665.39816054612,138,2
96418,15,2,28777.98132713866,136,2
96419,15,2,22136.54740686963,135,1
96420,60,1,8221.674492166367,141,2
96421,12,2,51816.48331415135,144,2
96422,66,2,6271.921274316807,135,1
96423,2,1,12242.227971691314,136,1
96424,1,1,7194.674338240576,139,1
96425,15,1,15899.795274855318,145,1
96426,80,1,10303.31536858201,139,1
96427,11,2,0.0,143,2
96428,37,2,253619.35600208965,135,2
96429,80,1,0.0,134,1
96430,8,1,72778.2605354007,145,1
96431,47,1,33544.39344722404,136,2
96432,47,2,105032.38481301151,141,1
96433,35,2,114297.10019687525,145,1
96434,3,2,45688.085410169086,146,1
96435,10,2,14547.909698228023,137,1
96436,74,1,8697.5640181622,140,1
96437,3,2,9284.381400041528,148,1
96438,0,1,0.0,140,1
96439,63,1,11855.67286860757,138,1
96440,66,1,0.0,136,1
96441,61,2,14155.114085269543,143,1
96442,14,1,42487.172453505256,142,1
96443,24,2,156022.48495284753,139,1
96444,21,2,29878.9227856365,136,1
96445,66,1,13802.32637547847,148,1
96446,62,2,9903.651534820165,136,2
96447,0,1,11449.663904948153,141,2
96448,50,2,19961.776665262736,148,1
96449,61,2,10206.899214065133,148,1
96450,53,2,36824.85389019663,147,2
96451,80,2,48716.69733806558,141,2
96452,38,1,23730.518641757342,140,2
96453,24,2,20069.251044339584,139,1
96454,1,1,0.0,136,2
96455,34,1,139753.0221531281,144,1
96456,69,2,221212.86541301332,141,1
96457,58,1,29920.76968603074,141,2
96458,1,1,40557.64112019775,140,1
96459,5,2,14537.512919208868,143,1
96460,2,2,22385.153609749363,135,1
96461,3,1,13457.169672676013,145,2
96462,65,1,15115.119665222903,146,1
96463,26,1,24347.37842796959,137,2
96464,25,1,0.0,137,1
96465,41,2,20047.58237709533,134,1
96466,31,2,19149.23234944743,144,1
96467,16,2,28529.703586065247,142,1
96468,66,2,7362.46873852964,145,2
96469,42,2,52252.64035956745,141,1
96470,47,1,16254.711178302052,139,2
96471,65,1,9166.49424473938,143,2
96472,5,1,29025.79512105037,142,1
96473,79,1,49750.16954119377,139,2
96474,37,2,16984.931297267332,148,2
96475,51,1,15091.735119947143,145,2
96476,37,2,27424.962221156118,146,1
96477,65,1,7147.76197074884,145,2
96478,18,1,10457.816207684853,138,1
96479,56,2,147557.280737994,142,1
96480,65,1,37723.34027094814,142,2
96481,29,1,47960.636176945874,135,1
96482,11,1,15329.431499142007,145,1
96483,49,2,24186.27186392886,134,1
96484,27,1,56084.35818394385,148,1
96485,21,2,90885.37918486056,140,2
96486,77,1,8285.975818164678,139,2
96487,19,1,61809.69660187882,146,1
96488,62,1,15577.531790514435,148,2
96489,57,2,25986.677041492007,143,2
96490,39,2,30326.99714992055,136,1
96491,53,2,10435.68313162964,138,1
96492,4,1,58194.0298161447,144,2
96493,8,1,8848.947330517336,145,2
96494,5,1,13967.160480606486,144,2
96495,22,1,31555.20829837878,146,2
96496,1,1,6867.434723467853,145,2
96497,22,2,151807.38207480236,142,1
96498,10,1,29139.981041702547,135,1
96499,11,2,0.0,143,1
96500,24,1,18091.19257823717,138,2
96501,50,1,23423.38327028387,137,2
96502,60,2,23634.42101622849,146,1
96503,72,2,17908.565089985055,139,1
96504,13,2,64985.021619074105,141,2
96505,40,2,63753.01085961434,142,2
96506,77,1,0.0,139,2
96507,37,2,22495.788699793262,136,1
96508,46,2,23876.068134324196,136,2
96509,21,1,54430.91102724556,144,2
96510,32,2,59869.121105863465,142,2
96511,41,1,20112.150818110702,144,1
96512,64,1,26966.5783896102,139,1
96513,24,1,109756.75970328004,146,1
96514,80,2,12922.689679785175,144,1
96515,69,1,7620.631953504778,145,2
96516,18,2,49629.79636667722,146,1
96517,54,2,243752.02387180369,139,1
96518,14,2,25365.383870728754,137,2
96519,33,2,21739.54543635427,144,1
96520,6,1,13169.80403615538,146,2
96521,62,1,30238.02454824367,142,2
96522,52,2,335750.88678924774,143,1
96523,21,2,82217.38116549734,134,1
96524,8,1,85679.53809821515,147,2
96525,80,1,7550.666727646758,146,2
96526,63,1,17936.222207507923,144,2
96527,6,1,16042.213975343067,147,1
96528,37,2,0.0,135,1
96529,66,1,7155.138107688377,142,1
96530,8,1,7209.36978037626,137,2
96531,3,2,60756.18498893226,134,2
96532,45,2,25546.726594658983,145,1
96533,15,1,49135.71528087918,135,1
96534,48,2,18201.06182726768,146,2
96535,4,1,15797.09192184783,136,1
96536,9,1,8370.609872935842,136,1
96537,66,2,43844.032852101045,146,1
96538,51,2,10454.627148370268,137,2
96539,9,2,16710.26977182893,144,1
96540,66,1,8062.563469940953,148,2
96541,5,1,4752.397480840356,148,2
96542,17,2,98638.11546643515,140,2
96543,46,2,43805.48705017555,138,2
96544,13,1,25263.764212347556,141,1
96545,17,2,29789.66167316747,134,1
96546,44,1,21700.209716852303,135,1
96547,44,2,181999.676459589,142,2
96548,28,2,20472.010977374463,135,2
96549,0,1,10717.226972357978,144,2
96550,15,1,7983.099199548883,148,2
96551,36,2,69702.87953675653,141,1
96552,43,1,39394.172715163724,137,1
96553,58,1,12485.987347998851,140,2
96554,31,1,29327.532044057367,147,1
96555,46,1,25001.851220145647,147,2
96556,0,2,6703.835014999806,144,1
96557,38,1,28766.928986903622,144,1
96558,29,1,41438.55736024082,140,2
96559,13,1,18299.070927550685,147,2
96560,71,1,11419.722253694783,143,2
96561,53,1,39304.64640729627,135,1
96562,9,2,13293.51905667017,145,1
96563,15,2,34380.32624956548,135,1
96564,57,2,0.0,147,1
96565,18,2,22099.735299166117,143,2
96566,23,1,84997.69267953144,146,1
96567,2,2,11586.992739950554,140,1
96568,80,1,34730.59204275586,144,1
96569,77,1,36534.07447995919,139,2
96570,10,1,22752.698522478993,141,2
96571,58,2,12201.343518944124,136,2
96572,8,1,95930.769315814,136,1
96573,46,2,175079.05307680593,137,2
96574,39,2,60020.54716183272,139,2
96575,0,1,12664.694111525312,143,1
96576,56,1,27463.665636980008,142,1
96577,9,1,31039.435599591176,139,2
96578,54,1,11845.295459641704,145,2
96579,10,2,12258.649998898738,139,1
96580,27,1,104460.93163383007,135,2
96581,9,1,10179.500995392045,145,1
96582,47,1,19879.572886135833,147,1
96583,79,1,14508.002838615701,142,2
96584,10,2,12455.754372233689,138,1
96585,62,1,10685.48018643668,148,1
96586,65,2,14956.189828130184,143,2
96587,30,1,46033.62877978808,144,1
96588,40,1,19720.54796435901,142,2
96589,15,2,13091.115357920959,138,2
96590,27,2,41040.24761017598,137,1
96591,1,1,31106.063725961238,135,2
96592,80,1,45614.86517013547,137,2
96593,30,1,133676.14672370622,143,2
96594,39,1,20024.644874114645,139,2
96595,64,2,20825.209109448555,134,2
96596,35,1,108610.79347471287,140,2
96597,4,2,5936.318752508408,135,2
96598,67,2,15903.18972129803,139,1
96599,72,1,19280.461931305894,140,1
96600,25,2,22394.58881641139,146,2
96601,3,1,38991.07952775472,142,2
96602,80,1,21646.96493939944,141,2
96603,60,1,99434.16742965076,140,2
96604,35,2,0.0,140,1
96605,40,1,0.0,140,1
96606,14,1,10213.779368868918,148,2
96607,71,1,9743.681352798083,146,1
96608,30,1,30570.29873694241,142,1
96609,36,2,54709.73143068689,147,2
96610,34,2,31853.964100437017,144,2
96611,10,1,11709.663717602158,139,1
96612,5,2,27046.39400490672,143,1
96613,7,2,22401.44108466138,139,1
96614,79,1,13823.882067671691,137,1
96615,62,1,10885.643242074671,148,1
96616,51,1,19219.101316155353,135,1
96617,7,2,12883.313476285948,134,2
96618,36,2,36805.95423123982,145,1
96619,23,2,93317.20619470057,142,2
96620,2,1,12112.82034727773,144,1
96621,43,2,0.0,136,1
96622,40,2,30765.88614631508,142,2
96623,53,1,45727.21337829941,145,1
96624,36,1,44272.95950210891,148,2
96625,26,1,10134.641075081758,147,1
96626,23,1,33299.284547720716,148,2
96627,3,2,0.0,145,2
96628,32,1,38140.37805899318,142,1
96629,46,2,27828.42975328706,143,1
96630,41,1,40144.56060118185,134,2
96631,37,1,83616.13476844231,148,1
96632,80,2,0.0,137,1
96633,65,1,7153.481475960607,148,2
96634,59,1,29147.7666067358,143,2
96635,2,1,21192.229516067207,137,1
96636,40,2,19110.836341251455,140,2
96637,17,1,34581.077459194414,142,2
96638,58,1,43354.9038124135,145,1
96639,78,1,12376.406858712995,140,1
96640,5,1,23183.036167363785,135,2
96641,35,1,44175.346736016814,145,2
96642,67,1,11327.277482533114,141,1
96643,2,1,26173.31841099319,140,1
96644,66,1,9788.057345670783,135,2
96645,27,1,0.0,134,2
96646,44,1,23522.331441041188,139,1
96647,14,2,27661.227766979468,143,2
96648,67,1,0.0,139,2
96649,51,1,46465.66275425408,144,1
96650,1,2,18550.897116338536,144,1
96651,49,2,10550.3474645545,140,2
96652,63,1,15989.640717356959,137,2
96653,28,1,36308.91186232521,134,2
96654,80,1,10592.826105818956,142,1
96655,13,1,37706.262475530915,135,1
96656,24,1,23373.692255762322,135,1
96657,26,1,19894.76788911286,139,1
96658,60,1,16360.877366722256,145,1
96659,58,2,173431.03727395798,146,1
96660,61,2,101723.29907042747,142,1
96661,24,2,15137.371348644867,144,1
96662,0,1,20047.22885758693,143,1
96663,20,2,114805.42401023659,139,1
96664,1,2,10572.72778727278,139,1
96665,1,2,15740.99667987232,136,2
96666,52,1,35660.92817911625,144,2
96667,69,1,6321.668126492596,140,2
96668,0,2,14822.53659085172,139,2
96669,55,2,15693.529786243702,137,2
96670,12,2,46328.323336998794,139,2
96671,37,2,27955.745623632924,145,2
96672,32,1,31805.38903216795,136,1
96673,6,1,60152.45359739215,139,1
96674,30,1,55703.10267415386,138,1
96675,18,2,15360.554176350295,139,2
96676,39,1,0.0,142,1
96677,25,2,164560.03433742278,141,1
96678,1,2,26136.017687361,142,1
96679,30,2,57191.35472864792,145,1
96680,6,2,10425.896028530822,138,2
96681,33,2,231584.69530142582,137,1
96682,10,1,12294.109247089598,138,2
96683,41,2,23509.49718742221,148,2
96684,35,1,0.0,140,2
96685,17,2,27753.970259774593,136,1
96686,9,1,0.0,147,1
96687,80,2,47895.153771994344,142,2
96688,58,1,22695.018548986194,135,1
96689,11,2,13855.565238801626,146,2
96690,5,2,31500.276744338247,140,1
96691,5,1,10403.838669961298,136,1
96692,29,1,104516.2292761504,134,2
96693,18,2,21296.125557945845,136,1
96694,39,1,55662.6715062987,146,2
96695,25,2,145642.0290306769,142,2
96696,18,1,19536.314547637987,135,2
96697,25,1,77398.36347401781,141,2
96698,40,1,159503.64122761574,138,1
96699,59,2,32712.631855346764,145,1
96700,68,1,64559.63702399859,142,2
96701,74,1,29087.73591311672,134,2
96702,17,2,0.0,144,2
96703,0,2,11140.840713067257,142,1
96704,80,2,14137.702857893288,148,2
96705,40,1,262904.1725672678,134,2
96706,40,1,99890.4565048424,141,2
96707,64,2,6215.689349124389,148,2
96708,52,2,41476.2147197665,134,1
96709,1,1,27952.465473115484,141,1
96710,19,2,0.0,146,1
96711,36,2,17386.505551521772,140,2
96712,80,2,74156.84823346903,135,1
96713,74,1,0.0,134,2
96714,0,1,8453.906073973438,143,2
96715,13,1,13250.132071034988,145,1
96716,3,2,12681.004625285517,134,2
96717,0,1,0.0,143,1
96718,80,1,7970.759498274827,146,1
96719,50,2,18809.85353642981,147,1
96720,80,1,22546.793994503943,142,1
96721,32,2,57155.908943230774,141,2
96722,68,1,23342.20916036024,139,2
96723,38,2,38654.688176892385,141,2
96724,8,2,32086.992429496568,146,2
96725,33,2,45289.96884845138,144,2
96726,61,2,9984.41213147759,139,1
96727,76,2,28467.780658327523,134,2
96728,6,1,41180.47600543641,146,1
96729,8,2,5826.287343403876,137,1
96730,53,2,32330.71878958256,141,2
96731,41,1,33105.27867938136,139,1
96732,57,1,149819.91028589368,145,1
96733,12,2,16932.324219233265,136,2
96734,19,2,17187.178622193882,143,2
96735,3,1,19663.767898498012,143,1
96736,72,1,9436.480832755906,147,1
96737,34,2,11559.433960653738,140,2
96738,1,1,26985.420740721147,142,1
96739,20,1,25934.41154104908,148,1
96740,27,1,13146.459062249067,147,1
96741,10,2,19103.112120369897,136,1
96742,6,1,0.0,138,2
96743,33,1,5374.3753195629215,139,2
96744,33,1,4644.990525497073,148,2
96745,52,2,25832.893692976682,145,1
96746,17,1,27400.977209547564,144,2
96747,0,2,26858.644285500173,134,2
96748,37,2,20171.856546116815,137,2
96749,8,1,45449.642895226796,141,2
96750,53,2,30933.96924278496,139,1
96751,12,2,11074.75757778763,144,1
96752,54,2,37128.66611813778,141,2
96753,78,1,7016.440999327943,137,1
96754,79,2,14483.06402758991,137,1
96755,80,2,0.0,136,2
96756,23,2,90713.27673413343,143,2
96757,12,2,0.0,143,1
96758,47,1,27804.25326360921,146,2
96759,19,2,28241.353144526005,146,2
96760,48,1,20927.774922644163,142,1
96761,7,2,17129.39785068532,143,2
96762,8,1,26631.929823735958,142,2
96763,14,1,58263.800667321906,144,2
96764,27,1,13033.172630319974,142,2
96765,12,2,16512.796087706385,146,2
96766,52,2,15215.365720602491,147,1
96767,1,1,0.0,137,1
96768,56,2,33599.62196088144,136,1
96769,1,2,0.0,141,2
96770,78,2,68312.17388116743,142,1
96771,67,2,27182.871131802727,137,2
96772,2,2,0.0,136,1
96773,5,2,29662.446621911924,142,1
96774,28,2,15261.336104780201,137,1
96775,80,2,51942.38528452599,134,1
96776,19,1,22618.599150983526,135,1
96777,60,1,120263.86391075108,140,1
96778,17,2,22216.49548939236,141,2
96779,0,1,15618.612571249205,144,2
96780,80,1,37249.18328006445,141,2
96781,7,1,23871.55064475065,142,1
96782,10,1,10256.39971211218,134,2
96783,58,2,32982.32081241399,138,2
96784,74,1,11694.154980981488,142,2
96785,80,2,25804.94954790755,137,1
96786,28,1,0.0,147,1
96787,79,2,71739.98938989421,141,2
96788,29,2,26358.351501209072,140,2
96789,80,2,13597.422243702476,139,1
96790,34,1,78459.91092807919,137,2
96791,1,2,15835.834204300345,142,1
96792,61,2,10123.547817404868,138,1
96793,54,1,31441.46839685434,147,2
96794,8,1,24596.698729676296,146,1
96795,22,1,240329.8163101147,143,2
96796,78,1,0.0,138,1
96797,8,2,16952.054490989554,135,1
96798,70,1,8951.970711680357,145,2
96799,75,1,41086.18705983399,140,1
96800,53,1,21959.55949315607,144,2
96801,5,1,12666.820950105088,141,1
96802,5,2,19184.967486018144,141,1
96803,4,1,11312.802658615601,139,1
96804,67,1,7973.285699714381,141,1
96805,64,2,7549.242208815665,144,2
96806,14,1,14085.728904352898,145,1
96807,0,1,15818.282273854009,142,2
96808,5,1,35964.62419399795,145,1
96809,80,1,12139.972086616093,139,1
96810,39,2,18728.258300049045,143,2
96811,35,2,35538.7689490603,143,1
96812,72,1,13890.468778956138,136,1
96813,30,1,14829.330276586707,144,2
96814,0,2,5871.817287532004,148,1
96815,77,1,71240.25579587593,140,2
96816,60,2,8351.462339765705,147,1
96817,13,2,28777.98132713866,136,2
96818,49,1,14390.364683278114,145,2
96819,6,2,17129.39785068532,143,2
96820,47,1,18580.581104127315,142,1
96821,21,1,20725.741281315866,138,1
96822,19,1,31777.92217413405,141,2
96823,18,1,93220.95830497309,141,1
96824,3,1,12242.227971691314,136,1
96825,29,1,0.0,136,2
96826,29,1,41312.771966293345,143,1
96827,73,1,85142.22194285132,136,1
96828,11,1,13691.493855659677,146,1
96829,38,2,10634.210356521111,143,2
96830,63,1,18617.544673695058,139,1
96831,4,2,22482.72701589319,146,1
96832,0,1,4966.422600144926,142,2
96833,34,2,15604.892028275459,147,1
96834,77,1,16813.119740875714,136,2
96835,68,2,143823.25729864414,134,1
96836,59,2,22527.34273448437,144,1
96837,8,1,70007.41852638483,140,2
96838,32,2,9229.941200461037,136,1
96839,22,2,63000.557854393504,141,2
96840,67,1,14460.973315782147,148,1
96841,74,1,11032.198105073227,139,1
96842,75,2,36155.39401578188,139,1
96843,16,1,28521.496928577235,137,2
96844,55,1,8226.1346017549,144,1
96845,0,2,6382.77660997193,146,1
96846,5,2,11196.681504087675,148,1
96847,44,2,48857.045433598396,143,1
96848,56,2,20517.454236803154,138,1
96849,11,2,23717.586591605013,137,1
96850,17,1,16779.0728383923,139,2
96851,61,2,11716.351609445017,148,1
96852,35,1,36573.214777377616,138,1
96853,0,2,9717.686380826879,139,2
96854,38,2,102113.28734928711,142,1
96855,80,2,15942.046320702897,148,2
96856,5,1,8604.187682162406,147,1
96857,1,2,18864.600403839017,139,1
96858,11,1,19905.729986893737,137,1
96859,17,1,18944.382814391567,141,2
96860,22,2,134410.40096574582,143,1
96861,11,1,66797.41015884167,135,1
96862,51,2,144910.51502042348,145,1
96863,56,1,121356.12334759184,142,1
96864,6,2,26240.594871547295,139,2
96865,28,2,41568.50461889616,147,2
96866,80,1,13589.688040698305,136,2
96867,5,2,22214.6256060491,134,1
96868,42,2,192920.68404484028,146,1
96869,49,1,10615.735405307061,147,1
96870,61,2,0.0,143,1
96871,72,1,9858.01747143458,146,1
96872,2,1,18874.524109691796,138,2
96873,80,2,12914.220262542316,145,2
96874,55,2,44997.64260262978,140,2
96875,56,2,22174.140785792737,136,1
96876,60,2,12559.833463085566,145,1
96877,60,1,15148.080498628315,147,2
96878,80,1,22855.759842080013,141,2
96879,25,2,105280.52213512697,146,1
96880,0,2,4242.889139931019,148,2
96881,16,2,11313.729757616333,145,1
96882,44,2,12183.947548880988,146,2
96883,66,2,0.0,148,2
96884,55,2,14605.672296820298,138,2
96885,24,1,30408.23990983527,136,2
96886,1,2,20050.457954476675,143,1
96887,57,2,46011.3783166331,139,2
96888,4,2,17113.580709517144,146,2
96889,5,2,12129.140895044668,141,1
96890,20,1,27338.1908565141,146,1
96891,41,1,14548.559777964665,147,2
96892,65,2,80864.13500121825,139,2
96893,42,1,58734.18413441794,144,2
96894,48,1,109182.19119900315,135,1
96895,60,2,14395.26049052365,140,2
96896,80,2,11623.651816679041,148,2
96897,15,1,45510.71267548952,143,2
96898,56,1,60240.9782191194,138,2
96899,21,1,23092.448699414203,140,1
96900,24,1,22108.903220510874,147,2
96901,33,2,17898.812845130764,140,2
96902,75,1,11695.865178878845,135,1
96903,51,1,6242.617953710472,138,1
96904,8,2,44407.474838265465,137,2
96905,3,2,33274.0374730935,142,2
96906,74,1,54765.71576134309,140,1
96907,35,2,102514.8796141887,143,1
96908,73,2,43363.58822547237,139,2
96909,38,1,0.0,143,1
96910,10,2,8047.493943245197,147,1
96911,4,2,3897.0047763602206,140,2
96912,50,1,15127.014633913444,144,2
96913,25,2,24758.41679642752,138,2
96914,4,2,23356.274620491404,143,2
96915,49,1,284989.4458517071,137,1
96916,69,2,20733.52875235136,142,1
96917,3,1,40086.949656287215,138,1
96918,7,1,41221.708010557326,142,1
96919,12,2,9599.364163313967,138,1
96920,0,2,14531.820627557776,138,1
96921,57,1,46363.59503148774,145,1
96922,57,1,78719.4583498247,141,2
96923,9,2,47608.534516412095,142,2
96924,16,2,22481.9284061946,143,2
96925,27,1,26755.35680252387,148,2
96926,59,1,117014.50762675604,141,1
96927,70,1,82185.73800614692,137,2
96928,71,1,10146.701347960548,139,1
96929,7,2,95141.3509610703,139,1
96930,70,1,122013.96842477523,146,1
96931,10,2,13026.491152486582,145,2
96932,1,1,11484.225097789602,140,1
96933,59,1,28406.923184844916,140,1
96934,55,2,11925.310998747984,147,1
96935,41,1,33961.438139293095,137,2
96936,7,2,18015.206504867234,141,2
96937,13,1,10456.585653122267,138,2
96938,65,2,23557.636857748123,140,1
96939,32,2,49790.657395718954,139,2
96940,59,2,202666.60738546695,140,1
96941,39,2,61192.66195282568,143,1
96942,15,1,17107.644448399107,139,1
96943,9,1,11673.88983727055,136,1
96944,70,2,27250.53414220501,142,1
96945,18,1,37923.172108546176,142,2
96946,77,1,13496.203379994151,141,2
96947,11,2,0.0,146,1
96948,33,1,29919.225791541274,140,2
96949,0,2,14174.276744609142,143,1
96950,6,2,3225.4708659887146,148,2
96951,36,2,103875.25737014049,141,2
96952,63,2,164492.6019936504,134,2
96953,60,2,42929.67448881909,138,1
96954,55,1,13931.730946724518,136,2
96955,64,1,11361.38386447198,135,2
96956,70,1,7443.936817769957,139,2
96957,9,1,20481.42664065395,147,1
96958,24,2,27486.352351180594,137,1
96959,33,1,36291.288390649985,145,2
96960,47,2,19130.8758337803,140,1
96961,15,1,14387.21531305779,145,2
96962,71,2,16550.962852325774,136,1
96963,6,2,4763.700574195796,140,2
96964,65,2,12180.431706893942,136,2
96965,52,1,60916.432490786756,137,2
96966,25,2,48550.48072356104,140,1
96967,21,2,16231.965436319804,138,1
96968,13,1,27732.94976737986,142,2
96969,38,1,24081.1911520528,136,2
96970,49,2,10465.199213256505,140,2
96971,16,1,40731.8274541397,142,1
96972,62,2,6685.8844117776425,137,1
96973,77,1,0.0,140,1
96974,2,1,31725.50123850229,140,1
96975,30,2,20422.36457063781,147,2
96976,63,1,84406.39616195922,140,1
96977,7,2,10279.87070733092,140,2
96978,60,1,6006.803506378333,140,2
96979,34,2,30930.752055715984,140,1
96980,15,1,25536.34346891266,141,2
96981,13,1,27141.293606125433,140,2
96982,78,1,0.0,134,1
96983,80,1,24386.181511223265,142,2
96984,38,2,14025.027595390082,147,1
96985,80,2,17703.254612912842,146,1
96986,0,1,9654.253289379729,139,2
96987,51,2,0.0,143,1
96988,3,1,17893.05021096936,137,1
96989,64,2,15690.559213208217,144,1
96990,30,1,45323.10340120555,141,2
96991,4,2,6155.490811539448,137,1
96992,28,1,62998.70059923141,143,1
96993,52,1,126956.8798738883,142,1
96994,61,1,10308.930470854046,145,1
96995,6,2,12502.41376085017,138,1
96996,38,2,46459.73654303183,134,2
96997,9,1,14460.865201884015,141,2
96998,68,2,6513.869921850719,137,2
96999,2,2,14881.671382923409,148,1
97000,33,1,36569.296022406874,138,1
97001,11,1,14937.881469909215,147,1
97002,4,2,13766.856997507493,141,2
97003,20,1,83451.34914323871,142,1
97004,16,2,14837.241908630765,142,2
97005,0,1,12788.712089119457,146,1
97006,5,1,52740.4079778181,143,2
97007,6,1,17267.700053210672,136,2
97008,13,1,42775.03188296692,144,2
97009,30,1,20467.079713324216,147,1
97010,36,2,0.0,136,2
97011,26,2,85280.52096207552,147,2
97012,14,2,13888.224835848843,147,1
97013,50,1,26719.36637154455,148,1
97014,4,2,14906.494181110607,138,1
97015,72,2,10900.82568513725,146,1
97016,4,2,25686.142838571664,137,1
97017,66,2,55461.54322062451,140,1
97018,27,1,20694.626926481556,144,1
97019,44,1,52601.288452219844,134,1
97020,12,1,16338.582333872338,143,2
97021,27,1,52033.462269474345,139,2
97022,46,1,59370.651965814,148,1
97023,80,2,12841.758103264514,135,2
97024,55,2,124173.47167797953,142,2
97025,36,2,19144.75678292095,137,1
97026,80,2,61835.46968248137,145,1
97027,26,2,20179.897665401117,138,2
97028,17,1,18961.424121274977,142,1
97029,55,1,12839.46946874124,136,2
97030,57,2,32861.914242483814,137,2
97031,70,1,14035.229145398185,141,1
97032,50,1,20208.90136801897,135,2
97033,12,1,18506.76734631384,142,2
97034,31,2,103165.29203278126,145,2
97035,36,2,12443.384865771066,140,2
97036,28,2,47938.276778590334,144,2
97037,32,1,14330.261505673656,137,2
97038,53,2,41274.95882576612,139,1
97039,76,1,25867.77364418861,136,1
97040,58,2,27868.531427850638,144,1
97041,26,2,31371.808670131828,147,1
97042,33,2,95435.89535826295,141,2
97043,17,2,12594.064536220158,139,1
97044,30,2,15137.408055727283,139,1
97045,8,1,34281.95475060266,142,1
97046,61,1,9407.685857857452,139,1
97047,9,1,27109.54486421467,142,2
97048,34,2,22304.003599583433,144,1
97049,52,1,13595.943930200396,138,2
97050,13,1,21767.85971574173,145,1
97051,68,1,11982.806155964792,137,1
97052,7,1,58650.55640708669,143,2
97053,4,2,28437.991601421018,136,2
97054,40,1,18963.324574381993,145,2
97055,53,1,44987.106956583935,143,2
97056,72,2,16490.274716023432,135,2
97057,26,2,20179.897665401117,138,2
97058,80,2,76616.59996122698,145,2
97059,44,1,31096.355547324718,139,1
97060,20,1,54036.13196010797,134,1
97061,1,1,6038.222498243283,145,2
97062,4,1,13457.169672676013,145,2
97063,51,1,29032.334779656274,136,2
97064,24,1,62757.685836161974,136,2
97065,42,1,21518.14765830328,147,1
97066,0,1,8513.331807384184,135,2
97067,59,1,11726.218558257868,148,1
97068,2,2,10019.254130520369,144,1
97069,14,2,20682.144741192806,140,1
97070,16,1,21759.078624488746,140,2
97071,31,2,25988.453889578625,136,1
97072,2,1,10066.694605942108,143,2
97073,44,1,0.0,148,2
97074,0,2,4907.895607347482,135,2
97075,18,2,15407.714758355001,145,1
97076,19,1,9152.918656487824,142,1
97077,52,2,20726.161853633195,146,1
97078,28,2,32046.95781866735,136,1
97079,5,2,76464.30740148712,135,2
97080,80,2,33267.32729707548,144,1
97081,41,2,0.0,140,1
97082,0,2,19325.416696271284,146,1
97083,0,1,8152.1827419479105,140,2
97084,2,1,0.0,136,1
97085,0,2,5257.556394880582,147,1
97086,0,2,7715.0556619117015,135,2
97087,7,2,10225.472312339652,147,1
97088,60,1,20743.466010431108,145,1
97089,80,2,0.0,136,1
97090,10,1,42180.21200039298,143,1
97091,9,2,13707.352132174097,139,2
97092,31,2,16756.506066794413,145,2
97093,35,2,22240.81613255421,147,1
97094,30,2,12261.967683370362,148,2
97095,44,2,108780.33022989293,143,2
97096,69,2,25624.002417793406,139,2
97097,53,1,10239.798065762578,148,2
97098,19,1,19333.557546683514,144,1
97099,77,2,72333.04163979641,146,2
97100,22,2,108737.57992989976,145,1
97101,2,2,12689.441588165288,143,1
97102,70,2,45962.985031042044,136,1
97103,31,2,56452.08437011687,143,2
97104,38,1,99750.03475987689,148,1
97105,56,1,208401.41660052465,141,2
97106,20,2,64118.82215085121,142,1
97107,49,1,141844.63415279845,138,1
97108,51,1,8443.22311145936,143,1
97109,74,2,64130.43753208404,147,1
97110,10,1,6015.216151462427,140,1
97111,43,1,23854.663586904866,138,2
97112,16,1,94353.19891942317,142,2
97113,2,2,25640.21000593102,138,1
97114,17,2,31367.84595884811,143,1
97115,65,1,15506.810324647167,148,2
97116,23,2,41958.30096607187,140,1
97117,63,2,11899.801840683152,135,2
97118,72,1,110616.39947786185,146,1
97119,3,2,14906.494181110607,138,1
97120,80,2,64075.20016354462,134,2
97121,44,2,39741.33153826867,137,1
97122,29,2,26446.08316863767,135,2
97123,45,2,15198.392816014833,138,1
97124,62,2,65265.508404474574,138,2
97125,57,1,20216.66753842303,138,1
97126,3,1,72384.33527507479,141,1
97127,19,1,9759.835281389489,136,2
97128,29,2,28695.392806127213,137,1
97129,40,2,10414.615534037011,141,1
97130,19,1,10105.69501135331,138,2
97131,53,2,41984.576581394576,137,1
97132,0,2,0.0,138,2
97133,65,2,30927.89789044493,141,1
97134,0,2,11734.71387159085,138,2
97135,14,1,42963.93160276908,146,1
97136,0,1,8835.977558671519,135,1
97137,39,2,21473.884965314268,147,1
97138,47,2,30759.27744669362,140,2
97139,29,1,19227.95765271657,135,2
97140,43,2,29733.680081545404,135,1
97141,11,1,0.0,135,2
97142,44,2,13626.209945852348,136,2
97143,61,1,6924.1614035158445,140,1
97144,18,1,18571.30912838176,142,2
97145,46,2,111710.03795835364,140,1
97146,19,2,14390.995625890835,148,1
97147,37,2,45289.96884845138,144,2
97148,4,2,14633.31640190352,145,1
97149,66,2,18508.72157183782,134,1
97150,58,1,14644.915602044777,147,1
97151,6,2,8035.929823604167,138,2
97152,45,2,108815.63593463841,143,2
97153,30,1,51705.53091715985,143,2
97154,3,1,12213.131365694278,141,1
97155,52,1,22488.211661932226,147,2
97156,45,2,19137.66366333898,138,2
97157,23,1,41326.11128486359,144,2
97158,1,1,9305.973905784167,148,2
97159,6,2,8290.396413983799,144,1
97160,16,2,75729.37396155577,143,2
97161,60,1,32201.68854588661,143,1
97162,56,2,0.0,146,2
97163,55,1,15815.028733702382,137,2
97164,62,1,29018.716418921595,143,2
97165,66,2,14716.933740917762,148,2
97166,40,2,54177.79550590918,148,1
97167,13,2,76402.59122422322,134,2
97168,54,1,24833.273348159248,142,1
97169,67,2,18032.568566628146,139,1
97170,10,1,20936.77079729519,134,1
97171,74,2,17583.726748091594,148,1
97172,6,2,14162.924786749338,144,1
97173,18,2,55901.08772312742,145,1
97174,26,2,38464.678796518856,138,2
97175,7,1,84914.6894061572,136,2
97176,58,2,27604.01524785491,141,2
97177,41,1,87453.99423997046,147,2
97178,55,2,36604.399624904974,136,2
97179,13,2,13337.962267880835,138,2
97180,80,2,49813.67771192897,137,2
97181,65,1,7514.209472176868,137,1
97182,19,1,6937.805360933469,146,1
97183,27,2,67972.32849680194,134,2
97184,19,2,44394.37552710064,135,1
97185,9,2,49657.57262337194,144,2
97186,46,1,20742.06882933226,136,1
97187,14,1,13158.858295940205,136,2
97188,80,2,14986.61178651485,144,2
97189,71,1,12804.277455732163,147,2
97190,0,2,11155.303258993968,145,1
97191,44,2,22424.582236911552,147,1
97192,67,2,13022.862704122439,139,2
97193,28,1,47570.83324438916,144,2
97194,69,1,8588.976499845048,148,1
97195,0,1,7549.711532371012,140,2
97196,1,2,5987.459644232883,148,2
97197,61,2,20110.10185723837,143,1
97198,73,2,25217.950734512586,139,2
97199,15,1,5781.444795987762,140,2
97200,56,1,14968.154366150073,145,1
97201,60,1,16873.402708062527,144,2
97202,6,1,19340.037773802233,139,2
97203,0,1,18604.109674622647,140,1
97204,80,2,32910.76816641008,135,1
97205,1,2,7062.204401726737,144,1
97206,69,1,122549.6700507808,145,1
97207,2,2,27924.234500396167,146,2
97208,30,1,20482.849944180078,144,1
97209,71,2,186909.1457753309,146,1
97210,47,1,56888.45070944908,135,1
97211,54,2,19163.330995588723,136,2
97212,13,1,111486.53389578516,134,1
97213,7,2,44489.02263124,144,2
97214,0,1,9985.038020952801,146,1
97215,71,2,10082.355468642534,141,2
97216,69,2,12048.856006402082,141,2
97217,29,2,26477.63965553813,138,1
97218,15,1,30429.235478569,140,1
97219,10,1,38292.48417301815,148,1
97220,11,1,10179.500995392045,145,1
97221,78,1,14906.889241104238,147,1
97222,53,2,20521.605938182354,147,1
97223,26,1,45454.061147839006,141,1
97224,72,2,59654.726056925574,139,2
97225,80,2,37354.513177168184,135,2
97226,1,2,10548.60024511753,136,1
97227,4,2,25960.353699431264,144,2
97228,49,1,22439.49664705384,146,2
97229,80,2,24032.8503921122,135,1
97230,10,1,25024.86072701377,136,2
97231,27,2,22620.919382276494,136,1
97232,16,1,30417.54419473052,140,1
97233,69,1,8878.059295218914,136,1
97234,32,2,43868.0015887275,139,1
97235,35,2,71462.26903724326,143,2
97236,45,1,25820.537060102663,139,1
97237,80,2,19253.46967880812,140,1
97238,8,2,25019.776710202943,146,2
97239,13,2,13553.655574645947,145,1
97240,17,2,19716.461276091046,140,2
97241,16,1,150836.15049701996,137,1
97242,75,1,10563.91922488265,139,2
97243,9,2,11293.570305996353,136,1
97244,13,2,20421.723959583593,139,2
97245,39,1,33177.62175731194,139,2
97246,6,2,13430.00113633939,144,2
97247,45,1,37236.944048905614,146,1
97248,68,2,5287.969499471055,141,2
97249,20,2,41675.37810964634,139,1
97250,32,1,18584.747760387196,147,2
97251,41,1,12206.215711788003,148,2
97252,69,2,77436.11828430691,134,2
97253,57,2,25194.447074430136,147,2
97254,1,1,12779.320182577365,136,2
97255,29,1,20633.947722587003,147,2
97256,57,1,25910.610599994896,143,2
97257,26,2,48256.97061490947,135,2
97258,13,2,13355.945086354055,140,2
97259,57,1,26035.651401107494,144,2
97260,45,2,15789.039667580702,148,1
97261,19,1,61809.69660187882,146,1
97262,16,2,16229.328382790116,136,2
97263,41,2,16590.894116812542,148,1
97264,67,2,13323.328280865931,135,1
97265,8,1,24364.14117254823,144,2
97266,43,1,42133.7555135099,140,2
97267,6,1,17140.73167046648,136,2
97268,80,1,34009.330185314895,145,1
97269,10,2,0.0,134,1
97270,36,2,33096.67758174371,143,2
97271,7,2,12093.085817759904,139,1
97272,80,2,18055.2854203829,148,2
97273,12,1,0.0,138,2
97274,80,1,17350.243682290537,136,1
97275,39,2,53385.962948129905,143,2
97276,0,2,6566.346997223827,136,2
97277,47,1,20248.900786384835,137,2
97278,27,2,34250.507044201026,142,2
97279,17,2,29157.810663886856,143,2
97280,48,1,16358.516968333599,148,2
97281,11,2,19989.926581138458,145,1
97282,65,2,11265.869295561353,144,2
97283,52,1,0.0,135,2
97284,52,2,196978.68437195395,135,1
97285,19,1,19333.557546683514,144,1
97286,2,1,61617.4448039347,144,1
97287,17,2,22351.101841288437,137,2
97288,3,2,27203.551471648894,146,1
97289,48,2,131802.2952969847,140,1
97290,11,1,11685.023567190321,134,2
97291,11,2,49657.57262337194,144,2
97292,15,1,12449.862672970525,147,1
97293,27,2,49882.9706496902,147,2
97294,0,1,8899.78013108855,140,1
97295,2,2,20701.086454719272,144,2
97296,2,1,27749.011838360104,135,1
97297,62,2,7549.242208815665,144,2
97298,14,2,23183.427115624614,141,2
97299,59,1,204386.21880628922,140,2
97300,0,1,5529.763450102142,140,2
97301,64,1,15245.143948707084,136,1
97302,12,1,29312.477462359016,143,2
97303,8,2,8581.119993428143,134,2
97304,26,2,64795.88678220435,143,2
97305,64,1,111795.52678773142,135,1
97306,20,2,33003.93459433611,148,1
97307,63,1,16512.743372193097,143,1
97308,51,2,67521.33654762783,147,2
97309,2,2,38994.458801746536,137,1
97310,2,2,6859.121886348546,134,2
97311,1,1,11362.402049743721,136,1
97312,5,2,20182.98883086473,139,1
97313,18,2,171537.67196216388,139,1
97314,29,2,14797.076575264684,135,2
97315,13,1,73213.5060717298,144,2
97316,27,1,33918.30379267371,138,1
97317,0,2,8153.306379628472,141,2
97318,0,2,8186.412554123053,141,2
97319,32,1,39662.7076949086,142,1
97320,65,1,10835.092611520471,139,1
97321,37,1,24608.74480068538,138,2
97322,32,2,26162.47770864591,141,1
97323,67,2,17030.50188240545,141,2
97324,19,2,14282.942329194108,140,1
97325,27,2,73457.00299058562,134,1
97326,64,1,5189.435044094636,135,2
97327,76,1,10448.778371555785,148,1
97328,9,2,12788.080403959075,147,2
97329,17,2,112660.51271748461,134,1
97330,72,1,88937.16788540625,141,1
97331,3,2,13414.195896056854,138,2
97332,80,2,29354.221556643202,140,1
97333,48,2,20329.07026762262,134,2
97334,72,2,117212.51551397855,135,2
97335,12,2,23801.46972729261,142,2
97336,58,2,18370.448710653574,136,2
97337,71,1,7953.495696402556,144,1
97338,37,2,56736.019274426384,140,2
97339,80,1,11846.982549954251,138,1
97340,9,2,9358.065553528439,147,2
97341,9,1,42595.764944242575,142,1
97342,50,2,0.0,146,2
97343,57,2,394721.00980178197,136,1
97344,11,1,12650.075494898556,147,1
97345,18,1,5356.679223932871,141,2
97346,4,2,7835.982075508517,138,2
97347,0,1,9325.905922464432,135,2
97348,68,2,21622.44806807908,134,2
97349,31,2,15165.794854807426,144,2
97350,10,2,11999.379757086044,147,1
97351,12,2,23911.848638781743,141,2
97352,45,1,83947.51739185934,142,2
97353,80,1,20211.049477672706,143,1
97354,31,2,55412.39540755521,138,1
97355,0,2,11404.485756399274,146,2
97356,29,2,94087.0934374869,143,2
97357,62,1,10255.96446907404,147,1
97358,16,2,24793.513828077408,140,2
97359,17,2,93194.6301303979,145,1
97360,63,1,10328.341587647024,134,2
97361,54,1,13971.77057101767,135,2
97362,22,1,74273.62741542727,141,2
97363,4,1,20674.940799607943,139,2
97364,33,2,24386.309150121044,144,1
97365,49,2,54504.64495746735,143,1
97366,11,1,17630.01073751571,139,2
97367,61,2,98715.09756086701,139,2
97368,9,2,130398.05599516365,141,1
97369,54,2,0.0,139,2
97370,62,2,13632.347891480858,140,1
97371,57,2,137719.50116249197,148,2
97372,17,2,36980.13628487164,135,2
97373,41,2,37879.88716260801,142,1
97374,65,1,64559.63702399859,142,2
97375,71,1,21401.79512031525,145,2
97376,80,2,0.0,139,1
97377,15,2,68173.90401185697,134,1
97378,19,2,18523.347870768892,143,1
97379,38,1,49890.94305977221,136,2
97380,22,1,30385.272355888774,136,1
97381,69,1,11076.21581030102,141,1
97382,36,1,31010.208129463423,145,2
97383,54,1,142823.50910508496,141,1
97384,31,1,114702.45341775252,135,2
97385,12,2,3534.0362393758346,148,2
97386,60,1,14073.419204964732,142,2
97387,13,1,16779.0728383923,139,2
97388,66,2,16732.704563797743,147,2
97389,80,1,11723.481402855205,144,1
97390,76,1,145905.67683995515,147,2
97391,67,1,5826.345249285113,135,2
97392,19,2,27797.33513700474,146,2
97393,3,1,11019.50490898182,144,1
97394,15,1,12419.438628320031,137,1
97395,16,1,38763.1932733737,142,1
97396,47,1,19484.25538894434,138,1
97397,80,2,33631.40582050183,136,2
97398,69,1,14460.973315782147,148,1
97399,6,2,23089.822558021864,134,1
97400,19,1,43713.15080802401,146,1
97401,10,1,17222.1006851575,139,2
97402,23,2,24758.41679642752,138,2
97403,80,1,23192.085212421858,138,2
97404,9,2,16295.11267225066,142,1
97405,4,2,28657.861783840624,141,1
97406,7,2,21201.108511486414,142,1
97407,55,1,23780.503796157427,136,1
97408,67,1,24065.754727325584,142,1
97409,32,1,18297.174669098258,139,1
97410,46,2,21622.133899875276,140,2
97411,15,2,14818.542887101747,140,2
97412,73,1,88951.57989150505,141,1
97413,9,1,31491.26222175861,143,2
97414,3,1,57580.3548793524,147,2
97415,54,1,16733.443542935598,138,2
97416,9,1,17140.73167046648,136,2
97417,77,2,28489.905545827285,136,1
97418,47,2,221220.8279413378,146,1
97419,55,2,13828.803546526144,148,1
97420,51,1,87006.62733674572,134,2
97421,6,2,12757.180891899412,135,2
97422,80,1,68431.69656516002,146,2
97423,32,2,48184.98620767232,134,2
97424,38,2,33027.81089074417,140,1
97425,19,1,16133.574569658944,137,2
97426,4,1,25755.338771711013,142,2
97427,9,1,8810.454693455942,147,1
97428,77,1,10339.03718226555,139,2
97429,51,1,34429.01293872369,140,1
97430,32,1,45489.198615088564,142,1
97431,11,2,18545.938213293422,145,2
97432,19,1,16412.556157612828,136,1
97433,4,2,25233.717369239796,140,1
97434,0,2,10383.746157469861,142,2
97435,4,1,17281.3378856912,144,1
97436,45,1,10106.970283958903,146,2
97437,48,1,20541.667248303496,140,2
97438,11,1,23006.286799791502,143,2
97439,3,1,9265.046047105401,144,1
97440,7,2,70638.81440800751,143,1
97441,61,1,10761.122015671333,145,2
97442,6,2,19924.403329267032,142,1
97443,56,2,45135.07481592184,137,2
97444,58,1,18306.364623488233,148,2
97445,51,1,42867.864942998785,146,2
97446,52,1,11037.173405686442,148,2
97447,57,2,0.0,139,2
97448,15,1,20756.846836567882,144,2
97449,37,2,55076.8733757843,142,2
97450,27,2,36159.10033718687,147,1
97451,34,2,62798.69829903027,138,2
97452,47,2,16000.901428086694,141,1
97453,67,1,0.0,136,2
97454,9,1,9575.630307956239,145,1
97455,80,2,51936.03497984706,137,2
97456,38,2,28658.306630453095,147,1
97457,4,2,9864.587757204945,138,1
97458,35,2,70450.00650205095,145,1
97459,1,1,23798.48238392983,139,2
97460,61,2,16077.472272723211,145,1
97461,5,2,26293.880063665092,144,2
97462,50,1,55242.69025679087,140,2
97463,34,2,17949.058640379128,134,2
97464,55,1,25233.26108600871,146,2
97465,38,1,33800.19061172326,144,2
97466,4,2,16968.51320567664,148,1
97467,9,2,15402.203812902519,136,2
97468,46,1,114915.30943754803,146,2
97469,28,2,31144.800476993594,144,1
97470,8,2,19446.684328941923,143,1
97471,80,2,83792.94370671938,142,2
97472,57,1,13585.619039443725,144,1
97473,53,1,15569.064367411034,136,1
97474,20,1,145245.3369049577,142,2
97475,11,1,26698.427914270185,141,2
97476,0,2,6143.565806938409,136,2
97477,11,2,15195.8536663501,136,2
97478,47,2,32233.73173689365,148,2
97479,2,2,14042.316879623872,137,2
97480,0,2,10341.176113679592,144,1
97481,80,1,28306.104124022142,137,2
97482,70,2,24562.201283845112,140,1
97483,19,1,31105.17763542437,139,1
97484,56,1,18149.868941259036,144,1
97485,33,2,151788.47240760634,144,1
97486,69,2,10500.488129541158,134,2
97487,53,2,20693.876698325334,136,1
97488,80,2,63390.020956360495,141,2
97489,2,2,26522.713778035857,145,1
97490,17,1,27066.18348004489,139,2
97491,4,2,20161.451870580906,134,1
97492,45,1,25856.16948894809,141,1
97493,2,2,4213.4094220056095,135,1
97494,9,2,7923.651723562897,145,1
97495,43,2,19194.64650205699,144,1
97496,11,2,24118.76556334778,139,2
97497,24,1,34322.67380853577,140,2
97498,11,2,12853.425847024937,137,1
97499,4,2,14668.127134985047,143,2
97500,74,2,14105.34794324044,136,1
97501,54,2,44644.851168800094,134,2
97502,80,1,0.0,145,2
97503,9,1,60173.09744396835,136,2
97504,10,1,62124.317192905764,146,1
97505,73,1,11994.287502433335,140,1
97506,69,1,12132.33441077568,139,1
97507,20,2,26817.68986627753,144,2
97508,29,1,0.0,139,1
97509,47,2,17955.59276937467,142,1
97510,61,2,8695.395224666107,147,1
97511,4,1,11359.513801298526,136,1
97512,80,1,60482.0408601191,139,1
97513,54,1,31821.471189461423,147,2
97514,7,2,28902.22659722335,135,1
97515,69,2,0.0,142,1
97516,62,2,16629.969398490914,147,2
97517,16,1,48154.52148129227,142,2
97518,80,1,14868.699428775088,140,1
97519,33,1,0.0,144,2
97520,57,2,25463.217743250272,147,1
97521,53,1,53383.68476863696,136,2
97522,20,2,36243.68792231687,141,2
97523,80,1,8508.614255863695,145,1
97524,44,2,72883.26900905465,146,1
97525,11,2,18421.793614980263,145,2
97526,33,2,47635.6532100871,138,1
97527,63,1,8666.899960069757,139,1
97528,12,2,0.0,142,1
97529,5,2,21672.74562370032,137,1
97530,11,2,19557.554839344575,135,1
97531,23,2,74519.759366986,139,1
97532,28,1,37651.19161334888,138,1
97533,30,1,17451.354683155194,134,2
97534,0,1,9669.645318185243,143,1
97535,63,2,27089.285135234586,136,1
97536,80,1,11556.333944492264,140,1
97537,39,2,47144.5966559597,139,1
97538,54,2,21999.854608554408,146,1
97539,41,1,69809.66930550916,146,1
97540,2,2,16895.34177997959,140,1
97541,38,1,42070.357296006725,145,2
97542,7,2,10319.636708245342,141,2
97543,0,1,18887.642385323696,145,1
97544,19,1,27400.977209547564,144,2
97545,12,2,19229.269338699785,135,1
97546,5,1,42020.874951908445,142,1
97547,11,2,22624.797702779666,144,2
97548,50,2,10175.65256371489,140,1
97549,13,2,19295.836375690666,141,1
97550,47,2,312634.3199699501,138,1
97551,13,2,15289.832058805438,138,1
97552,12,2,0.0,138,2
97553,0,2,6786.448822233081,147,1
97554,49,1,26389.580120469727,140,1
97555,48,2,64634.3111867281,135,2
97556,1,1,17303.983742276763,141,1
97557,64,2,8325.814411791222,148,2
97558,56,2,39096.460012654745,142,1
97559,0,1,6782.915975532032,143,2
97560,55,1,54358.85877789829,135,2
97561,46,1,23129.232644424075,143,1
97562,8,1,38263.21076542106,146,1
97563,61,2,6213.4687904269695,138,2
97564,15,1,97027.16179013369,142,2
97565,0,1,17368.78511520891,134,1
97566,0,1,3128.1717893648524,148,2
97567,1,2,26136.017687361,142,1
97568,41,1,54942.739266532815,145,2
97569,42,1,19637.48232251129,140,2
97570,50,2,14605.672296820298,138,2
97571,54,1,25205.802938934914,139,1
97572,50,1,89966.57554467098,135,1
97573,62,2,8399.344094834523,142,1
97574,44,2,19315.799308033733,145,2
97575,24,2,10900.376879456258,139,2
97576,32,1,114420.51448192324,142,2
97577,56,2,26294.394085409163,142,1
97578,41,1,30934.57248709164,148,1
97579,2,2,11614.883947778271,137,1
97580,26,1,42141.9158260702,144,1
97581,23,1,0.0,136,1
97582,63,1,7334.039669256147,144,2
97583,9,2,17115.944891868432,135,2
97584,15,2,14046.515777360342,145,1
97585,21,1,306729.7102559915,134,2
97586,8,2,43042.11814108906,137,2
97587,8,2,32140.158600043476,137,1
97588,56,1,8966.918140602365,148,1
97589,19,2,29504.3555129763,146,1
97590,69,1,0.0,147,1
97591,29,1,149277.8841141506,142,2
97592,63,1,9284.990655134281,135,2
97593,60,2,12568.9266372248,142,2
97594,56,2,17018.739001534206,134,2
97595,36,1,25693.34305919966,139,1
97596,13,2,0.0,141,1
97597,77,2,10037.10129184816,147,1
97598,40,2,23603.161586543185,140,2
97599,1,1,4786.825733863824,134,2
97600,23,2,19877.810695530152,138,1
97601,22,2,20333.279453285122,148,1
97602,40,2,18831.046636860025,147,1
97603,39,1,0.0,144,2
97604,2,1,7249.505269680533,139,2
97605,67,2,24069.991275341676,146,1
97606,80,2,7710.914269313588,147,1
97607,16,1,34632.80684032208,144,1
97608,79,1,17245.33160083535,134,2
97609,66,1,10378.834123438686,137,1
97610,28,1,46714.42326791902,144,1
97611,68,1,8607.920303756411,145,2
97612,0,1,9023.004275772264,139,1
97613,7,2,18596.668577509517,146,2
97614,3,2,17437.00597647494,143,2
97615,46,1,0.0,146,2
97616,2,2,11518.116875457408,135,1
97617,30,1,22164.606172410924,147,1
97618,64,1,32591.090033384073,148,1
97619,65,1,76614.60635562705,142,1
97620,41,2,25615.069941081147,137,2
97621,19,2,12410.184844374053,145,1
97622,8,1,17095.277876334516,148,1
97623,71,2,11360.817879637078,148,2
97624,32,2,28516.409280622327,136,1
97625,13,1,49558.53569507029,139,2
97626,73,2,23067.9828752118,142,1
97627,34,2,139325.88356395465,134,1
97628,0,1,14332.532114105357,146,2
97629,33,2,84402.61469210105,140,1
97630,78,2,42232.51860143397,139,2
97631,18,2,15861.14087710689,147,1
97632,11,1,8224.217020686669,134,2
97633,23,1,0.0,137,2
97634,0,1,7129.879195578088,141,2
97635,56,2,57401.42209093739,134,2
97636,0,2,13401.194087808313,139,2
97637,1,2,12549.3688099447,144,1
97638,51,1,43245.38804837841,144,2
97639,60,1,8825.290033284084,143,2
97640,41,1,62114.80274886314,146,1
97641,49,2,182239.80559538465,145,1
97642,74,1,9214.283129748696,140,1
97643,40,2,52771.68316591576,145,1
97644,24,1,51747.65648054023,146,2
97645,1,1,40532.91276080042,135,1
97646,9,2,12579.27386708206,136,2
97647,14,2,12350.35247302775,136,1
97648,32,2,143260.60033680132,141,1
97649,70,2,0.0,143,1
97650,69,2,17463.777810540283,147,2
97651,15,2,34746.701957337464,140,1
97652,17,1,24647.43999493734,145,1
97653,2,2,14152.553658567971,146,2
97654,2,2,5936.318752508408,135,2
97655,0,1,6564.709048072855,139,2
97656,60,1,7947.266266683975,141,2
97657,60,2,33002.15281381414,136,2
97658,5,2,40357.22763267169,142,2
97659,46,1,76373.97666786065,145,2
97660,5,2,24667.87406810749,145,1
97661,38,2,33362.74537272911,136,1
97662,73,1,21744.944663687413,143,2
97663,2,1,27415.36332956278,136,2
97664,10,1,0.0,145,2
97665,2,2,9657.148436892548,140,1
97666,69,1,9627.455683523522,139,1
97667,62,2,11028.935113552725,145,1
97668,77,1,11695.865178878845,137,2
97669,15,2,15751.550100839213,139,2
97670,27,2,35826.33228250425,134,1
97671,20,2,60016.15343896096,134,2
97672,45,2,21622.133899875276,140,2
97673,0,1,29019.43283167489,144,1
97674,9,2,21376.039040599284,135,1
97675,41,2,49395.915892209174,143,1
97676,63,1,12271.359639861503,138,1
97677,7,1,18159.420768611926,138,1
97678,11,1,13276.753026443577,136,1
97679,4,2,7899.266997515189,135,2
97680,0,1,8679.641324292352,134,2
97681,5,1,23686.12744545885,148,2
97682,53,1,0.0,139,2
97683,49,2,23178.39619381846,141,2
97684,47,2,15079.144499487555,135,2
97685,23,1,57093.5580778547,145,2
97686,8,2,11897.1476853212,141,2
97687,23,1,0.0,136,1
97688,56,2,12622.66753159364,144,1
97689,60,1,30907.469637388633,142,1
97690,2,2,26949.08008001922,147,2
97691,29,2,25225.45265866576,145,1
97692,31,1,54873.42362285321,141,2
97693,80,1,12847.52107123063,146,2
97694,19,2,48745.92177223757,134,1
97695,52,2,15956.425111603363,136,1
97696,15,1,7590.094654092633,146,1
97697,67,1,7210.369394647812,145,2
97698,47,2,25182.399715524232,138,2
97699,55,2,44188.35569176515,135,2
97700,5,2,18859.779854683264,142,1
97701,42,1,308134.4053215055,137,2
97702,21,2,27163.118454730444,147,2
97703,35,1,53585.31895167525,134,1
97704,54,2,26221.4551486132,145,1
97705,33,2,30584.29409407341,138,1
97706,50,1,36270.40705239638,138,2
97707,6,2,17621.453111619223,138,1
97708,76,1,9244.176686225499,135,2
97709,22,2,165607.37584200606,142,2
97710,5,2,21309.49420534086,143,1
97711,80,2,54757.29845381024,139,1
97712,69,2,12110.931311304548,145,2
97713,80,2,23428.14337630321,142,2
97714,47,1,20099.201469848515,141,2
97715,11,1,38731.485277424035,137,2
97716,29,2,116445.2037124487,143,1
97717,12,1,20049.85448897073,139,2
97718,1,2,0.0,134,1
97719,80,1,36930.3541593652,146,2
97720,15,1,19300.190906745644,145,1
97721,1,2,14213.282476196811,141,1
97722,24,2,44378.37256425248,141,1
97723,19,2,25920.54749957768,148,1
97724,80,1,7360.410318795478,139,2
97725,1,2,22451.736569583863,135,1
97726,39,2,36035.706311657246,135,1
97727,53,1,24643.825315920407,136,1
97728,79,1,8607.166167861755,141,2
97729,16,2,34380.32624956548,135,1
97730,19,2,29106.298785488532,139,1
97731,1,2,12732.590324863475,142,2
97732,10,2,9868.690341663221,142,2
97733,0,2,5352.071967168234,136,2
97734,1,1,23174.532855054662,142,1
97735,30,1,67398.47330736303,143,2
97736,9,1,13540.129542341565,139,1
97737,57,1,141308.6337757692,140,2
97738,1,2,8117.318435194378,148,2
97739,36,2,22544.39843751204,147,2
97740,52,2,10161.616733581144,135,2
97741,36,2,67499.8960188999,143,1
97742,12,2,17063.006960273124,141,1
97743,46,2,0.0,136,1
97744,55,1,17955.740823110806,138,2
97745,66,1,139754.70172924965,136,2
97746,71,1,60686.05092303916,139,2
97747,47,1,17595.055710120923,141,1
97748,50,2,17018.739001534206,134,2
97749,0,1,9519.952144321363,146,2
97750,67,1,8096.814054532138,147,1
97751,54,2,20246.69281541583,144,2
97752,77,1,122013.96842477523,146,1
97753,62,1,165542.4426250246,141,2
97754,12,1,32432.85369261212,142,1
97755,13,2,120075.87673144262,137,2
97756,23,2,35336.48697108895,146,1
97757,0,1,5551.521901766958,148,1
97758,54,2,19331.278719943053,139,1
97759,10,2,9515.056269422816,147,2
97760,55,2,58566.06201630404,146,2
97761,56,2,29492.92050815828,145,1
97762,50,2,105240.38389271533,143,2
97763,21,2,51861.142064027816,141,2
97764,45,1,16460.981709247193,144,1
97765,53,2,6796.32490253529,137,1
97766,65,1,5168.129019122317,147,1
97767,9,2,0.0,142,2
97768,56,2,34908.67302510671,144,2
97769,80,1,16020.032134803467,148,1
97770,61,2,186963.2915831611,146,2
97771,31,2,118184.75640004576,144,1
97772,16,1,32041.52107648337,139,1
97773,26,2,41679.59462975782,144,2
97774,33,1,34792.419606391966,136,2
97775,67,1,46543.17663877856,134,1
97776,58,2,13772.628441092016,134,2
97777,60,1,5168.129019122317,147,1
97778,14,2,16174.913496660689,147,2
97779,46,2,21890.181704700837,144,1
97780,0,2,6434.311272117623,134,1
97781,6,2,13783.29903088968,137,1
97782,39,2,15637.235677623798,145,1
97783,46,2,15414.031754290048,146,2
97784,31,1,33787.54087331495,139,2
97785,16,2,78327.90226254925,140,2
97786,13,1,10456.585653122267,138,2
97787,52,1,20562.2760763707,145,1
97788,73,1,24626.643090553298,136,1
97789,0,2,28088.396987200802,145,2
97790,60,1,14352.162297001554,136,2
97791,11,1,16495.07399244727,140,1
97792,14,1,23140.79132875038,147,2
97793,19,1,17031.62842154306,135,2
97794,45,2,6150.671451908885,144,1
97795,33,2,30217.477566984388,146,1
97796,13,2,23569.67257993183,147,1
97797,15,2,20918.316494780178,136,2
97798,17,1,14983.002170134427,137,2
97799,18,1,32239.311072702396,146,1
97800,17,1,6749.212934377883,136,2
97801,80,1,34730.59204275586,144,1
97802,71,1,41377.703764264064,139,2
97803,5,1,12206.948473136832,148,1
97804,4,1,11122.29099597367,138,1
97805,16,1,94517.44461622628,138,1
97806,18,2,49629.79636667722,146,1
97807,11,1,16218.283347169434,141,2
97808,1,2,26368.152390508043,134,1
97809,71,1,6353.1902969353905,144,1
97810,57,1,19677.292886495747,135,2
97811,26,2,26446.08316863767,135,2
97812,10,1,25314.364227265887,146,2
97813,60,2,44348.2958232847,141,2
97814,13,1,0.0,135,1
97815,0,1,16146.828988676321,142,2
97816,9,1,46412.18827806757,141,2
97817,64,2,15873.316395764889,148,1
97818,0,2,7644.176595760743,140,2
97819,13,2,29108.567137086862,142,1
97820,2,2,26821.78932249477,136,2
97821,7,2,21505.437335758612,137,1
97822,42,2,50010.472892784535,134,2
97823,29,1,33096.33117964989,146,1
97824,3,1,25723.879093901614,144,2
97825,18,1,39083.900321384855,135,1
97826,76,1,0.0,139,2
97827,50,1,17955.740823110806,138,2
97828,74,1,14517.871086465973,148,1
97829,24,1,27614.726765144176,147,1
97830,60,1,150979.09130105365,142,2
97831,80,1,0.0,146,2
97832,73,1,13085.79020106394,145,1
97833,3,1,57057.84072152014,143,1
97834,1,1,21201.675136438123,144,1
97835,49,2,11344.613803777185,144,1
97836,11,2,17141.543171333367,141,2
97837,0,1,13350.107095985024,138,1
97838,8,2,15914.312828682268,141,1
97839,13,2,18629.410727979903,136,2
97840,32,1,31755.90689148885,138,2
97841,44,2,196043.2904256871,146,2
97842,1,1,15322.439466698283,135,2
97843,11,1,17503.080786141683,137,1
97844,19,1,0.0,141,2
97845,47,1,30118.450710852332,140,1
97846,9,2,89763.53755877109,134,2
97847,65,2,161213.58469229276,141,1
97848,30,2,21806.718942659943,148,2
97849,5,1,45128.852547918235,137,1
97850,64,2,20648.32335281249,146,2
97851,23,1,18131.230915031076,147,1
97852,11,2,10483.986040887396,141,1
97853,20,2,17885.160937690314,144,2
97854,0,1,8258.848061248558,144,1
97855,9,1,20378.197601162392,142,1
97856,6,1,50535.56236665685,141,2
97857,0,1,10656.47963024786,135,1
97858,27,1,0.0,138,2
97859,60,1,11634.353839661302,141,2
97860,3,1,18559.01225201792,139,2
97861,47,2,23714.046756565116,142,1
97862,19,1,16653.611101568567,146,1
97863,13,1,20242.138720492778,146,1
97864,37,1,0.0,140,2
97865,10,1,16731.142652309423,146,1
97866,39,1,153632.15076704798,143,2
97867,6,2,22165.22881792385,135,1
97868,26,1,0.0,137,2
97869,80,2,39007.657605161505,141,2
97870,8,2,14162.924786749338,144,1
97871,64,2,21925.146038534083,148,1
97872,2,1,0.0,142,2
97873,18,1,0.0,142,1
97874,55,2,282045.66848710616,134,2
97875,7,2,14308.217360947645,144,2
97876,58,1,12849.99503931288,144,2
97877,29,2,32891.37355082659,139,1
97878,49,2,8940.53756917559,148,2
97879,4,2,8349.146919930918,141,2
97880,0,1,8947.22819709281,139,1
97881,13,1,45797.71417880223,146,1
97882,18,2,37520.543541017505,140,2
97883,71,2,51535.04828688545,139,2
97884,3,1,8688.027436459472,148,2
97885,0,1,11008.321101470125,135,2
97886,54,2,26550.057620761178,134,2
97887,80,2,0.0,145,2
97888,0,1,21604.727296431618,144,2
97889,10,1,51799.4271714041,138,2
97890,11,2,28301.056173647587,141,2
97891,69,1,11037.031195828406,141,1
97892,15,2,27351.222686635818,143,2
97893,63,1,0.0,142,2
97894,67,2,18661.571385893974,134,1
97895,63,1,239578.46038678856,143,1
97896,57,2,93213.70039126492,145,1
97897,58,1,24182.15770469399,134,2
97898,11,1,125775.72628213039,139,1
97899,29,1,33502.54495221037,144,2
97900,1,1,13102.528946028468,139,2
97901,45,1,21088.421528565657,144,2
97902,62,1,5994.976216918613,141,2
97903,78,2,92913.17802970432,135,2
97904,34,1,40425.49270259676,144,1
97905,64,2,11206.874035686078,146,2
97906,7,1,14431.138737393003,134,1
97907,0,1,15359.08230890092,139,1
97908,62,1,25740.165254758875,136,2
97909,45,2,18503.524887173473,135,2
97910,12,1,122868.77284014062,147,2
97911,10,2,11846.846540202181,144,1
97912,2,1,20426.569205507916,134,2
97913,37,1,0.0,136,2
97914,6,2,21103.33579369337,143,2
97915,42,2,24557.529510784854,148,1
97916,73,2,85852.15781640359,143,1
97917,0,2,19175.728118410945,135,2
97918,18,2,18078.03622125563,141,1
97919,70,2,11836.372680384533,144,1
97920,0,2,13370.067236973711,147,2
97921,6,2,33568.58474053366,146,1
97922,9,1,45027.1635372259,144,2
97923,43,2,95237.10890777652,146,2
97924,41,1,332785.8662317737,137,2
97925,14,2,112660.51271748461,134,1
97926,80,1,8524.895312813582,142,1
97927,10,2,10319.636708245342,141,2
97928,56,1,44702.665618088475,148,1
97929,76,2,53510.59692191146,146,1
97930,32,1,31445.67835872352,138,2
97931,16,2,27871.06980484063,137,2
97932,80,2,0.0,142,2
97933,14,1,11232.286735896976,136,2
97934,25,1,284008.3863367623,134,2
97935,22,1,41944.23431863901,144,2
97936,64,2,0.0,134,1
97937,61,2,16134.587508193423,134,2
97938,35,1,18829.21550621082,144,2
97939,1,2,32743.060433044855,141,1
97940,29,1,39663.95742854923,146,2
97941,28,2,45504.824684008774,140,2
97942,2,2,0.0,147,1
97943,19,2,44171.07990376806,143,2
97944,63,2,164921.14474065934,134,1
97945,28,2,7618.018038547516,135,2
97946,34,2,76090.84416855202,141,2
97947,80,2,64893.454646168924,137,1
97948,32,2,47808.94340873906,139,2
97949,30,2,95942.45142613421,144,1
97950,69,2,13571.080107617956,146,2
97951,24,2,24758.41679642752,138,2
97952,57,1,9494.206985111368,141,1
97953,7,2,10474.806289161,145,1
97954,67,2,5701.739527525454,141,2
97955,65,1,237953.75534177598,135,1
97956,80,1,34713.60065083864,142,2
97957,0,1,10929.947707748528,139,2
97958,24,2,56533.58427015811,145,2
97959,80,1,13081.10722311354,140,1
97960,27,2,20355.1515061018,138,2
97961,14,1,0.0,135,2
97962,0,1,14921.513449603246,137,1
97963,29,1,59165.98734143869,135,1
97964,74,1,11431.228102122885,145,1
97965,32,1,35006.43580352041,136,1
97966,54,2,20953.09195401362,136,2
97967,40,2,34981.57236792632,136,2
97968,1,2,0.0,135,2
97969,62,2,6388.436303058457,135,2
97970,61,2,11806.763910803778,145,2
97971,71,1,70528.6030809053,135,1
97972,30,2,33367.89474110429,136,1
97973,64,1,10885.643242074671,148,1
97974,44,2,7337.110145404884,144,1
97975,4,1,25822.94551685189,141,2
97976,62,1,7238.981601855708,144,1
97977,40,1,12855.307318155434,139,1
97978,41,2,27290.271707947875,138,1
97979,14,1,29021.292412829913,148,1
97980,78,1,9428.514478388799,144,2
97981,5,1,26301.380417768316,142,1
97982,52,2,176069.80418969065,137,2
97983,61,1,11905.685540375885,136,2
97984,9,1,5852.850272521863,141,2
97985,80,2,20563.117468244927,146,2
97986,29,2,24354.115337847386,146,2
97987,58,2,168066.6413207373,143,2
97988,14,1,10456.585653122267,138,2
97989,16,2,34113.56291621779,142,2
97990,10,2,0.0,142,1
97991,18,1,12056.350397519573,136,1
97992,6,1,24629.138522749214,136,1
97993,16,2,30388.057527621968,146,2
97994,0,1,8063.605804683151,140,2
97995,47,1,25513.194721990967,144,2
97996,75,2,11748.696721698057,144,1
97997,70,2,73397.69494215315,142,2
97998,4,2,21149.17206827534,141,2
97999,80,2,29760.02884599612,148,2
98000,7,2,25610.908296978898,145,1
98001,16,1,18248.67867096549,136,2
98002,16,1,18583.265430649084,142,2
98003,8,2,0.0,140,1
98004,17,2,13888.224835848843,147,1
98005,67,1,71302.9841618051,143,1
98006,36,1,38151.20386534181,140,2
98007,31,1,33153.68567502642,141,1
98008,80,2,37266.216810590704,142,1
98009,57,1,44358.71807854832,143,2
98010,27,2,12856.715372993784,138,1
98011,3,1,9311.263656918149,145,1
98012,13,1,7492.2603837380275,142,2
98013,4,2,17299.752543443057,147,1
98014,59,2,222099.09541599837,148,1
98015,49,1,15641.562961307967,145,1
98016,69,2,10018.90939018667,136,1
98017,0,2,12785.731840812676,139,2
98018,22,1,32362.46579130165,146,1
98019,80,1,13848.756196441303,146,1
98020,0,1,12308.203088302853,140,2
98021,9,2,11637.448949537638,141,1
98022,18,2,19866.54230366738,140,2
98023,37,2,41356.23520872394,144,2
98024,61,2,9295.841523151206,138,1
98025,15,1,12346.950108179226,148,2
98026,4,2,35042.48543358118,142,1
98027,6,1,9808.667132567036,138,1
98028,34,2,32141.706328021493,141,1
98029,66,2,11993.685451868938,140,2
98030,24,2,49594.22851133992,146,2
98031,31,1,44775.60152131583,140,2
98032,72,1,111926.90405027231,139,1
98033,42,2,19992.29327155828,134,2
98034,43,1,13044.628436617539,136,1
98035,35,2,59407.31728075899,136,2
98036,38,2,26271.931568101445,138,2
98037,6,2,49657.57262337194,144,2
98038,15,2,13483.902761667076,148,2
98039,1,1,9737.180744655729,137,1
98040,65,1,11055.983055964683,136,2
98041,55,2,46216.347538357404,143,2
98042,8,1,126719.31042812717,147,2
98043,61,1,11017.920639334274,147,2
98044,12,1,9651.159884475284,148,2
98045,40,2,28756.784849792257,138,2
98046,49,2,30005.72009071271,135,1
98047,53,1,53144.28741938579,143,2
98048,30,2,16109.844519425382,135,2
98049,67,1,12243.472930858541,138,2
98050,27,2,0.0,146,2
98051,9,1,92334.20304191283,141,1
98052,26,2,40995.30094302023,134,2
98053,57,1,0.0,138,2
98054,43,1,34415.4012911697,142,1
98055,0,2,6414.845242522194,136,2
98056,34,2,72833.3394880091,142,1
98057,21,1,38188.30702153896,146,2
98058,80,2,29594.233040357147,148,1
98059,0,2,6141.929476726591,139,2
98060,80,1,11665.509074416614,140,1
98061,19,1,12656.133256673831,145,2
98062,80,2,24368.894059129594,142,1
98063,3,2,24588.906578031358,139,1
98064,10,1,0.0,145,1
98065,29,2,49054.19489430295,146,1
98066,19,1,37990.50773553988,148,1
98067,36,1,0.0,145,2
98068,14,2,33638.06961827421,136,1
98069,2,2,19621.415953823915,136,1
98070,4,1,4752.397480840356,148,2
98071,61,2,216961.0841254594,143,2
98072,6,1,13930.782979338184,145,2
98073,23,2,25934.61388738866,135,1
98074,2,1,23882.79985875738,135,1
98075,66,2,192913.74013985004,141,1
98076,2,2,25113.122824246246,146,1
98077,31,1,127577.23761081978,141,2
98078,9,2,0.0,147,1
98079,11,1,10675.805525240468,136,1
98080,5,1,11359.513801298526,136,1
98081,56,1,16258.803837101783,140,1
98082,46,2,37858.472466356034,135,1
98083,54,2,45896.43524186984,142,2
98084,80,2,28995.012683265948,137,1
98085,59,1,29358.510781743018,148,1
98086,80,2,0.0,145,2
98087,74,2,90248.43165432966,141,2
98088,33,1,102800.05296973969,135,1
98089,7,1,9475.885706416047,138,2
98090,11,2,11836.124959821593,144,2
98091,3,2,24949.441958956366,140,2
98092,41,1,36781.13316581585,136,2
98093,7,1,8569.179577169718,138,2
98094,45,2,44047.58629701694,148,1
98095,80,2,33401.16735172922,141,2
98096,36,2,29808.030861570303,134,2
98097,29,1,185712.6553161515,143,2
98098,3,2,24050.60530044878,143,1
98099,54,1,35718.760061984096,137,1
98100,33,1,217665.4682725732,147,2
98101,48,1,17904.84388865258,137,2
98102,35,2,18414.216061207593,141,1
98103,37,1,38211.6538094582,144,2
98104,3,1,16390.024256880075,136,1
98105,1,1,16009.263493195338,140,1
98106,76,2,13590.962607016594,140,1
98107,61,1,6751.973028838992,144,2
98108,1,1,16159.430703580372,136,2
98109,77,1,16405.330582485207,144,1
98110,74,1,16596.69447226434,134,2
98111,19,2,8540.124532902353,144,1
98112,4,2,24219.526466533975,142,2
98113,25,2,90876.60064266626,135,1
98114,52,2,22882.77451913551,135,2
98115,4,2,21183.381406899196,144,2
98116,5,1,26899.770898084076,140,1
98117,8,2,10160.216857941736,147,1
98118,7,1,92036.60329400729,138,1
98119,30,2,109723.76446702686,142,2
98120,41,2,228798.1918899456,144,2
98121,73,1,9951.44696626394,140,1
98122,14,1,12244.595608663623,145,2
98123,4,1,17516.205607023905,140,2
98124,31,1,68275.0196713611,143,1
98125,76,2,83756.96233720782,144,1
98126,80,1,0.0,141,2
98127,64,2,0.0,142,1
98128,9,2,13783.29903088968,137,1
98129,14,2,21932.159858416882,137,1
98130,68,1,22528.72790035059,139,2
98131,40,2,4884.460611425601,145,2
98132,15,1,30336.65432467291,147,2
98133,80,2,34145.13892952082,142,2
98134,62,1,6924.1614035158445,135,1
98135,42,2,66114.24542184222,147,1
98136,0,2,11197.852774815015,134,1
98137,78,2,10274.78912432621,144,1
98138,40,1,23947.943850355987,138,1
98139,60,1,9597.753314663465,138,1
98140,2,2,18110.894796080862,145,2
98141,56,2,14702.287717170539,148,2
98142,65,1,15980.786823647088,144,1
98143,80,2,18493.871178647867,136,1
98144,45,2,162321.4923918447,145,2
98145,24,2,113643.61237371236,134,1
98146,16,1,15410.211071535841,143,2
98147,29,1,92243.27055126218,146,1
98148,37,2,51197.062216915365,142,1
98149,15,1,52509.93048418884,135,1
98150,14,1,23517.675397716695,135,1
98151,6,2,4763.700574195796,140,2
98152,62,1,19351.570012543085,144,1
98153,55,1,6792.722340978443,135,2
98154,7,1,20212.33734332471,148,2
98155,1,1,10065.256068202178,145,1
98156,46,2,17503.194672535767,141,2
98157,6,2,82580.48337047527,136,1
98158,69,1,13198.661267867417,139,1
98159,0,1,15863.52311799615,135,1
98160,4,2,22840.9066970954,141,2
98161,43,2,107122.80683987534,135,1
98162,70,2,21062.38943905068,138,2
98163,17,2,16646.89275790489,136,1
98164,14,2,11823.368767524986,143,2
98165,55,1,20950.83666460668,135,1
98166,2,2,0.0,135,2
98167,5,2,16837.755600964687,144,2
98168,55,2,31406.157368654127,148,1
98169,28,2,42505.24861704193,134,1
98170,18,2,36980.13628487164,135,2
98171,0,2,20257.045710863098,143,1
98172,62,1,6943.373271258249,137,1
98173,71,2,8727.633165819603,142,2
98174,48,1,17963.74963041013,143,2
98175,69,2,13692.001233729581,139,1
98176,13,1,29075.23976209602,136,1
98177,15,2,48141.90751313142,140,1
98178,47,1,265329.6325654619,138,2
98179,0,1,7314.350935767713,147,1
98180,49,1,16229.652966218777,140,2
98181,1,1,12176.356278136169,136,2
98182,2,2,17301.106406403494,144,2
98183,6,2,27979.13455046242,142,2
98184,15,2,22097.486088236776,137,2
98185,11,2,43023.65705013466,140,1
98186,11,2,117856.89975956298,135,2
98187,32,2,53594.96613443512,145,2
98188,10,1,35955.96067169053,139,2
98189,43,1,219248.0448436924,136,1
98190,12,1,12012.242107288088,136,1
98191,2,2,14472.003256708345,135,1
98192,0,1,8114.654122726567,139,1
98193,0,2,20929.814096835453,143,2
98194,60,2,23407.11354091445,140,2
98195,28,1,36176.23033666316,146,1
98196,1,1,34768.729787079654,143,2
98197,69,1,18798.44275539253,141,1
98198,80,1,49096.80599658195,142,2
98199,19,2,34746.701957337464,140,1
98200,1,2,16270.824292680081,136,1
98201,27,1,0.0,135,2
98202,50,1,35490.13789600016,142,2
98203,35,1,248771.63264827314,143,1
98204,60,1,30713.55871568553,135,1
98205,80,2,22723.286874860663,139,2
98206,1,1,30010.424452603693,141,2
98207,46,1,120251.79251865926,139,2
98208,39,2,112605.82230152903,139,1
98209,58,1,141181.2557713349,142,1
98210,17,1,12449.862672970525,147,1
98211,74,1,22387.891127280633,134,1
98212,18,2,34380.32624956548,135,1
98213,15,1,14425.053460299685,145,1
98214,37,2,10875.240313039505,138,1
98215,51,2,30731.435857192726,142,2
98216,47,1,44179.199699320954,137,2
98217,9,2,0.0,137,2
98218,33,2,41358.05644023879,135,2
98219,6,2,11116.149144656656,145,1
98220,50,1,9117.478052037515,147,1
98221,17,1,9818.133259074852,134,2
98222,26,2,273574.8160089044,147,2
98223,52,1,18794.242986510835,144,1
98224,14,2,7569.703552820846,137,1
98225,26,1,40360.55924714981,144,1
98226,11,2,17816.35530735443,139,2
98227,61,2,7592.163214818824,140,1
98228,52,2,16941.817780335474,144,1
98229,10,2,16838.283094659015,139,2
98230,61,2,18272.1821277251,145,1
98231,16,2,29793.260750581667,134,2
98232,1,1,15510.219503851318,147,2
98233,8,1,17458.555875682778,141,1
98234,3,1,37984.42898572449,136,2
98235,10,2,18271.68282524044,134,1
98236,80,2,10737.86534671492,137,1
98237,0,1,16940.45981629152,135,1
98238,44,2,27277.381879788136,138,1
98239,0,2,8113.995008897785,146,1
98240,0,1,6412.048590869037,141,2
98241,32,1,14674.594643869686,139,1
98242,53,2,41238.259354585025,143,1
98243,35,1,12265.788259741856,135,2
98244,80,1,13104.082074014901,142,1
98245,1,2,15398.29605966822,144,1
98246,11,2,14675.329089146158,135,1
98247,6,1,19757.097428420137,144,2
98248,7,2,23873.266107935415,144,1
98249,11,1,18147.93422093697,140,2
98250,80,1,28013.125215331598,136,2
98251,47,1,100444.7380406752,143,2
98252,17,1,16759.458053077444,144,1
98253,59,2,14504.020360388824,138,1
98254,2,2,26563.7381101343,137,1
98255,19,2,8970.2989931425,145,1
98256,25,2,79198.53182969696,144,1
98257,71,1,87666.63691561474,141,1
98258,73,1,110582.13135232078,141,1
98259,52,2,29166.59916090264,146,1
98260,16,1,59126.59283714322,141,1
98261,6,1,12531.412408831216,147,1
98262,59,1,46680.34848043788,143,1
98263,8,2,24824.105528636264,134,2
98264,72,1,159824.2742518467,141,1
98265,1,1,20739.659753217653,136,2
98266,41,2,54648.62880231567,146,2
98267,49,1,30521.14598261786,142,2
98268,15,1,37890.03363988665,140,2
98269,76,1,76386.67339142703,143,1
98270,62,2,22652.193554888083,134,2
98271,50,1,13595.943930200396,138,2
98272,55,1,56328.022656808,146,2
98273,8,1,11735.05310639596,143,2
98274,52,2,281271.94059347,137,1
98275,3,1,10798.829264989014,144,1
98276,7,1,8900.90343994893,147,1
98277,18,2,112660.51271748461,134,1
98278,70,2,0.0,134,2
98279,8,2,28640.550414116413,143,1
98280,31,2,32716.646801185725,145,2
98281,5,1,7151.544451037271,144,1
98282,11,1,15754.591038810775,147,1
98283,10,2,16757.592140068446,140,1
98284,38,2,38527.910247992964,136,1
98285,24,2,36739.89036578458,135,2
98286,2,1,5895.529674732629,135,2
98287,61,2,16764.446986695828,146,2
98288,64,1,43145.763524694055,145,1
98289,71,1,13905.99403700042,134,2
98290,10,1,19089.917413658193,140,1
98291,5,1,8541.723360818347,135,2
98292,42,2,15674.722115028693,141,1
98293,52,2,26985.160820399786,139,1
98294,10,1,32624.47732259849,135,1
98295,23,2,36604.44189078877,140,2
98296,12,1,33808.390527755524,137,1
98297,10,2,26778.184378152044,141,2
98298,28,2,61125.41298563582,140,2
98299,64,1,11253.485185149379,135,2
98300,48,2,188854.2666245038,145,1
98301,68,2,28492.809926355956,143,1
98302,29,1,35251.271284788985,147,1
98303,34,2,12668.92961850628,148,2
98304,79,2,74417.93123286938,144,2
98305,14,2,11963.10089100695,147,1
98306,1,1,14428.319423944606,138,1
98307,1,2,10827.901280195052,143,2
98308,35,1,56356.507459975,135,1
98309,73,2,7364.4021486643605,139,2
98310,47,2,39375.52147427311,148,1
98311,13,2,20105.54333426449,141,1
98312,9,1,26784.321690970854,138,1
98313,14,2,0.0,145,2
98314,25,1,52854.97070674194,143,1
98315,38,1,0.0,137,2
98316,63,2,178416.49409822095,139,1
98317,10,1,10534.177204315216,134,2
98318,40,1,17756.45374742696,141,2
98319,3,2,9834.141435103269,144,1
98320,48,2,12312.062628366597,147,1
98321,2,2,22161.739132958148,146,1
98322,29,2,135154.32220379356,142,2
98323,31,2,53908.374034259294,135,1
98324,61,1,0.0,141,2
98325,17,1,20947.393643525284,141,2
98326,55,2,25607.823069868882,141,1
98327,12,2,22858.260736984008,144,2
98328,30,2,15264.148751069608,144,2
98329,0,2,6932.78523652131,148,2
98330,16,1,28177.264309900576,138,1
98331,64,2,10762.63386590997,148,2
98332,34,2,29776.854053978004,139,2
98333,36,1,49409.76071998768,138,1
98334,62,1,5844.708047400313,135,2
98335,1,2,9465.797197291211,139,2
98336,41,2,23306.01218679849,144,1
98337,6,2,50507.975228797295,141,2
98338,54,1,34938.79347139016,139,2
98339,80,1,7914.096555038411,137,2
98340,13,2,26348.42572516362,143,1
98341,71,1,15835.878466062932,134,1
98342,9,2,15519.580355808293,147,1
98343,31,2,13215.888980858408,144,1
98344,80,1,46499.376155654674,143,2
98345,22,1,20971.46340377593,138,1
98346,7,2,8560.660602792032,145,2
98347,80,1,36100.132835942706,148,2
98348,5,1,33930.33759272668,146,1
98349,16,2,11553.50067705963,134,2
98350,36,2,38881.420787589035,148,2
98351,38,2,37921.04297748775,137,2
98352,18,1,41914.11102526163,134,1
98353,68,2,11336.403016109472,140,1
98354,57,2,15479.581198025919,147,1
98355,53,2,14853.580208838364,141,1
98356,3,1,11207.73448591715,146,2
98357,21,1,16345.012609527392,147,1
98358,33,1,22162.804265883053,144,1
98359,16,1,13158.858295940205,136,2
98360,71,1,13956.159321898327,142,1
98361,1,2,14118.034975474842,146,1
98362,37,1,0.0,147,2
98363,10,1,60116.80928547898,144,2
98364,37,1,179458.8380745103,137,2
98365,6,1,17562.18668304463,147,2
98366,80,2,14568.011855875373,145,2
98367,6,2,9774.277526747646,138,2
98368,80,1,51507.41471938179,147,2
98369,69,1,23397.261540455424,140,1
98370,20,1,33954.408139440915,146,1
98371,63,2,14149.288379379514,146,2
98372,70,1,11198.895670139673,142,2
98373,62,2,163149.3364311193,141,2
98374,42,2,27906.170619649314,146,2
98375,19,1,33144.97459711908,138,2
98376,20,1,63999.18174531942,144,2
98377,7,2,19764.55820593738,147,2
98378,17,2,30614.625119248576,144,2
98379,63,2,9471.968462276865,140,1
98380,12,1,9080.159664042334,136,1
98381,40,1,15875.29798316736,138,2
98382,10,2,23890.70810840109,138,1
98383,69,1,13242.725341839594,137,2
98384,54,2,21121.202719155342,135,2
98385,61,1,83128.04196137098,135,1
98386,15,2,13337.962267880835,138,2
98387,5,1,8376.000154791427,144,2
98388,8,1,8753.684234598913,148,2
98389,11,1,45027.1635372259,144,2
98390,65,2,19009.899436552118,143,2
98391,80,2,64075.20016354462,134,2
98392,47,1,33419.77360329645,138,1
98393,80,2,16308.792023586875,139,2
98394,38,2,74054.37612498355,140,2
98395,24,2,91778.32619332055,142,1
98396,12,2,27322.11319820079,135,2
98397,16,1,26792.710692085922,146,1
98398,10,2,13384.717400887395,140,2
98399,54,1,8352.764329971797,148,2
98400,10,1,19188.874844832888,139,2
98401,41,1,20001.43212416605,144,1
98402,22,1,19382.70543310213,148,2
98403,27,1,52221.30565323713,137,1
98404,14,1,22802.97970990685,136,1
98405,71,2,0.0,140,1
98406,13,2,41799.234963758965,146,1
98407,4,1,28531.80775982665,140,2
98408,19,2,24161.85733138388,138,1
98409,2,1,20697.610481777774,139,2
98410,10,2,60640.769398875265,147,1
98411,18,2,15618.03257194369,136,1
98412,67,2,11510.835302399126,143,1
98413,80,1,13981.74890936651,136,1
98414,70,2,64797.89764700747,142,2
98415,5,1,13068.345707931177,147,1
98416,25,2,18459.294637453968,137,2
98417,79,2,104236.39470415439,138,1
98418,14,1,15961.158134352536,141,1
98419,12,1,9803.049049802126,138,2
98420,27,2,141528.19313157594,141,1
98421,62,1,10607.736857133463,134,2
98422,63,2,40566.86298432901,140,1
98423,80,2,17639.81843635879,145,2
98424,80,1,25255.196957324475,145,2
98425,9,1,21844.178411131456,146,2
98426,28,1,20405.897541093753,147,2
98427,18,1,13535.559509356837,136,2
98428,25,2,77213.665834931,139,2
98429,80,2,85962.15776145052,147,2
98430,8,2,23729.247731622425,144,2
98431,69,2,12311.101230742348,146,1
98432,1,1,8492.927851395141,145,1
98433,71,1,14971.86305247401,141,2
98434,4,1,15280.359631996422,138,2
98435,21,2,20824.01008875002,148,2
98436,36,1,29318.84203142372,140,1
98437,32,2,17904.41906637176,144,2
98438,62,2,19294.38329795527,148,1
98439,3,1,15280.359631996422,138,2
98440,19,2,12410.184844374053,145,1
98441,22,1,46580.1082181118,140,1
98442,22,2,41679.59462975782,144,2
98443,21,2,143124.8645984295,142,2
98444,59,2,67151.60781734671,145,1
98445,25,2,81128.97821622921,134,2
98446,13,1,50467.97215757248,135,1
98447,32,1,58335.86408723724,145,1
98448,24,2,36841.384877754244,144,2
98449,12,2,30599.580334258593,137,1
98450,15,2,21946.021606300495,137,1
98451,6,1,84180.33973808745,134,2
98452,52,1,29201.798975743084,135,2
98453,7,1,15537.735663812464,134,2
98454,63,2,9981.911621475285,137,1
98455,5,2,43686.20867675021,139,1
98456,36,1,32277.956043351664,136,2
98457,80,1,10622.645612644737,136,1
98458,24,1,28915.174715120946,147,1
98459,12,2,18078.03622125563,141,1
98460,27,2,24193.781631171438,137,1
98461,54,2,22945.01519949088,134,2
98462,71,1,22291.015471747378,148,2
98463,66,2,63810.65444558538,142,2
98464,7,1,7353.136032444476,136,1
98465,14,2,19229.269338699785,135,1
98466,0,1,4691.332285363984,148,2
98467,3,2,34443.283364385934,147,2
98468,14,2,30067.24387347248,137,1
98469,41,1,14917.254111053091,148,2
98470,38,2,45289.96884845138,144,2
98471,47,1,0.0,143,2
98472,2,2,19206.67927828695,143,1
98473,65,2,21501.815304975473,136,2
98474,35,1,14457.544708078742,147,1
98475,22,1,51910.71975172593,141,2
98476,2,1,22629.85572580452,147,2
98477,12,2,24377.114736464668,139,1
98478,3,2,7157.1127910836085,144,2
98479,27,1,29120.26436734415,134,2
98480,80,1,0.0,134,1
98481,60,1,47492.18928570316,142,2
98482,16,2,0.0,143,1
98483,26,2,76597.19515172577,142,1
98484,13,2,11300.51488721956,134,2
98485,21,1,36543.891782722174,143,2
98486,12,2,6082.6346333204365,142,1
98487,0,2,17412.993464957966,135,1
98488,7,1,16302.511038803852,148,2
98489,55,2,27477.931941041075,146,2
98490,24,1,213587.78781543134,141,2
98491,61,2,40355.88070646001,135,1
98492,0,2,10813.682001117782,141,2
98493,18,2,19179.98968578165,135,2
98494,25,2,61782.56468193588,135,1
98495,48,1,31425.78189444095,141,1
98496,46,2,32166.34870185138,144,2
98497,2,1,24892.86384994202,136,1
98498,74,2,31932.58814964895,146,1
98499,12,1,28521.496928577235,137,2
98500,56,2,26676.5720562455,140,1
98501,68,2,14984.366520543594,138,2
98502,80,2,97057.4985731975,146,1
98503,1,1,7343.643157931524,145,1
98504,18,1,16974.295107841834,148,2
98505,16,1,26154.158989351494,148,2
98506,64,2,10580.02151211327,134,2
98507,16,2,16107.111833806246,140,2
98508,62,1,6733.943835046723,148,2
98509,28,2,92029.60142534628,142,2
98510,10,1,24110.149816087796,137,1
98511,12,2,34713.33956846124,146,1
98512,32,2,24429.864606441104,147,1
98513,3,1,20757.10691490653,134,2
98514,32,1,65509.83619441094,140,1
98515,3,2,42098.53198120147,136,1
98516,8,1,33969.089404627404,139,2
98517,80,2,26261.052547954347,139,1
98518,2,1,33208.222345642185,146,1
98519,1,2,14278.09068435456,135,2
98520,16,1,23215.620987229267,139,2
98521,40,1,17879.879989825276,145,1
98522,17,1,12656.133256673831,145,2
98523,40,1,27500.029445301137,140,1
98524,49,2,24450.703034763457,136,1
98525,2,1,35331.04937833983,143,1
98526,67,1,110793.8917790722,136,2
98527,30,2,19564.687117139463,139,1
98528,32,1,134575.71536522935,137,1
98529,70,2,40781.479753490916,145,1
98530,60,1,15117.597572234432,147,2
98531,20,2,153934.21392675335,144,1
98532,3,2,8536.99622003136,148,1
98533,3,2,37396.24518912438,142,2
98534,0,1,0.0,135,2
98535,80,2,28623.504068509126,141,2
98536,77,2,30718.273842923696,147,2
98537,59,2,16184.234783847514,140,2
98538,62,2,0.0,138,2
98539,4,2,8943.958556181491,148,2
98540,63,1,19836.8982680943,138,1
98541,68,2,14894.279961319882,136,1
98542,54,2,35276.68307951013,141,1
98543,0,2,9029.180441031422,135,2
98544,29,2,85721.2420594887,145,1
98545,36,2,35016.423435862365,136,2
98546,10,2,71992.51990880017,141,1
98547,8,1,53541.97166160248,135,1
98548,43,1,86501.22934884208,144,2
98549,63,2,11716.351609445017,148,1
98550,40,1,29911.16788076661,144,1
98551,32,2,20365.160538144224,138,2
98552,1,2,16354.501699904442,139,2
98553,40,2,106122.45727353972,134,2
98554,63,2,16945.57306554011,140,1
98555,21,1,47445.082839122995,138,2
98556,48,1,11009.860298373524,140,2
98557,80,1,15542.349039221697,143,2
98558,63,2,12543.1724075525,147,1
98559,8,2,11589.076456112114,144,1
98560,16,1,8937.534391252178,144,2
98561,44,1,27002.324242296912,141,1
98562,67,2,7720.135517480581,140,2
98563,17,2,17851.481584390025,139,1
98564,39,2,123871.22022007004,143,2
98565,57,2,31176.317737448062,143,1
98566,3,2,11254.050330999398,146,1
98567,7,2,27033.006052071898,142,1
98568,78,1,40329.896278760745,139,2
98569,65,1,6391.164704973049,140,1
98570,0,1,9946.723511428881,143,2
98571,28,2,18942.848702057712,148,2
98572,0,2,16053.626745092653,146,2
98573,55,2,0.0,138,1
98574,56,2,27477.931941041075,146,2
98575,5,1,8369.352296266336,140,2
98576,7,1,18712.099221411863,141,2
98577,11,2,8783.1288640826,147,2
98578,16,2,34746.701957337464,140,1
98579,36,2,18357.907881786963,141,1
98580,3,2,5929.632261046426,144,2
98581,67,2,27877.090566213257,145,1
98582,8,2,8320.892337701935,147,1
98583,17,1,6592.554685286454,144,1
98584,11,2,12258.649998898738,139,1
98585,51,2,8784.555036325055,136,2
98586,72,1,8130.900915165832,135,1
98587,10,2,12793.573635567145,147,2
98588,6,1,14939.865501520964,146,2
98589,21,2,47433.83286885087,141,2
98590,12,2,14683.637439798156,146,2
98591,11,2,13324.8660896632,147,1
98592,68,2,7324.99843591813,135,2
98593,49,2,0.0,141,1
98594,38,2,14137.276665581992,136,2
98595,50,2,14791.655684001798,148,2
98596,18,1,13294.897018440744,135,2
98597,66,2,8438.366223811438,136,2
98598,65,1,8295.399226032698,145,2
98599,80,1,21867.230537388263,142,1
98600,80,1,34713.60065083864,142,2
98601,41,2,9813.61444477998,147,1
98602,64,2,9435.849650291302,135,2
98603,69,2,11730.816852347649,148,1
98604,10,1,25012.92050182909,142,2
98605,55,2,26221.4551486132,145,1
98606,47,1,17813.488508267794,137,1
98607,8,2,6460.040819556021,148,1
98608,19,1,10456.585653122267,138,2
98609,62,2,21412.485534379317,134,1
98610,77,1,94086.32787039754,140,1
98611,59,2,28061.514884701384,140,1
98612,3,1,0.0,141,1
98613,10,1,22737.32472311501,135,2
98614,59,2,26295.65779030112,134,2
98615,60,1,9495.772617369279,139,1
98616,44,2,18279.210739922197,138,1
98617,55,2,107247.79052112794,135,2
98618,18,1,18506.76734631384,142,2
98619,1,1,22321.10518095846,136,2
98620,8,1,46530.889526860585,141,2
98621,1,1,9951.384536497415,146,2
98622,59,2,29507.593488820297,148,2
98623,15,2,44878.063940235974,135,1
98624,53,1,24243.460098398897,148,2
98625,0,1,13519.986571279758,144,1
98626,60,2,0.0,140,1
98627,53,1,16456.395429665758,147,1
98628,48,1,42879.18468724958,148,1
98629,45,1,20836.935336505263,139,2
98630,64,1,10095.269155534703,137,1
98631,43,2,42799.62583301418,142,1
98632,4,1,42784.43717117003,134,2
98633,14,1,0.0,146,1
98634,75,2,30438.52033334986,137,2
98635,13,1,46467.136412262545,146,1
98636,2,2,17004.172412056996,142,1
98637,22,2,0.0,135,1
98638,65,1,10529.417521459145,139,1
98639,6,1,16572.210093264766,139,2
98640,12,1,39254.19603476124,142,2
98641,67,1,19675.469918161994,140,1
98642,12,1,24654.520691651873,142,1
98643,9,1,15994.672832313543,139,2
98644,10,2,22734.24288970872,135,1
98645,75,2,39175.105880412586,136,1
98646,43,2,25006.68599109464,147,2
98647,8,1,56020.297414220404,134,2
98648,80,2,18708.986183864115,142,1
98649,75,1,11371.616435447067,147,1
98650,72,1,9489.279290989367,146,2
98651,73,2,28174.052211157392,147,1
98652,2,1,23882.79985875738,135,1
98653,57,1,33612.85116627522,144,2
98654,17,1,31777.92217413405,141,2
98655,7,2,0.0,148,1
98656,54,1,128871.4324049946,139,2
98657,55,1,29358.510781743018,148,1
98658,0,1,6291.835213075053,144,1
98659,7,2,16594.472858884306,141,2
98660,2,1,12996.028267635018,141,2
98661,31,2,14220.6864766499,147,1
98662,66,2,10393.992234484502,148,1
98663,4,2,32375.364789839343,143,2
98664,7,1,21473.29708182323,134,2
98665,66,2,0.0,136,2
98666,53,1,35376.72926756143,142,2
98667,80,2,23081.20342079533,145,1
98668,0,2,0.0,136,2
98669,63,1,116488.25536626826,134,2
98670,66,2,0.0,137,2
98671,11,2,11707.893991528057,140,1
98672,1,2,10317.336105185028,143,1
98673,55,2,14175.310056426104,143,1
98674,8,1,16263.120855307503,140,1
98675,61,1,8588.976499845048,148,1
98676,13,1,18944.382814391567,141,2
98677,23,1,61250.6599827952,146,2
98678,10,1,11881.557002332645,138,2
98679,65,1,9733.479619720605,147,1
98680,37,2,25984.13363399574,148,2
98681,80,2,13503.44622967494,144,1
98682,64,1,6885.016832362913,144,2
98683,52,1,0.0,134,1
98684,71,1,68264.20186629273,134,1
98685,64,2,17321.328720595815,143,1
98686,2,1,15510.219503851318,147,2
98687,30,2,47635.6532100871,138,1
98688,17,2,20662.366922277342,136,1
98689,35,1,32687.715935714255,137,1
98690,80,1,6431.154632928565,144,1
98691,56,1,42753.67665914044,134,1
98692,25,1,12711.043624613938,147,1
98693,56,2,25611.69529796067,136,2
98694,54,2,41101.444779997044,145,1
98695,18,1,30392.55987433628,143,1
98696,9,2,7923.651723562897,145,1
98697,18,1,77454.36236930816,145,2
98698,27,2,35825.28308995702,134,2
98699,68,2,25910.21939448485,134,1
98700,8,2,15526.946586166363,147,1
98701,74,2,57912.27505581065,146,1
98702,17,2,11476.214256240835,144,2
98703,69,2,11320.762069047218,144,1
98704,9,1,11171.313498317491,145,1
98705,61,1,10139.647986576398,148,1
98706,2,2,27224.92935583193,145,1
98707,63,2,14716.933740917762,148,2
98708,43,1,126314.98250982325,141,2
98709,10,2,0.0,148,2
98710,24,1,30746.0522225208,135,2
98711,53,1,105067.58243353077,145,1
98712,6,2,27346.777187324573,134,2
98713,59,2,26185.27143504862,145,1
98714,40,2,54699.70041375389,135,1
98715,11,2,126775.88777307581,141,1
98716,41,2,24186.27186392886,134,1
98717,64,1,6658.248292370827,138,2
98718,35,2,56723.89470447867,141,2
98719,44,2,0.0,146,2
98720,15,1,11333.460769052665,145,1
98721,55,2,30402.77468215357,147,1
98722,57,2,35060.386042510756,145,1
98723,3,1,26789.483901950774,145,1
98724,22,1,46653.94366119165,135,1
98725,68,1,6517.176183161112,148,2
98726,38,1,169316.65493835774,138,1
98727,4,2,37724.24206722343,146,1
98728,41,1,14647.131487727114,136,1
98729,30,2,33155.24333973095,140,2
98730,8,1,7861.0010936869085,144,1
98731,4,1,13177.603746793835,139,1
98732,66,1,23704.38988230744,138,1
98733,36,2,77419.30356179558,147,1
98734,32,1,65063.040713343005,143,2
98735,2,1,0.0,137,2
98736,4,1,48246.81326861573,146,2
98737,4,2,41989.21767210059,146,1
98738,8,2,12579.27386708206,136,2
98739,10,1,16161.564466806265,134,2
98740,31,1,17055.9336875447,138,1
98741,64,2,48480.155766495336,146,2
98742,80,2,22029.369326342352,144,2
98743,61,1,12522.258300101685,138,2
98744,64,2,15982.84678895467,134,2
98745,60,2,9429.518046925043,139,1
98746,60,2,26589.97548852472,147,2
98747,21,1,43906.09470448557,143,2
98748,50,1,45592.43285689528,143,2
98749,37,1,30650.33222176308,145,1
98750,1,2,31982.334887902296,141,1
98751,42,1,23947.943850355987,138,1
98752,68,1,9133.022966347025,146,2
98753,15,1,23866.4195833654,146,2
98754,0,1,6440.009719528704,139,2
98755,68,2,34066.15665675885,139,2
98756,80,1,20129.656099277352,139,2
98757,41,1,154923.39385791493,135,1
98758,5,2,25423.630578370725,143,1
98759,80,1,16012.357815955116,148,1
98760,0,2,12329.549321669016,136,2
98761,4,2,26170.520745316706,139,2
98762,28,1,66979.10397601215,146,1
98763,51,2,23083.1321789661,148,1
98764,6,2,0.0,138,2
98765,4,1,48246.81326861573,146,2
98766,4,2,30604.011464169067,139,2
98767,63,2,15081.430678590896,137,1
98768,76,2,23020.96976147441,135,2
98769,41,1,23854.663586904866,138,2
98770,46,2,23397.779968881503,146,2
98771,0,1,15697.261326551154,136,1
98772,59,1,33420.90168466846,143,2
98773,14,1,7185.657144203419,137,1
98774,6,2,14052.561801568529,147,1
98775,26,1,19404.0230307659,141,1
98776,45,2,23694.902101113363,142,1
98777,7,1,13504.399294918161,136,2
98778,42,1,14726.629248212506,148,1
98779,0,2,11193.959417054068,135,1
98780,45,1,41722.4774483799,136,2
98781,55,2,39350.1194942164,143,2
98782,43,2,17853.89236968275,147,1
98783,40,2,35094.3843642458,139,2
98784,25,2,83224.22956079914,140,1
98785,0,1,8093.538470796498,141,2
98786,17,1,45935.675434060744,139,2
98787,9,2,40728.73182136746,142,1
98788,20,2,37643.375765621895,138,2
98789,53,2,27196.053314946384,134,1
98790,44,1,34079.42857222292,142,2
98791,54,1,256727.44045737726,146,1
98792,9,1,8848.947330517336,145,2
98793,46,2,12677.001511328093,143,1
98794,14,1,31064.725986107776,139,2
98795,16,2,13545.665971634478,138,2
98796,21,2,36513.47717353042,144,1
98797,55,2,99848.13773648403,146,1
98798,10,2,17664.662989336884,138,2
98799,32,2,111536.49407297617,141,2
98800,7,2,11405.858654593449,148,2
98801,14,1,16702.384572594663,146,2
98802,15,1,18686.50610383144,136,2
98803,45,1,49310.57806281321,146,2
98804,39,2,28349.764120434487,138,1
98805,2,1,33299.508077905295,139,1
98806,72,2,15563.176394178856,141,2
98807,29,2,24272.57612564978,148,2
98808,4,1,33128.26699771843,138,1
98809,1,2,11987.775265167633,145,2
98810,55,2,30022.966584899455,143,2
98811,1,1,25049.315390607357,136,1
98812,31,2,27332.069788138997,137,1
98813,67,1,12817.77826161572,134,2
98814,69,1,10455.297275270288,148,1
98815,75,2,103246.1044598127,142,2
98816,12,2,17307.99577953728,140,1
98817,21,2,83135.33025954299,139,1
98818,2,2,0.0,141,1
98819,58,2,45204.793981014634,147,2
98820,63,1,31604.630606653045,142,1
98821,35,2,135954.26409467377,143,2
98822,39,1,66568.2739181378,147,2
98823,51,2,14405.91190361313,134,1
98824,24,1,40866.28189725811,142,2
98825,7,2,15288.899573850073,144,1
98826,3,2,16466.123953702485,138,1
98827,80,2,52995.48758390301,136,1
98828,29,2,21284.50110741244,145,1
98829,18,1,11232.286735896976,136,2
98830,66,1,33244.73491280238,143,2
98831,0,1,3381.8660579829084,148,2
98832,48,2,18700.160886837715,145,1
98833,75,2,32773.157518327425,140,1
98834,55,2,34288.935361547075,140,1
98835,14,1,30626.53178912835,146,2
98836,2,1,0.0,138,2
98837,80,1,11145.641076219586,140,2
98838,70,2,68916.29601612869,140,1
98839,32,2,20877.385786479022,139,1
98840,50,2,35897.01126870141,136,1
98841,0,2,9890.96861934164,144,1
98842,79,1,100137.64281097607,136,1
98843,56,1,101151.90252558056,145,2
98844,76,1,10812.039816066903,147,1
98845,50,2,13746.990710174045,142,2
98846,47,2,24964.9156546779,137,2
98847,52,1,23162.568925102507,142,2
98848,78,2,14236.450242657476,148,1
98849,8,1,21824.44028886709,140,2
98850,10,1,22275.888268411483,136,2
98851,23,2,85273.81658795441,141,2
98852,5,1,0.0,138,2
98853,73,1,65359.71547706128,142,1
98854,22,1,26169.31240868714,148,1
98855,5,2,18225.091923869633,144,2
98856,8,2,13773.636908538976,139,1
98857,58,1,10828.593598874697,138,2
98858,65,2,4851.45430700464,148,2
98859,31,1,0.0,141,2
98860,8,1,28308.56609864364,142,2
98861,1,2,7335.173027443598,148,1
98862,6,2,40676.6852217997,135,2
98863,7,1,12844.848262616777,138,1
98864,62,1,4781.445750756822,148,2
98865,36,1,115343.09617199238,145,2
98866,19,1,61809.69660187882,146,1
98867,60,1,15536.092136323921,134,2
98868,20,1,21801.100077745396,147,1
98869,75,1,10570.219970384393,138,2
98870,24,2,83605.41727201956,141,2
98871,8,1,10282.88282145749,144,2
98872,44,2,37822.73288183659,143,2
98873,1,2,12180.102480550173,146,1
98874,3,2,38331.01216283815,141,2
98875,9,2,12382.988115525188,137,1
98876,22,1,26619.46379007317,144,1
98877,39,1,35129.994418408285,136,1
98878,42,2,22516.1563025665,136,2
98879,3,2,30758.82118863313,142,1
98880,48,1,37402.25939611138,136,2
98881,4,1,11108.612822705887,146,1
98882,1,1,6867.434723467853,145,2
98883,18,2,14211.227137669137,135,2
98884,76,1,90241.50602666328,140,1
98885,15,1,35118.871459559894,142,1
98886,9,1,9808.667132567036,138,1
98887,80,2,0.0,145,1
98888,0,2,7833.161264889381,139,2
98889,7,2,12239.84915573716,135,1
98890,16,1,61690.93851750445,142,2
98891,53,2,31641.406847234917,134,1
98892,55,1,407800.803407575,135,1
98893,69,1,10992.348236050731,138,2
98894,35,1,40117.05965639535,138,1
98895,38,1,33152.57115634165,146,2
98896,16,1,33765.99144731792,148,2
98897,0,1,5609.395897311607,144,1
98898,80,1,51475.179988299176,141,1
98899,66,2,66507.84106756627,135,1
98900,36,1,123761.50019108603,141,2
98901,65,1,7609.1560880066545,147,1
98902,56,2,15526.40932492467,148,1
98903,73,2,35026.21522824583,137,1
98904,51,2,416873.5383785075,144,2
98905,63,1,21449.75138872286,147,2
98906,33,1,27244.558376238427,141,2
98907,56,1,32455.596105710632,147,2
98908,8,1,27351.297706864312,142,1
98909,68,1,22380.661475583638,137,2
98910,22,1,30006.421675721765,141,1
98911,9,2,7956.283160935923,134,2
98912,37,1,35470.721280308426,146,2
98913,17,2,79872.00258254798,141,1
98914,63,2,89218.8921123399,145,1
98915,6,2,22679.796400480216,140,1
98916,67,1,7293.941216955188,147,1
98917,56,2,115017.82520745671,142,1
98918,24,1,24664.88916396786,145,1
98919,14,2,16229.328382790116,136,2
98920,23,1,43086.007822996435,139,2
98921,26,2,98614.29470167744,147,1
98922,80,1,41610.35013256209,136,2
98923,48,2,11939.876345099397,145,2
98924,60,1,9360.174491780681,140,1
98925,21,2,47206.96498490212,136,2
98926,48,2,18930.065720768736,138,1
98927,18,2,11624.773797782396,136,1
98928,64,1,7463.083329245795,148,2
98929,62,1,16791.432084108357,148,1
98930,9,2,41928.04684187538,143,1
98931,68,2,18947.172906832995,143,1
98932,45,1,27132.39751833086,148,2
98933,46,2,106964.9427844101,141,1
98934,80,2,47298.04633751157,138,2
98935,25,1,54886.8181179087,138,1
98936,27,1,41044.13489402432,146,1
98937,1,2,9398.972731649008,144,1
98938,19,2,34113.56291621779,142,2
98939,37,1,0.0,139,2
98940,64,2,16661.1616176421,148,2
98941,59,2,12348.397234539545,148,2
98942,11,1,20158.99696987837,142,1
98943,8,1,13722.324836447158,135,1
98944,27,1,49678.477788204014,140,1
98945,43,1,25708.375059587295,142,1
98946,65,2,60764.514554923815,145,2
98947,48,1,12017.35895709155,144,2
98948,33,1,196474.7140152814,136,1
98949,3,1,12742.375810190882,146,2
98950,11,2,46954.72827328235,142,1
98951,52,2,25624.209446323217,143,2
98952,24,1,23445.828883898248,142,2
98953,19,2,86847.56961660898,141,1
98954,1,2,21033.341615420723,144,2
98955,21,1,59653.758330517616,142,1
98956,0,1,17859.25404270304,142,2
98957,74,1,16879.032260182124,141,2
98958,23,2,77634.25717681415,141,2
98959,75,1,14172.373851491104,141,2
98960,35,1,65028.14622239322,140,1
98961,77,2,24083.679519503698,148,1
98962,17,2,17896.936754087335,135,1
98963,11,2,65178.08857141588,143,2
98964,80,1,11199.315841769856,147,1
98965,67,2,6074.109343446805,148,2
98966,68,2,19908.15940075527,148,1
98967,13,2,57625.21065343036,142,1
98968,33,1,86120.63307292887,142,1
98969,1,1,18722.196800940004,136,2
98970,15,2,0.0,148,1
98971,28,2,17967.375720646683,145,2
98972,67,2,33193.91103089297,142,2
98973,1,2,10549.354330817809,147,2
98974,9,1,23449.721979144593,143,2
98975,16,1,35058.695282375054,143,1
98976,57,2,12617.124477072051,148,2
98977,67,2,9840.837778509513,141,2
98978,12,1,38325.77125568426,134,1
98979,9,1,21761.32153745233,137,2
98980,54,1,53278.90830990466,136,1
98981,31,1,25430.041089328955,144,1
98982,25,2,20753.44416918632,140,2
98983,57,1,32833.93795594415,145,2
98984,8,1,10757.111026225279,144,2
98985,31,2,17088.895220862152,142,1
98986,14,2,14282.942329194108,140,1
98987,80,2,0.0,135,2
98988,59,2,21658.431040985048,137,2
98989,76,2,28003.391916668617,139,2
98990,64,1,29880.61865579903,143,2
98991,55,1,0.0,145,1
98992,56,1,38761.265329935726,144,2
98993,1,2,27394.471404694155,135,1
98994,30,1,30542.40576445615,137,1
98995,55,2,19424.848286426106,140,1
98996,69,2,11867.610791178897,139,1
98997,73,1,13905.99403700042,134,2
98998,51,2,17914.014418660674,144,2
98999,1,2,34081.32498309161,144,2
99000,5,1,8444.166612466433,147,1
99001,37,1,27255.51607309801,143,2
99002,73,1,19124.580308031993,136,1
99003,17,2,29725.100287423138,140,1
99004,15,1,22991.635763567752,147,2
99005,26,2,45651.75801343754,139,1
99006,13,2,16188.991119661328,141,2
99007,26,1,51859.77537340206,142,1
99008,9,1,24177.87351552397,143,1
99009,38,2,34478.462588816634,139,2
99010,0,1,11030.715048554217,138,1
99011,77,1,13173.995963155976,145,1
99012,51,2,25100.69115341263,134,1
99013,19,2,35664.4779907467,135,1
99014,68,1,169187.24626502828,137,1
99015,18,1,22175.8813958306,142,1
99016,36,1,91159.20599118338,134,1
99017,2,2,23487.86004254949,145,1
99018,68,2,24731.000147523508,139,2
99019,41,2,48020.370514581584,135,1
99020,2,1,24406.170084396064,142,1
99021,4,1,35117.63957312037,142,1
99022,16,1,24439.304486509143,136,1
99023,32,1,282808.7470779319,144,2
99024,38,2,13376.020162502607,145,2
99025,45,2,207632.2170683533,138,2
99026,75,2,13912.232448709834,148,1
99027,9,2,17129.39785068532,143,2
99028,42,2,32457.5676597562,143,2
99029,46,1,33896.73027362073,144,1
99030,7,2,20294.63674124847,141,2
99031,0,1,0.0,146,2
99032,11,2,19821.64879310842,139,1
99033,56,1,81145.36247633545,145,2
99034,15,1,0.0,146,2
99035,6,2,28285.457153435145,146,1
99036,44,1,21184.576597002946,142,1
99037,14,2,16581.259232431014,147,2
99038,27,2,23047.058254656986,144,1
99039,17,2,56733.63490099663,135,1
99040,6,1,19746.42388544033,136,1
99041,19,2,17636.943419640374,139,2
99042,63,1,12065.937113576163,138,1
99043,18,1,28015.266786534346,142,1
99044,71,2,36616.8802674014,146,1
99045,1,2,8282.57254762981,139,2
99046,16,2,15298.360039619272,139,2
99047,80,2,29357.068681597615,142,1
99048,14,1,18248.67867096549,136,2
99049,6,1,13500.352083081443,147,2
99050,34,2,0.0,135,2
99051,17,2,20421.723959583593,139,2
99052,24,1,0.0,137,2
99053,9,2,7763.045512539423,147,1
99054,0,2,11399.65016902385,141,2
99055,11,2,17127.654498181902,137,2
99056,80,2,15189.324324190053,139,2
99057,61,1,11200.590019325693,134,2
99058,64,2,13791.108700807248,148,1
99059,7,2,27088.464726071863,145,2
99060,55,1,109691.14780520783,142,1
99061,2,1,6887.170400813374,144,1
99062,29,2,46498.54943093096,144,2
99063,41,1,22926.610339725663,140,2
99064,60,2,36375.74474101475,135,2
99065,19,1,0.0,138,1
99066,19,1,22179.593269615005,136,2
99067,39,1,47659.91086489895,142,1
99068,76,1,9786.374964154902,142,2
99069,80,2,14744.680752585537,147,1
99070,70,1,8301.265093477,147,1
99071,12,2,17546.231459162806,142,1
99072,5,1,9707.258941756161,145,1
99073,6,2,7995.378230358771,135,2
99074,67,1,14025.501242267177,148,2
99075,2,1,33176.40743706085,135,1
99076,10,1,22788.654198142412,147,2
99077,3,1,27243.94190617503,141,2
99078,2,2,17266.19724850109,135,1
99079,7,2,23717.586591605013,137,1
99080,10,1,0.0,139,1
99081,59,1,17770.344640434778,147,1
99082,18,2,0.0,146,1
99083,78,1,43848.82800354019,143,2
99084,80,2,34981.82383636457,140,1
99085,8,1,8387.65352645896,141,2
99086,7,1,8078.832856917132,144,1
99087,66,1,6964.950346832928,137,2
99088,7,2,10183.802370172718,148,2
99089,25,2,28801.635899811212,144,1
99090,80,2,0.0,139,2
99091,15,1,6222.531389647309,136,2
99092,24,2,0.0,137,2
99093,2,2,13204.414210270179,146,2
99094,8,1,19548.26019252054,140,2
99095,47,2,12541.182986282322,148,2
99096,15,2,112750.09648577493,137,1
99097,50,1,0.0,146,1
99098,39,2,15599.154804683252,148,1
99099,45,2,14190.513922509195,137,2
99100,75,1,9399.508736215776,145,1
99101,80,2,16009.091968630679,135,2
99102,50,1,18125.1196614806,147,1
99103,39,1,18660.753470959666,143,2
99104,63,2,154220.76287430862,147,2
99105,39,2,20365.160538144224,138,2
99106,6,1,10467.960507626538,137,1
99107,16,2,15349.273626110931,141,2
99108,51,1,35513.67161938204,143,2
99109,5,2,4231.927540411791,148,2
99110,20,2,50185.655926500556,146,1
99111,48,2,14098.740098066864,145,2
99112,5,2,9091.396647417705,148,2
99113,42,1,0.0,135,1
99114,41,1,31054.306048993374,147,2
99115,2,2,15465.381924208732,141,2
99116,53,2,11872.884744761996,148,1
99117,72,2,13134.689230572276,146,2
99118,0,2,10917.17453907398,142,2
99119,4,2,7335.173027443598,148,1
99120,17,1,19946.732220859423,142,1
99121,20,2,21057.399469595704,148,2
99122,4,1,0.0,142,2
99123,29,1,21459.835313862437,138,2
99124,12,1,36192.691834308454,142,1
99125,20,2,29820.397047817205,138,2
99126,12,1,25061.440926835723,137,1
99127,67,2,18855.28810151586,145,2
99128,36,1,44699.182128447974,134,2
99129,51,2,0.0,144,2
99130,59,1,43702.63623998931,148,2
99131,56,2,36376.86776749328,135,1
99132,0,2,17473.505552593295,142,1
99133,74,1,39692.57337057876,145,1
99134,71,1,6519.191029146114,137,2
99135,15,2,20752.87386277141,146,2
99136,40,1,19952.565195616564,145,1
99137,2,1,15769.509319434903,135,2
99138,31,1,24879.791383547934,145,2
99139,12,2,22099.735299166117,143,2
99140,62,2,7000.242597609837,144,1
99141,9,2,5826.287343403876,137,1
99142,7,2,49564.521911881886,146,1
99143,2,2,21857.467196450205,143,2
99144,78,2,37680.81077845435,141,1
99145,4,1,34084.44602762077,140,2
99146,2,1,16639.732715952414,146,1
99147,1,1,13360.228168093634,140,1
99148,78,2,44263.456861892504,135,1
99149,3,2,13468.81207587564,140,1
99150,67,1,0.0,134,2
99151,22,2,12288.804147308452,143,2
99152,72,2,46022.68956246184,141,2
99153,53,2,30671.70055979904,135,1
99154,24,1,10288.5910511096,140,2
99155,28,1,16293.005645888277,145,2
99156,61,1,6583.712950678655,141,2
99157,62,2,12710.676389700477,148,2
99158,3,2,37168.826912066375,146,2
99159,57,2,197924.02694656054,136,2
99160,43,2,22832.665179469837,143,1
99161,0,2,10837.509710101143,142,2
99162,0,1,2566.183854483138,148,2
99163,2,2,10572.72778727278,139,1
99164,9,2,20141.053085912095,142,1
99165,14,2,30195.805747131,144,1
99166,10,2,28663.12462213212,135,2
99167,50,2,12189.890359081859,144,1
99168,40,2,45890.11173494079,134,1
99169,60,1,14814.669886081336,147,2
99170,5,2,40710.484561955214,137,2
99171,37,1,66537.55522260288,137,1
99172,68,1,15363.42239485504,147,2
99173,18,1,49466.24509441142,137,2
99174,65,2,10943.248279530639,135,2
99175,69,1,17202.89791068178,136,1
99176,63,2,13194.467160508095,148,1
99177,0,2,8452.782196007849,148,1
99178,68,1,5716.819888829035,140,2
99179,80,2,23080.787864186652,137,1
99180,3,2,0.0,134,1
99181,29,1,61036.835239548804,146,2
99182,34,2,38135.99238119129,134,1
99183,68,1,8410.476169515954,145,2
99184,17,1,9053.992574156186,148,1
99185,0,1,10713.500269901926,135,2
99186,26,1,29346.7377488216,135,1
99187,42,1,17905.740706817956,145,1
99188,80,1,16455.946631005954,139,2
99189,16,1,25450.320051514016,140,1
99190,53,2,25571.895392991235,136,2
99191,80,2,41044.287896230584,142,2
99192,18,2,0.0,135,1
99193,44,2,16822.657738815837,135,1
99194,30,2,18012.812339594017,144,1
99195,43,1,243429.27116422978,134,2
99196,1,2,14881.35082216898,142,1
99197,28,2,56490.637156580524,141,2
99198,22,2,14980.186897624037,148,1
99199,14,1,8342.627021874945,138,1
99200,49,2,23363.38195594926,138,1
99201,18,2,48099.56509317998,139,2
99202,9,2,17858.142998309595,135,1
99203,6,2,0.0,148,1
99204,65,2,13908.32012245945,135,2
99205,9,2,31928.866962076252,135,1
99206,0,1,21604.727296431618,144,2
99207,24,2,30473.891754175464,144,1
99208,41,1,63494.97261993059,141,1
99209,80,2,16019.45957818267,138,1
99210,71,1,12119.735200764711,140,1
99211,17,1,37930.60615024071,142,2
99212,33,1,47908.34619560755,144,2
99213,8,2,32991.55806812508,145,1
99214,0,1,9534.452484855377,142,2
99215,14,1,54131.280957494106,140,1
99216,2,2,12202.796809179894,140,1
99217,17,1,20756.846836567882,144,2
99218,9,1,17704.08438603134,148,2
99219,10,1,9605.39273288317,137,1
99220,78,2,17755.73712513087,145,2
99221,19,1,61809.69660187882,146,1
99222,66,2,9836.528869007525,146,2
99223,14,2,13314.025491366328,141,2
99224,46,2,15674.722115028693,141,1
99225,11,2,14308.217360947645,144,2
99226,47,2,35042.49721281266,137,1
99227,52,1,15254.453181447632,143,2
99228,10,2,50507.975228797295,141,2
99229,19,2,20135.40180221332,140,2
99230,61,2,6095.7714564376365,144,1
99231,37,2,127772.45026173902,142,2
99232,30,1,26065.66974694824,141,2
99233,20,2,26451.87076015287,143,2
99234,33,1,47000.325630942876,139,2
99235,2,2,9862.841259527399,145,1
99236,6,1,39998.58172369632,140,1
99237,44,2,27294.93902902339,138,2
99238,12,2,14860.336076773905,147,2
99239,78,2,41018.8577727303,137,1
99240,54,2,23811.33695524217,136,2
99241,71,1,10240.12623907018,145,1
99242,46,2,46828.44932463809,147,1
99243,80,1,12890.852199753439,141,2
99244,23,2,0.0,140,1
99245,9,1,21696.314059341614,142,2
99246,39,2,32802.852331064445,147,2
99247,23,1,45508.52508455818,146,2
99248,66,1,11037.031195828406,141,1
99249,18,2,9599.364163313967,138,1
99250,9,2,5826.287343403876,137,1
99251,45,1,332785.8662317737,137,2
99252,2,1,5943.871664062825,147,1
99253,7,2,11809.38863681935,146,1
99254,7,1,23742.199016080325,135,2
99255,56,2,26549.66749181429,144,2
99256,69,1,5189.457307055565,142,2
99257,49,2,40892.17594384581,141,2
99258,49,1,27650.612110860402,144,1
99259,80,2,16050.191057595744,136,2
99260,48,2,117784.46175797918,135,1
99261,8,1,14644.472874201634,147,1
99262,63,1,9185.040869372346,142,2
99263,50,2,11282.29518866905,148,2
99264,8,1,0.0,139,2
99265,67,2,8905.146659428736,140,2
99266,10,1,14149.911759126488,146,2
99267,1,1,14954.733922300276,142,2
99268,0,1,5589.152538235142,136,1
99269,79,1,31503.777209025837,142,2
99270,62,2,106182.7492528688,139,2
99271,56,2,11864.273925914742,144,2
99272,4,2,0.0,143,2
99273,5,2,4213.4094220056095,135,1
99274,53,2,24867.264380397384,137,1
99275,18,2,29793.260750581667,134,2
99276,6,1,49007.694341520044,140,1
99277,58,1,38079.494485257266,143,2
99278,35,1,53681.89785722793,142,2
99279,34,2,35520.37277178589,136,1
99280,31,1,216728.35497933187,144,2
99281,2,1,6996.908445112221,147,1
99282,42,2,26880.96803997556,144,2
99283,68,1,16790.887585239543,138,2
99284,37,1,39865.61116422222,138,1
99285,61,2,14798.222756902456,135,2
99286,14,2,88500.49260307499,139,1
99287,57,1,38482.77556885998,148,1
99288,5,2,0.0,142,2
99289,64,2,62405.10239012473,142,1
99290,61,1,90138.72263664553,139,2
99291,42,1,11676.652621943937,147,1
99292,29,1,80084.21953755654,142,2
99293,75,1,16743.697742665976,134,2
99294,9,1,56580.52638633317,144,2
99295,12,2,23569.67257993183,147,1
99296,77,2,36155.39401578188,139,1
99297,32,1,25738.565270537267,140,1
99298,59,2,10611.906614288184,135,2
99299,62,2,14969.626453525458,141,2
99300,44,2,33731.595198509116,138,1
99301,1,1,5496.257271961154,145,1
99302,14,1,36471.8138999914,134,2
99303,68,2,18561.062331793393,147,1
99304,29,1,93077.3385952862,134,1
99305,50,1,20627.2276433354,140,2
99306,17,1,13652.668978979164,136,1
99307,3,2,16206.246288796074,137,1
99308,26,1,22671.944656789674,147,1
99309,80,2,35679.80557892981,141,2
99310,74,2,12551.419104083117,148,2
99311,80,1,60961.62348217897,144,1
99312,70,1,9341.255636326114,135,2
99313,64,2,12020.121817557882,139,2
99314,2,1,14466.018352777242,140,1
99315,22,1,39493.40944380747,140,2
99316,47,1,65890.48408021328,136,2
99317,20,1,0.0,137,1
99318,28,2,20311.661638605907,141,1
99319,10,1,10759.37442721484,141,2
99320,30,2,28378.27602342696,144,2
99321,45,1,11422.15010671211,134,1
99322,35,2,41007.86435842011,139,1
99323,10,2,10358.94607955035,138,1
99324,5,2,21494.013058997112,139,2
99325,16,1,18299.070927550685,147,2
99326,0,1,13685.87572494583,137,2
99327,59,1,19141.19367835021,145,2
99328,6,1,14864.903492618603,137,1
99329,60,1,16859.66861395346,137,1
99330,35,1,90173.99439182812,145,1
99331,2,2,34598.5411144253,146,2
99332,63,2,17734.618301871586,146,1
99333,73,2,11360.817879637078,148,2
99334,3,1,31857.105812783568,136,2
99335,46,1,26815.61606600003,141,2
99336,0,1,19045.089137302104,136,1
99337,6,1,0.0,147,2
99338,37,2,53728.42225066606,144,2
99339,21,2,60795.26926804702,136,2
99340,52,2,60312.82153242248,142,1
99341,63,2,170220.75398267456,141,1
99342,6,1,19093.82939929157,140,2
99343,80,2,47596.71806596258,136,1
99344,45,1,18965.547000822502,138,2
99345,52,1,17213.880379545408,144,2
99346,26,1,27980.50029217674,137,2
99347,14,2,17851.481584390025,139,1
99348,80,2,25687.06334365011,139,2
99349,37,1,74572.86166057321,138,1
99350,33,1,0.0,144,2
99351,80,1,32083.948124477633,139,1
99352,7,2,11518.174557663471,147,2
99353,30,2,35190.20838350729,144,1
99354,19,2,46401.72067242727,145,1
99355,10,1,19093.82939929157,140,2
99356,3,1,12079.819037965844,134,2
99357,0,1,10657.78661083886,147,2
99358,43,1,22632.912330494786,134,2
99359,37,2,21462.475001459177,138,2
99360,8,1,24539.212094425708,144,2
99361,34,1,92007.67289029727,142,1
99362,2,2,18690.479103951424,135,1
99363,4,1,55616.24649132208,137,2
99364,52,1,20277.62344794664,137,2
99365,8,2,22401.44108466138,139,1
99366,47,2,46444.58732916766,143,2
99367,9,1,32629.440268391256,140,2
99368,2,1,10030.254585689418,144,2
99369,13,1,30501.710672381018,138,1
99370,48,2,12745.175087775322,144,1
99371,8,1,32624.47732259849,135,1
99372,67,2,251699.87079562145,147,2
99373,15,1,72242.18019649114,141,2
99374,60,2,33134.481428085506,137,2
99375,2,1,28653.74168678269,141,1
99376,53,1,20457.143429823172,147,1
99377,80,2,27252.696003331963,134,2
99378,36,2,36224.45065043591,148,2
99379,4,2,19832.32282348774,146,1
99380,80,2,81444.14991339452,143,2
99381,80,2,21062.38943905068,138,2
99382,7,1,9036.692493892933,147,1
99383,75,2,9320.54387746001,145,1
99384,35,1,0.0,139,2
99385,68,2,189142.30294891077,135,1
99386,10,1,11735.05310639596,143,2
99387,80,2,33401.16735172922,141,2
99388,55,2,17290.908971835048,145,2
99389,59,2,145519.6123391161,137,2
99390,41,2,28726.224618310425,147,1
99391,72,1,18403.322733578236,144,2
99392,48,2,38483.57071872065,144,1
99393,70,1,15123.994241594153,145,1
99394,20,1,15054.77117045377,147,1
99395,8,2,15218.952182741392,145,2
99396,22,2,31753.74585229734,144,2
99397,79,1,0.0,135,1
99398,7,1,28844.94814395111,138,2
99399,5,2,0.0,141,2
99400,26,2,40352.95217299723,135,1
99401,22,2,20890.80158979772,135,2
99402,60,1,9627.455683523522,139,1
99403,11,2,17502.521713806967,148,1
99404,34,2,83646.42062302885,146,2
99405,54,1,52312.612661409796,142,2
99406,1,2,17156.18809981574,142,1
99407,49,2,19859.68300403279,144,1
99408,2,2,19648.326443904723,145,2
99409,11,2,15837.589441983342,139,2
99410,52,2,13877.958143862135,143,2
99411,80,2,0.0,136,2
99412,70,1,10980.243619235602,147,1
99413,15,1,17394.92358494396,137,1
99414,4,2,93005.2125688516,135,2
99415,73,2,35831.99654224145,136,1
99416,45,1,96775.6462840563,144,2
99417,18,1,13158.858295940205,136,2
99418,61,2,27714.642353392046,140,2
99419,46,1,17988.40146719644,136,2
99420,51,2,26093.103852011423,144,1
99421,61,1,6214.242375086312,144,1
99422,57,1,16780.056817005778,137,1
99423,1,2,18295.24524184355,134,2
99424,54,1,16147.60423790875,145,1
99425,57,2,13124.508911735238,140,1
99426,24,1,0.0,142,1
99427,45,2,24952.686033593203,145,1
99428,19,2,15923.043423750656,146,1
99429,62,2,9971.454486332288,147,2
99430,36,1,79032.33466450064,142,2
99431,48,2,15767.031055261103,144,1
99432,9,1,31341.42158668133,140,2
99433,2,2,34598.5411144253,146,2
99434,34,1,15212.279210409491,138,2
99435,20,1,54946.984121138514,146,1
99436,22,2,22536.59955211861,147,2
99437,80,2,53929.68332349794,137,2
99438,41,2,18894.202233020642,144,1
99439,34,2,20757.615660258743,136,2
99440,55,2,16693.864807083402,138,1
99441,65,2,27935.32955809417,147,2
99442,35,2,23906.36373071284,139,2
99443,57,1,124884.45693850421,135,2
99444,52,1,21988.97325964715,137,1
99445,15,1,68908.17206497781,141,2
99446,29,2,65200.46556191332,135,1
99447,12,1,28539.182342977725,134,2
99448,49,1,24500.754002262373,139,2
99449,41,1,18529.796878040335,147,2
99450,17,1,9080.159664042334,136,1
99451,17,2,11160.287814210187,147,1
99452,63,2,42251.317854226916,140,1
99453,29,2,19340.522058911127,140,2
99454,57,1,18549.631481991124,146,2
99455,14,2,23183.427115624614,141,2
99456,26,1,12351.870511449406,144,2
99457,40,1,30546.16851947345,147,2
99458,0,2,0.0,136,1
99459,20,2,41076.72159565412,144,2
99460,30,1,36260.22712152658,146,2
99461,61,1,9971.037914931972,136,2
99462,12,1,17394.92358494396,137,1
99463,23,2,53906.58469974554,137,2
99464,48,1,155778.33588923255,136,1
99465,70,2,25323.083957698313,134,2
99466,29,2,22591.711265182883,147,1
99467,11,1,26605.724118290687,147,2
99468,11,2,10058.647198379973,145,2
99469,59,1,236419.3642399322,140,2
99470,56,2,21913.208570481664,144,2
99471,19,1,9375.809571136751,147,1
99472,11,1,9980.1203392635,134,2
99473,41,1,214086.93362587527,143,2
99474,63,2,33134.481428085506,135,1
99475,60,1,6718.396448505198,144,1
99476,8,2,13622.862065781526,143,1
99477,63,1,11284.22729765528,137,1
99478,1,2,24610.53252267777,143,2
99479,58,2,12760.378824906626,148,2
99480,13,2,7812.69780565383,148,2
99481,32,2,41688.9373505086,139,2
99482,0,1,7497.797006255971,137,1
99483,74,1,24906.691007971065,142,2
99484,51,2,13689.446709524342,140,2
99485,4,1,0.0,145,1
99486,62,1,11022.31169835541,134,2
99487,10,1,11898.69650815024,144,1
99488,57,1,37792.245565417645,143,2
99489,51,1,12266.247663969783,143,1
99490,80,1,0.0,134,1
99491,18,1,42775.03188296692,144,2
99492,80,1,56868.90765695447,146,1
99493,9,1,20598.619491977854,139,2
99494,46,2,14629.279361759456,137,2
99495,43,2,83042.00790151171,138,1
99496,43,2,21330.078016897776,144,2
99497,56,2,27851.930984629566,135,2
99498,32,1,18433.46626223132,136,2
99499,70,1,27241.47092688905,134,2
99500,61,1,14569.453569066407,135,2
99501,78,2,14260.866046896597,134,1
99502,18,1,12393.651292493769,148,2
99503,61,2,9367.957247728194,139,1
99504,10,1,0.0,143,1
99505,45,2,27856.782450198578,135,2
99506,69,1,4751.229363011819,148,2
99507,78,2,18598.954974991928,144,1
99508,0,1,5783.612535713335,147,2
99509,73,2,28105.121379929857,139,2
99510,35,2,17495.31896402768,138,1
99511,55,2,281295.98402826756,145,1
99512,65,2,6999.4012085970235,147,1
99513,36,2,18414.216061207593,141,1
99514,73,1,26787.451653607397,144,2
99515,1,1,15802.185956785268,147,2
99516,10,1,29444.427992087727,136,2
99517,39,2,38006.43001628704,142,1
99518,80,1,17009.41728715997,136,1
99519,65,2,137734.3869566012,136,2
99520,9,2,20457.968272056907,141,1
99521,77,2,17379.169251480565,142,2
99522,68,1,15302.249505393196,140,2
99523,4,2,13242.101857349704,139,2
99524,80,1,17045.995811453617,146,2
99525,26,2,61526.907835915976,146,2
99526,29,2,23806.028090448304,141,1
99527,5,1,5917.953450306792,136,1
99528,3,2,21713.000114700877,137,2
99529,0,1,11597.919842090329,138,1
99530,3,1,38716.233024466506,142,2
99531,55,2,18218.08350100814,135,1
99532,63,2,7772.2765297271,138,1
99533,73,2,77270.99796015296,140,2
99534,67,2,15847.412375726195,138,2
99535,72,1,15162.440110858739,148,2
99536,36,2,18406.08399529067,137,1
99537,71,1,0.0,146,1
99538,66,1,182443.74137350303,142,1
99539,22,1,39125.599693728254,142,2
99540,57,1,25205.802938934914,139,1
99541,43,1,38051.70724272164,141,1
99542,12,1,28190.24497137377,140,2
99543,69,1,8625.740239179018,134,1
99544,12,1,20750.89005680885,135,1
99545,29,1,20707.41182737659,147,1
99546,2,1,22886.149968993806,143,2
99547,19,1,28015.266786534346,142,1
99548,66,1,17472.017935780506,137,1
99549,14,2,15560.893828392422,136,1
99550,5,1,56333.6110382975,139,1
99551,9,1,20936.77079729519,134,1
99552,18,2,16796.48672054356,140,2
99553,10,1,7617.613618910368,148,1
99554,72,1,51182.80039769171,146,2
99555,10,2,47336.47403160173,142,1
99556,62,2,164558.36938864377,146,2
99557,7,2,0.0,143,1
99558,5,2,12339.983625625817,146,2
99559,14,2,14645.428040502964,136,2
99560,7,2,18320.10597540497,140,2
99561,9,2,37333.1329910525,138,1
99562,6,1,10397.379758951116,145,2
99563,52,1,24869.95598403499,144,1
99564,76,2,38662.26741322257,142,2
99565,80,1,11941.725073246558,142,2
99566,0,2,12483.775764498021,142,2
99567,16,1,10456.585653122267,138,2
99568,52,2,44644.851168800094,134,2
99569,8,2,18412.874484887823,143,1
99570,10,1,26236.20278023279,135,2
99571,11,2,26539.733051787025,138,1
99572,45,2,0.0,135,1
99573,25,1,33646.295471976155,147,2
99574,63,1,125218.48560707521,142,1
99575,74,2,158002.05397342643,148,1
99576,7,1,17267.700053210672,136,2
99577,27,2,9883.4583757006,136,2
99578,10,1,26925.10889535794,137,2
99579,17,1,71907.08248634927,147,1
99580,66,1,111349.57106509629,146,2
99581,8,2,22479.63218048717,144,1
99582,9,1,14198.83038941502,136,1
99583,23,2,104368.1218467227,137,2
99584,21,1,92440.18705743154,136,2
99585,35,1,60830.23332971913,139,1
99586,9,2,11177.595591166535,147,1
99587,17,1,21590.481007757,137,2
99588,12,2,17851.481584390025,139,1
99589,56,1,24871.596320484918,146,2
99590,54,2,37046.17168395673,140,1
99591,13,2,15768.889950124527,146,2
99592,4,2,11612.593095920534,143,1
99593,34,1,22280.623401519155,144,2
99594,8,2,23873.266107935415,144,1
99595,19,1,0.0,143,2
99596,48,1,22531.89579257589,136,2
99597,80,1,30681.020528722715,142,1
99598,10,1,11569.538586861632,141,2
99599,48,2,254660.52086479633,142,1
99600,55,2,30499.963987435574,148,2
99601,10,2,14868.739621888297,142,2
99602,64,2,9819.729882734026,136,1
99603,70,1,78493.46118219662,141,1
99604,80,1,30330.630952468582,147,1
99605,46,1,100139.23201940984,141,2
99606,70,2,46559.27244201436,148,1
99607,8,2,18934.916620222415,143,1
99608,10,2,82131.10167751634,147,2
99609,46,1,28140.050124079513,146,2
99610,65,1,8265.03728992112,145,1
99611,13,2,21976.013874369382,138,2
99612,3,1,39331.78078136015,140,1
99613,38,1,54689.37909089714,140,2
99614,17,1,5665.3148961134175,142,2
99615,63,2,33134.481428085506,137,2
99616,39,2,131784.6708828513,142,2
99617,15,1,14228.781925935587,144,2
99618,46,1,27304.490554760592,136,1
99619,50,1,14159.51885114673,135,2
99620,1,1,0.0,139,2
99621,63,1,10885.643242074671,148,1
99622,61,2,272076.7834195397,145,2
99623,1,1,19334.378384976288,146,2
99624,45,1,29666.275373154574,139,2
99625,68,1,307165.2600892197,143,1
99626,2,2,9734.423924652907,136,1
99627,5,1,52568.45904406745,146,2
99628,52,2,30469.296980845826,148,1
99629,14,2,12717.994811363447,144,1
99630,73,1,7845.677067997216,139,2
99631,40,1,13344.489966825684,143,2
99632,18,1,78125.73035596985,141,2
99633,60,1,15088.862379177961,148,1
99634,1,2,34001.06250815147,142,2
99635,65,2,20403.90183973977,143,2
99636,53,2,19396.291034019414,144,2
99637,30,1,17202.968404445393,141,2
99638,1,1,9784.573587333076,138,1
99639,16,2,19433.88049570964,137,1
99640,6,1,15609.476569509654,148,1
99641,23,1,19623.701815303484,143,2
99642,42,2,0.0,142,2
99643,80,2,21006.517203768177,142,1
99644,6,1,0.0,136,1
99645,80,2,16470.218493556284,139,1
99646,77,2,0.0,140,1
99647,76,1,15638.6289775029,146,2
99648,6,2,140822.57602922333,147,2
99649,7,2,8320.892337701935,147,1
99650,4,2,12598.57141086842,137,1
99651,8,1,41180.47600543641,146,1
99652,1,1,11312.802658615601,139,1
99653,53,1,27860.875137324085,145,1
99654,5,1,35880.63036431398,141,2
99655,38,1,42502.69730552908,147,1
99656,5,2,19852.08147900102,145,2
99657,5,2,32819.63455126232,141,2
99658,66,2,18357.09058934264,143,2
99659,41,2,20246.905360294983,143,1
99660,75,1,65771.95893047091,140,2
99661,48,2,10355.01790659957,148,2
99662,65,2,15389.502653741547,146,2
99663,15,1,31064.725986107776,139,2
99664,4,2,16240.803604031795,139,2
99665,46,2,19137.66366333898,138,2
99666,4,1,64361.32795680303,135,1
99667,3,1,44310.598335511146,142,1
99668,63,1,7965.880207652902,140,1
99669,11,2,28234.473219019466,138,1
99670,66,1,9894.224775289551,146,2
99671,8,2,13773.636908538976,139,1
99672,32,2,17667.439330064644,148,1
99673,2,2,12041.801495660024,142,1
99674,71,1,70857.04113312575,134,1
99675,53,2,253959.91043227512,146,2
99676,51,2,36783.32784372025,139,1
99677,14,1,7707.8995533461775,140,2
99678,38,2,34041.35887924057,136,1
99679,61,1,17818.035509777947,143,1
99680,62,1,10147.059679432108,146,2
99681,13,2,17636.943419640374,139,2
99682,80,1,71078.65519740571,147,2
99683,80,2,29053.46370564996,140,1
99684,64,2,17032.710512964164,134,2
99685,38,1,0.0,140,2
99686,40,1,36182.59433268347,138,1
99687,8,1,56936.57021675494,147,2
99688,7,1,9614.904862010691,138,2
99689,28,1,46738.020910604166,136,2
99690,10,2,11328.178721723685,139,1
99691,44,2,79640.68385562567,144,2
99692,3,1,65802.16602034087,134,1
99693,0,2,14782.973122706746,137,2
99694,48,1,176836.54407164198,142,2
99695,37,2,85777.52884965208,139,2
99696,14,2,35918.871025503504,138,1
99697,18,2,14818.542887101747,140,2
99698,74,2,18254.71734910021,136,1
99699,15,1,77789.35020121289,144,2
99700,70,1,8026.09616769126,139,2
99701,1,1,23209.01159904235,135,1
99702,65,1,9703.547252790622,144,1
99703,80,2,18591.492468951834,139,1
99704,3,1,19705.298440415885,144,2
99705,40,2,32982.27354369695,138,2
99706,12,2,22097.486088236776,137,2
99707,51,1,0.0,137,2
99708,63,2,25639.531357714233,141,1
99709,26,1,15581.489033230986,137,2
99710,30,2,4920.603922793248,140,2
99711,58,2,9955.939953980249,136,1
99712,9,1,8306.06535343644,138,1
99713,14,1,41914.11102526163,134,1
99714,35,2,71312.94122781816,142,1
99715,24,2,30112.747179255482,147,1
99716,35,1,7391.875278309208,135,2
99717,60,2,13135.574605854972,137,2
99718,10,2,43338.32108571367,141,1
99719,60,2,14595.896952534615,145,1
99720,53,1,13595.943930200396,138,2
99721,20,2,36573.24834703451,146,2
99722,2,2,34782.93555163089,144,2
99723,10,1,34920.59119577423,144,2
99724,56,1,42996.3199505155,138,1
99725,1,1,39145.944612554114,143,2
99726,77,2,59032.09170104026,145,2
99727,78,2,61132.83680672937,135,1
99728,15,2,31381.46231513791,134,2
99729,10,1,17890.097226684546,137,1
99730,9,1,9623.801063888184,137,2
99731,4,1,18349.90306592798,144,2
99732,13,2,126546.21608729397,141,1
99733,3,2,8832.026387853197,140,2
99734,8,1,15467.863020386385,144,1
99735,15,1,18371.50405950018,136,1
99736,62,1,9541.304018157425,145,1
99737,14,2,15340.346791035512,144,2
99738,7,1,8900.90343994893,147,1
99739,17,1,11828.178327915928,147,1
99740,64,1,118085.05185851357,138,2
99741,80,1,14344.695132053765,138,1
99742,79,1,9930.912330702018,141,2
99743,80,2,36249.23520812654,143,2
99744,51,2,84725.34731270155,145,1
99745,33,1,23012.066507356038,148,1
99746,2,2,14832.02380517518,139,2
99747,80,2,25648.36852795109,140,1
99748,0,2,20471.72270612187,142,1
99749,33,2,31523.799980450418,145,2
99750,0,2,11088.963268089796,142,2
99751,27,2,60451.96855015758,142,1
99752,1,1,7675.4033916920835,144,1
99753,9,2,10406.658907832232,144,2
99754,36,1,121365.78254895148,146,2
99755,0,1,7957.708390607663,140,1
99756,5,2,13843.703365293926,148,2
99757,18,2,29793.260750581667,134,2
99758,80,2,32867.49910497672,134,1
99759,50,1,13931.730946724518,136,2
99760,67,1,8069.600642213308,147,1
99761,20,2,60016.15343896096,134,2
99762,55,2,21002.990326377527,138,1
99763,54,2,20178.848956495658,141,2
99764,14,2,0.0,146,2
99765,46,2,28342.761326365282,148,2
99766,49,1,18072.816431395826,144,2
99767,2,2,12426.82762254202,141,2
99768,28,2,169162.64400119198,143,2
99769,15,2,28967.144438074138,146,2
99770,16,1,26068.023806813962,140,1
99771,19,2,17898.074141202676,140,2
99772,43,2,21630.208850761992,147,2
99773,16,1,20049.85448897073,139,2
99774,80,2,23171.198302069166,136,1
99775,24,1,0.0,137,2
99776,71,1,22195.129683953674,148,1
99777,21,1,115821.69541255139,145,1
99778,46,1,18113.797874550917,144,2
99779,41,2,25404.43881487004,144,2
99780,47,2,0.0,136,1
99781,4,1,24797.5982484604,147,2
99782,53,2,29226.494964903402,147,2
99783,35,1,75759.77432563282,136,2
99784,3,1,17531.61967045813,142,2
99785,80,2,96170.7051406744,147,2
99786,44,1,20913.09069840314,145,1
99787,0,2,11667.960483647274,138,1
99788,17,1,74639.61978246912,140,1
99789,0,1,10129.129811008368,145,1
99790,24,1,28436.960477377914,135,2
99791,8,1,7026.220974200292,144,1
99792,69,1,17402.69453894784,139,2
99793,26,2,170644.41505755932,144,2
99794,55,1,0.0,138,2
99795,21,2,51876.590040869305,145,1
99796,58,2,0.0,146,2
99797,65,1,36744.55976138909,146,2
99798,29,1,70557.88464991574,146,2
99799,16,2,29477.239786776423,138,2
99800,18,1,73213.5060717298,144,2
99801,32,1,0.0,141,2
99802,12,2,17504.083313482806,148,1
99803,13,2,15800.249524156796,134,2
99804,61,1,49679.98166132306,142,1
99805,0,1,9083.534969508306,146,1
99806,70,2,32589.68298104138,138,1
99807,27,1,58923.72899171701,140,2
99808,39,2,46459.73654303183,134,2
99809,2,2,12625.293321097804,137,2
99810,13,1,31338.955321399848,137,2
99811,48,2,25602.19084318703,147,1
99812,9,1,10217.443625443075,141,2
99813,48,1,16933.65118204518,138,2
99814,10,2,0.0,138,1
99815,71,2,17500.644906967973,148,2
99816,55,2,180906.46368690478,137,2
99817,57,2,18578.404218413125,145,2
99818,11,1,10751.786450170728,147,2
99819,50,1,294522.5334925484,134,2
99820,80,1,26273.869652087134,135,1
99821,46,1,0.0,143,2
99822,28,2,34578.952119197456,138,2
99823,4,1,34221.812661201606,134,1
99824,33,2,14788.271337868786,137,1
99825,67,1,5153.812872254941,147,1
99826,16,1,19351.122214949137,139,2
99827,3,2,9727.959317791194,139,2
99828,16,2,12699.061848407322,138,2
99829,13,1,19382.576626986753,147,2
99830,18,1,10456.585653122267,138,2
99831,58,1,37308.21398386002,144,1
99832,1,1,21756.808261691316,140,1
99833,70,1,70528.6030809053,135,1
99834,44,1,20541.667248303496,140,2
99835,3,2,0.0,146,2
99836,13,1,18830.727523554375,141,1
99837,5,1,7585.604460636047,140,2
99838,48,2,64760.97828117153,146,2
99839,42,1,16171.906432164315,144,1
99840,74,2,24978.42678377148,137,1
99841,21,1,27474.511812313172,138,1
99842,47,1,150147.03903889572,146,2
99843,1,2,18841.21569227718,134,1
99844,45,1,14691.299075939476,144,1
99845,6,1,21824.44028886709,140,2
99846,2,1,24672.14499665733,146,1
99847,18,2,0.0,134,2
99848,39,2,52087.849075979306,141,2
99849,3,1,25163.783206105916,140,2
99850,4,1,27909.592436414572,145,1
99851,71,2,6408.795885072726,148,2
99852,21,2,44984.585565520756,145,2
99853,14,1,9721.996306398303,139,1
99854,69,2,32476.496107435756,139,2
99855,34,1,19640.28158582368,139,1
99856,54,1,26561.668414030635,143,1
99857,36,2,46305.26569330613,148,2
99858,58,1,93917.311350984,142,1
99859,4,1,43298.12247097769,142,1
99860,43,2,0.0,146,1
99861,30,2,23157.50731639342,145,2
99862,1,1,8041.85217060905,134,1
99863,57,1,0.0,147,2
99864,36,2,48565.65548883249,142,2
99865,9,1,0.0,145,2
99866,61,1,23179.65544785499,136,1
99867,29,1,110144.92176848484,146,2
99868,70,2,170077.08413851622,145,2
99869,24,1,47188.89040672424,142,2
99870,80,1,17543.715275086866,146,2
99871,25,2,51165.591521281254,143,2
99872,31,2,50331.92177019567,137,1
99873,49,1,16233.755478009334,148,2
99874,60,1,11690.102420038182,145,2
99875,15,2,16365.589617391437,137,2
99876,25,1,111398.70987373986,139,2
99877,7,1,18205.14015388631,136,2
99878,8,1,0.0,138,2
99879,27,2,39458.5320391045,145,2
99880,9,1,9980.1203392635,134,2
99881,55,2,23109.663899651216,140,2
99882,13,2,21976.013874369382,138,2
99883,51,1,52041.21509268557,135,1
99884,64,1,125158.75038365094,139,1
99885,30,2,23881.563050788565,144,1
99886,63,2,42846.40683808927,140,1
99887,27,2,50778.84655196115,142,2
99888,6,1,0.0,146,2
99889,8,2,62487.474451225055,144,2
99890,68,2,44542.555083868814,145,1
99891,36,2,120800.98680811396,144,1
99892,19,2,34380.32624956548,135,1
99893,41,2,25919.420429303012,140,2
99894,32,1,44061.681690022604,136,2
99895,73,1,44257.68105125956,134,2
99896,47,1,15176.703695240054,148,2
99897,6,2,80878.1399843083,145,1
99898,33,1,181531.26724283063,137,1
99899,59,1,347125.7260391691,143,1
99900,50,1,29050.446797584864,146,2
99901,36,2,18851.187198418556,136,1
99902,12,1,35286.13190310664,134,2
99903,5,1,20117.194804277835,136,1
99904,12,2,0.0,138,1
99905,45,1,20617.91310615548,139,1
99906,80,1,0.0,141,2
99907,66,2,139660.52137471744,146,2
99908,63,2,11935.825203346063,148,1
99909,42,1,17195.98084277725,144,2
99910,30,2,57240.414215161676,143,1
99911,14,2,14420.933298365982,147,1
99912,12,1,30336.65432467291,147,2
99913,74,1,14132.86068890506,140,1
99914,70,2,22378.12796776389,145,1
99915,16,1,5576.087762736136,140,2
99916,5,1,21970.883645765072,136,2
99917,10,2,28923.68795845335,136,1
99918,33,2,11559.433960653738,140,2
99919,80,1,9790.778221214468,136,1
99920,36,2,53785.63545885416,140,1
99921,14,2,34530.127629075665,142,2
99922,63,1,159744.4306522984,141,1
99923,6,1,31524.91748207587,137,2
99924,21,2,27790.75512430729,138,2
99925,38,1,72668.72286911632,134,1
99926,54,2,14857.74559907032,144,2
99927,25,1,44194.47350615843,137,2
99928,29,1,40641.40736632185,136,2
99929,39,1,42286.91604977053,141,2
99930,63,2,12626.458452698673,134,1
99931,20,2,11211.661921254168,142,2
99932,31,1,68718.69256877647,144,2
99933,17,1,28177.264309900576,138,1
99934,26,2,86888.89789286717,145,1
99935,42,2,25124.33911416733,136,2
99936,0,1,8253.01820023498,140,1
99937,54,2,31645.99832349315,136,1
99938,37,2,14898.077929408299,145,2
99939,39,2,31290.43402604222,143,2
99940,8,1,15394.013520324292,147,1
99941,56,2,30999.808655765446,138,2
99942,35,2,32320.73593403508,141,2
99943,11,1,11569.538586861632,141,2
99944,9,1,16154.800625818343,146,2
99945,74,2,16205.501815300717,134,2
99946,0,1,7541.941065074676,144,2
99947,56,2,26167.03511482396,142,2
99948,80,2,34648.03447638096,146,1
99949,21,2,33157.98700031551,135,1
99950,80,1,12924.759569716649,147,2
99951,38,2,49368.626742373744,134,1
99952,61,1,177781.40674975913,146,2
99953,73,1,10238.315342058324,138,1
99954,71,1,11271.877321740403,145,1
99955,11,2,0.0,135,2
99956,4,2,28585.84705377509,144,2
99957,80,2,0.0,142,1
99958,3,1,25212.148453579197,135,2
99959,48,1,13017.161296900116,147,2
99960,11,2,12992.264777680746,142,2
99961,39,2,19023.123052939416,148,2
99962,26,2,0.0,145,2
99963,0,1,6527.763870794604,135,2
99964,21,2,30756.5402938152,137,2
99965,5,1,10250.482851308905,141,2
99966,46,2,15451.143473241313,140,1
99967,14,2,17504.083313482806,148,1
99968,19,2,30677.77915724517,146,2
99969,69,1,9497.497883253618,136,1
99970,16,1,32727.878893666104,139,1
99971,17,1,85476.30919607017,142,2
99972,13,2,125464.1209564552,146,2
99973,14,1,18961.424121274977,142,1
99974,26,2,88376.03602987863,135,1
99975,11,1,19007.25524391137,142,1
99976,11,2,97841.38053758952,137,2
99977,77,2,19489.979925436688,143,2
99978,3,1,16510.482705124683,134,2
99979,80,2,30172.033441930045,143,1
99980,8,2,25728.71713758614,138,2
99981,4,2,42690.69175326809,147,2
99982,17,1,35189.5099131345,146,1
99983,33,2,33009.24955457158,142,2
99984,54,2,24708.855055025662,135,2
99985,37,2,146847.4087363054,147,2
99986,31,2,24811.389708054186,147,1
99987,58,1,13329.454748530592,146,2
99988,18,1,41832.68765560294,142,1
99989,21,2,35605.15912031716,136,2
99990,80,1,32729.984904234818,135,1
99991,64,1,16198.496066760865,136,2
99992,61,2,12110.931311304548,145,2
99993,30,2,0.0,140,2
99994,48,2,22151.152954968264,136,2
99995,14,2,15825.655003986129,144,1
99996,51,2,12660.252247674309,145,1
99997,64,2,6271.921274316807,135,1
99998,10,2,17969.362131721307,141,2
99999,25,1,28081.133872204224,141,2
100000,21,2,21723.806830955444,144,1
100001,39,1,152100.04131110135,140,2
100002,9,2,17211.959550976404,136,1
100003,19,2,20209.153952868037,146,1
100004,65,2,16884.289056362002,144,2
100005,0,1,7010.620360579559,143,2
100006,9,2,33916.15987878743,140,2
100007,63,2,13647.244580308088,143,1
100008,56,2,8488.077708371653,136,1
100009,19,2,23808.888333117367,139,2
100010,80,1,78883.86280097556,134,2
100011,6,2,10427.122971469233,138,1
100012,51,1,255038.38098928225,143,2
100013,43,2,22986.14429812278,137,1
100014,19,2,12435.007175222134,144,1
100015,27,1,92057.57789301725,146,2
100016,36,1,29106.13009209518,145,2
100017,14,1,29180.971477292802,138,1
100018,22,1,82521.55170403804,138,1
100019,22,1,31653.18438770674,144,2
100020,65,1,23342.20916036024,139,2
100021,11,2,34493.979369519904,139,2
100022,13,1,38763.1932733737,142,1
100023,40,2,0.0,143,1
100024,39,2,52903.6309574792,139,2
100025,35,2,46847.92230784345,141,1
100026,22,2,20720.13494461181,137,2
100027,0,2,5494.656170531749,145,2
100028,2,2,7513.509876613122,148,2
100029,20,2,44888.35030356202,136,2
100030,64,1,0.0,147,2
100031,8,1,34459.34256885346,142,2
100032,27,2,28589.023090946885,141,2
100033,62,2,24155.0167790912,140,2
100034,0,2,7044.50881985434,138,1
100035,18,2,19433.88049570964,137,1
100036,4,1,7845.035623806021,135,2
100037,54,1,39920.41331736612,148,1
100038,11,1,66797.41015884167,135,1
100039,28,1,152959.68618578478,136,1
100040,24,1,88097.69195589676,146,2
100041,47,1,167317.62157743762,135,1
100042,16,2,21620.149551003684,146,2
100043,67,2,10478.593749366228,139,1
100044,27,1,18219.907765930155,144,2
100045,2,2,13528.363150959252,140,2
100046,51,1,20396.428589084226,142,2
100047,42,1,35701.0879006607,147,2
100048,12,1,31126.792655104513,141,2
100049,13,2,16895.38730570483,137,2
100050,15,1,7577.307233093027,144,2
100051,66,1,31604.630606653045,142,1
100052,8,2,16789.12459963137,148,2
100053,77,2,27118.246044140677,145,2
100054,10,2,7109.345968022939,141,2
100055,47,2,17752.94408620301,148,1
100056,57,1,53551.11410593029,148,1
100057,9,2,109513.67247231446,136,2
100058,8,1,30214.14515592961,146,2
100059,25,1,0.0,135,2
100060,2,1,0.0,147,2
100061,55,2,12571.055462938484,141,1
100062,48,2,17282.682435619892,136,2
100063,6,2,54990.55773362138,136,1
100064,71,2,16819.891581386633,140,1
100065,14,1,43992.7924681599,144,2
100066,9,1,15360.7376285938,139,2
100067,69,1,7242.758733659009,139,2
100068,22,2,101321.21796521115,146,1
100069,20,2,17885.160937690314,144,2
100070,28,2,85390.25714983248,142,1
100071,71,1,21728.071868442417,146,2
100072,33,2,35830.795497110936,142,2
100073,18,1,16653.611101568567,146,1
100074,65,1,0.0,137,1
100075,7,1,0.0,145,1
100076,54,1,0.0,134,2
100077,32,2,28035.009397421938,137,1
100078,75,1,0.0,134,2
100079,80,2,80422.98034293696,146,1
100080,5,1,7611.878520462991,147,2
100081,7,1,0.0,147,1
100082,18,2,21408.366999891703,142,2
100083,80,2,31643.418332961035,141,2
100084,0,2,6477.1001436656425,136,2
100085,64,1,15822.770812101635,142,1
100086,1,1,14978.131896818233,142,2
100087,30,2,104861.86265183135,145,1
100088,75,1,14071.19527720596,137,1
100089,24,2,108139.38997811769,142,2
100090,24,2,45717.04705514243,147,1
100091,1,1,19672.772468635496,144,2
100092,22,1,43841.83916523686,134,2
100093,7,1,67596.51650887557,142,2
100094,66,2,16317.893989390375,144,1
100095,27,2,86149.55742143783,134,2
100096,15,2,9789.309547830353,144,2
100097,11,1,8900.90343994893,147,1
100098,61,1,12622.247476424962,137,1
100099,45,1,123426.87097132871,135,1
100100,32,1,25403.401068196235,140,2
100101,14,2,20236.479856531565,144,1
100102,41,1,11009.860298373524,140,2
100103,61,1,12817.757796454638,144,1
100104,1,1,19969.206327503154,141,2
100105,50,2,23629.066237128867,142,2
100106,10,1,12576.500636706258,146,2
100107,23,1,39119.43050069615,147,1
100108,27,2,177758.4989829121,134,2
100109,1,1,32868.66850543942,142,1
100110,26,1,30395.26640320935,144,1
100111,26,1,83194.66114692975,135,2
100112,57,2,70149.76201824589,138,2
100113,79,1,139598.13934117177,134,1
100114,79,1,17126.460167711746,136,2
100115,47,2,130915.67352924091,141,1
100116,63,2,6216.672907414709,137,1
100117,29,2,30938.38515206775,137,1
100118,78,1,11453.728501877198,142,2
100119,47,2,188388.36355020714,138,1
100120,1,1,27391.7449978519,143,1
100121,2,2,16095.543711066408,135,1
100122,65,1,16356.930904361838,140,2
100123,57,1,25233.26108600871,146,2
100124,5,2,25960.353699431264,144,2
100125,6,2,13302.069547107996,141,1
100126,4,1,14843.531748126068,147,2
100127,55,1,23860.59016289141,144,2
100128,47,1,205345.20439388097,140,1
100129,72,1,15253.466190393163,142,2
100130,10,1,19572.564274471788,143,1
100131,11,2,11433.021313181114,142,2
100132,17,2,12341.832612398506,134,1
100133,20,1,46083.88284840661,145,1
100134,14,2,43382.12847556143,142,1
100135,10,1,10153.942061816495,142,2
100136,67,1,40105.86270356197,135,2
100137,43,2,28975.484960255373,146,2
100138,1,2,24934.591308592248,138,2
100139,14,1,12244.595608663623,145,2
100140,10,2,8783.1288640826,147,2
100141,17,1,49855.772233936266,139,2
100142,72,1,50257.36235818675,140,1
100143,80,2,46712.61139955648,140,2
100144,33,2,70350.00264475126,143,1
100145,45,2,34313.687150946535,148,1
100146,6,1,10534.177204315216,134,2
100147,6,2,19989.926581138458,145,1
100148,22,2,50187.73017832614,134,2
100149,80,2,34834.635563664844,140,1
100150,51,2,19743.682785595254,135,2
100151,60,1,6898.043318489338,137,1
100152,34,2,31681.386404440716,146,2
100153,17,1,21868.21803473986,144,1
100154,66,1,5946.195415967272,135,1
100155,4,1,40374.90227698699,139,2
100156,10,2,0.0,138,2
100157,5,2,26575.624194795357,146,2
100158,61,1,7125.984548608515,147,2
100159,6,1,8529.853637692313,144,1
100160,26,2,72730.21848457628,142,2
100161,7,2,21313.117326920154,142,1
100162,64,2,10049.31522288444,137,1
100163,69,2,22778.675505287043,144,1
100164,1,1,38566.54764462635,143,2
100165,56,1,265263.55739925784,142,2
100166,1,2,0.0,134,2
100167,75,1,31190.325328607767,143,2
100168,51,1,38712.43024451881,140,1
100169,2,2,11612.593095920534,143,1
100170,14,2,20950.161345067798,136,2
100171,28,2,41519.83415526798,135,2
100172,42,2,320792.7261222312,137,2
100173,47,1,46520.68919721265,142,2
100174,17,2,20402.02478293013,135,1
100175,33,1,21081.572010150823,147,1
100176,18,1,0.0,140,2
100177,10,2,25489.243879596732,141,1
100178,40,2,47633.08100639088,139,2
100179,5,1,9133.887395936006,144,1
100180,45,1,14329.888555610682,146,1
100181,37,2,9881.352852549191,136,2
100182,5,1,27301.336515849496,148,1
100183,6,2,36658.81014269492,134,1
100184,7,1,19065.44356954607,143,1
100185,63,1,294436.24738835794,143,2
100186,32,1,22280.623401519155,144,2
100187,8,1,22687.056265487485,139,1
100188,80,2,24595.290261834092,135,1
100189,44,1,0.0,144,2
100190,32,2,29143.874890526786,140,1
100191,42,2,24942.002211698287,142,1
100192,56,1,30124.430628138878,137,2
100193,5,1,28980.733275270894,137,1
100194,60,1,11360.035352744402,134,2
100195,32,2,13274.514914171314,146,2
100196,32,2,18917.93769398521,147,1
100197,2,1,11587.618956226992,134,2
100198,0,1,9805.578109111002,145,1
100199,4,2,17312.822448204744,147,1
100200,43,2,37858.472466356034,135,1
100201,43,1,28490.477873608816,139,2
100202,22,2,72327.40859880477,136,2
100203,39,1,47243.45195955673,136,1
100204,36,2,16839.898063720233,138,2
100205,48,1,22307.599890336005,147,1
100206,62,2,18095.130068958508,140,1
100207,7,1,23965.078956401056,135,1
100208,17,1,10081.844968672744,142,2
100209,1,1,0.0,145,1
100210,60,2,100106.88874595404,142,2
100211,41,2,54577.64661710816,144,2
100212,58,1,37511.108865330876,140,2
100213,66,1,41535.121189608806,143,1
100214,57,1,43245.38804837841,144,2
100215,0,2,0.0,148,1
100216,42,2,28847.387236073708,137,2
100217,12,1,77454.36236930816,145,2
100218,4,1,14547.848049160104,138,2
100219,74,1,8713.511759754956,147,1
100220,3,2,8675.524593896813,148,1
100221,30,2,15843.565274380404,147,2
100222,65,2,7362.46873852964,145,2
100223,30,2,0.0,140,2
100224,15,1,29145.737342827153,148,1
100225,14,2,68632.78826460295,142,2
100226,11,2,18596.668577509517,146,2
100227,5,2,18283.904777550386,136,2
100228,74,2,45824.105331566694,139,2
100229,59,1,35272.00429462086,142,2
100230,59,2,7137.610612323704,148,2
100231,69,2,14520.304531493503,137,2
100232,8,1,12295.556045569416,138,1
100233,65,2,9389.86239726985,143,2
100234,30,2,17223.64174733597,143,1
100235,77,1,127791.91941360147,134,2
100236,61,1,49317.15032173287,142,2
100237,9,2,17717.327245692057,144,2
100238,58,1,219486.01786196005,142,1
100239,5,1,9562.924056744874,145,2
100240,11,2,11637.448949537638,141,1
100241,36,2,144132.2465304812,137,2
100242,32,2,24808.212706769125,144,2
100243,70,1,8211.448942543524,139,2
100244,62,1,39713.53190713231,141,2
100245,9,1,30991.49498863379,135,1
100246,22,2,24758.41679642752,138,2
100247,61,2,28021.321158367333,142,2
100248,28,1,16427.91310944205,143,1
100249,8,2,17782.848978682225,145,1
100250,57,2,23003.797631954345,135,1
100251,45,2,30766.14914292788,136,2
100252,80,1,23635.111859732642,134,1
100253,30,1,110714.04630364226,143,1
100254,28,2,35922.258900090936,146,2
100255,13,1,112051.69204751043,147,2
100256,2,1,0.0,148,1
100257,55,2,11257.397552034423,148,2
100258,25,2,83832.08383265737,142,1
100259,9,2,31371.680599644078,143,2
100260,18,2,31750.795080087773,135,1
100261,80,2,63437.217515419674,138,2
100262,18,2,33399.28893032923,135,1
100263,80,2,0.0,143,2
100264,26,1,29498.556023897916,137,1
100265,55,2,11059.698174433468,148,2
100266,40,2,56769.0616654709,135,1
100267,0,2,6624.107737454614,142,2
100268,60,2,22055.08744342097,147,2
100269,24,2,54286.94815777385,135,1
100270,36,1,50866.13209752856,135,2
100271,36,2,68579.16896140986,138,1
100272,35,1,21423.094808335525,134,1
100273,71,1,8287.516262365321,144,1
100274,60,2,23286.33379541856,138,1
100275,11,2,10348.299144791594,140,2
100276,23,2,0.0,145,1
100277,18,2,16977.498524878552,145,1
100278,75,2,79986.0236976545,134,2
100279,2,1,0.0,141,2
100280,33,2,155897.8240932865,143,2
100281,59,2,156240.05733558285,140,1
100282,60,1,13677.541623585408,137,1
100283,65,2,11224.011918400258,138,1
100284,15,1,11901.64713984317,147,1
100285,18,2,0.0,140,1
100286,45,2,24507.22168748821,139,1
100287,18,2,28777.98132713866,136,2
100288,43,2,14002.50774145524,148,2
100289,66,1,7643.57737384055,148,2
100290,1,1,30780.590036797912,147,2
100291,61,2,12110.931311304548,145,2
100292,56,2,52043.92699653963,142,2
100293,29,2,39167.36618664535,147,2
100294,40,2,18936.221910582393,141,1
100295,36,1,50221.57164338507,141,1
100296,11,2,30757.027616536005,144,2
100297,70,1,133053.32347906913,143,1
100298,47,2,59754.11360628503,138,2
100299,27,2,45733.164835530544,143,1
100300,14,2,28445.885216958806,139,1
100301,53,2,10906.852258103498,143,2
100302,30,1,0.0,142,2
100303,60,1,13204.980582591008,143,2
100304,4,1,17531.61967045813,142,2
100305,48,1,13424.957672113838,138,1
100306,0,1,6239.892329548868,140,2
100307,8,2,6693.487797366991,141,1
100308,2,2,7660.83359968397,148,2
100309,80,2,70428.92888250438,134,2
100310,9,2,12502.41376085017,138,1
100311,55,1,23152.826343278088,144,2
100312,9,2,11070.175688634912,134,1
100313,35,2,37551.43893784844,142,1
100314,9,1,31435.146500806026,136,2
100315,62,1,11950.085272531987,138,2
100316,13,1,23965.62981401365,146,2
100317,3,2,21796.41428884425,135,1
100318,41,1,47700.08733456673,140,2
100319,47,2,53476.251919236616,135,1
100320,3,1,38505.65253096844,135,1
100321,62,1,9980.14198760757,141,2
100322,3,1,7992.229450819327,140,1
100323,8,2,20516.92288830225,147,2
100324,46,2,51720.74686087299,134,1
100325,35,2,23576.801420670225,134,2
100326,21,2,42842.247923422976,147,1
100327,16,1,13481.212471727144,134,2
100328,0,1,5589.152538235142,136,1
100329,27,2,31314.99618033284,134,1
100330,3,1,13068.345707931177,147,1
100331,3,1,26465.58963836357,147,2
100332,43,1,138987.48089651018,142,2
100333,29,1,15955.887156702443,139,1
100334,25,1,18648.328769599946,135,2
100335,1,1,7433.1823058598275,136,1
100336,18,1,16653.611101568567,146,1
100337,0,1,6102.268899880496,140,1
100338,45,1,31420.395565281106,143,1
100339,9,1,46412.18827806757,141,2
100340,5,2,19746.809330567896,140,2
100341,11,1,32629.440268391256,140,2
100342,17,1,15501.729084130091,145,1
100343,7,1,22399.32504756127,141,2
100344,8,2,13707.352132174097,139,2
100345,8,2,19383.17244971131,134,2
100346,79,2,18940.50724718918,136,1
100347,57,1,79621.8082311023,140,2
100348,49,2,24283.744760868904,144,1
100349,5,1,11647.730099546618,140,2
100350,12,1,0.0,142,2
100351,11,1,27645.21712421431,134,1
100352,0,1,12170.587977925343,136,2
100353,59,1,12017.051857155848,148,2
100354,80,2,20944.741326423584,140,2
100355,12,1,129801.61158354927,139,1
100356,39,2,24874.320267641346,145,1
100357,63,2,11790.46293716258,138,2
100358,62,2,12312.442677167466,143,2
100359,33,1,0.0,138,2
100360,12,2,33656.8534970093,145,1
100361,57,1,18499.76826945307,141,2
100362,70,2,90523.85085998721,134,2
100363,63,1,9104.024372026184,137,1
100364,13,2,16747.2321927531,141,2
100365,22,2,24357.020496101704,147,1
100366,77,1,20960.748706949755,134,2
100367,15,1,18291.21377694672,147,2
100368,12,1,53340.7631964125,143,2
100369,55,2,17310.89501316175,137,1
100370,7,2,11846.846540202181,144,1
100371,4,1,9784.573587333076,138,1
100372,1,2,20080.557918277347,138,1
100373,74,1,21278.68532455309,148,1
100374,6,2,51469.8151347324,147,2
100375,10,1,5570.35931249693,140,2
100376,49,1,35932.741209131076,134,2
100377,47,1,10423.518969890385,148,2
100378,44,2,120284.19900658641,140,2
100379,14,1,59126.59283714322,141,1
100380,45,1,50782.67080001122,146,2
100381,2,2,11922.489140299043,140,1
100382,45,1,21615.43575158473,135,1
100383,0,1,19916.777509171618,134,2
100384,3,2,37554.26441410816,146,2
100385,53,1,0.0,139,2
100386,37,2,22127.527796768845,135,2
100387,19,2,0.0,146,1
100388,56,2,33288.445295184225,137,2
100389,55,2,30327.681322408436,142,2
100390,67,2,9271.031351230014,144,1
100391,12,2,18854.986797879363,137,1
100392,0,2,7321.50265517556,146,2
100393,52,1,160432.98020040308,135,1
100394,16,1,0.0,134,2
100395,77,2,14568.011855875373,145,2
100396,65,2,12030.033455948615,136,2
100397,2,1,9784.573587333076,138,1
100398,11,2,9774.277526747646,138,2
100399,74,2,58845.17265897308,141,2
100400,8,1,29618.746979338266,134,1
100401,5,2,13468.584440527682,140,2
100402,51,2,101242.47675458835,140,2
100403,9,2,22305.674019125112,136,2
100404,66,2,11815.549898841513,142,2
100405,17,1,20611.623294888068,139,2
100406,80,2,0.0,139,2
100407,55,1,23757.86732760675,134,1
100408,6,2,19446.684328941923,143,1
100409,17,2,91613.88664606053,141,2
100410,58,2,16476.98422367754,137,2
100411,68,1,8633.27610468974,134,2
100412,65,2,10074.197075460881,137,1
100413,15,1,9803.049049802126,138,2
100414,80,1,46483.40879342682,142,2
100415,49,2,22946.681205863126,142,2
100416,2,2,11507.349224891605,135,1
100417,1,2,11894.0383065797,148,2
100418,31,1,196668.12924605506,141,1
100419,40,1,25622.623257336913,140,1
100420,34,1,35318.9345091395,140,1
100421,50,2,55500.2622780362,134,2
100422,66,1,7096.618477040731,146,1
100423,9,1,23195.207920151883,142,1
100424,73,2,13271.334180298749,138,1
100425,79,1,11325.890132935583,139,1
100426,1,1,13270.32663884366,147,1
100427,38,2,67254.30310915323,148,1
100428,29,2,12289.744632717793,148,2
100429,33,1,66897.6679402158,144,2
100430,13,1,19484.42031828596,137,1
100431,28,2,75376.69323571044,142,2
100432,29,1,27458.62709254414,141,2
100433,67,1,10774.861771980697,135,1
100434,32,2,47992.44562892405,141,2
100435,9,2,14439.566074596109,141,2
100436,48,2,62243.9903132519,142,2
100437,6,1,11890.428139516478,147,1
100438,22,2,20472.010977374463,135,2
100439,19,1,25431.907979849195,139,2
100440,28,2,44888.35030356202,136,2
100441,36,1,0.0,140,2
100442,68,2,190541.56796277527,143,2
100443,26,1,48179.71826124978,144,2
100444,0,1,6342.113614269166,134,2
100445,61,2,21636.630860924695,143,2
100446,60,1,11257.582121163103,140,2
100447,50,1,37824.625272367935,137,1
100448,16,2,84840.04864439473,143,2
100449,0,2,10475.779992414151,143,1
100450,13,2,38017.59824531026,134,1
100451,40,2,27188.82731085248,137,1
100452,2,1,7343.963425467503,134,2
100453,80,2,0.0,136,2
100454,52,2,22148.468562390004,137,1
100455,80,1,18455.321088043518,140,1
100456,8,1,0.0,145,1
100457,19,2,39261.723815802936,134,1
100458,3,2,18805.756819799877,148,1
100459,2,2,10609.51491003667,137,1
100460,55,1,80850.9082236445,140,2
100461,19,2,15090.265725756177,146,1
100462,2,2,0.0,136,2
100463,28,1,34532.31190394711,137,1
100464,32,1,37499.75057742822,145,2
100465,30,2,19674.213264798735,141,1
100466,18,1,36094.622867360114,135,1
100467,19,1,26233.967312655,147,2
100468,52,2,10544.817670949738,147,1
100469,75,1,18019.36897367319,147,1
100470,17,1,11234.55164186562,148,2
100471,1,2,16879.77760645157,140,2
100472,6,1,75632.30996816153,145,1
100473,17,1,18101.480241166333,147,1
100474,67,2,55253.66834089973,146,2
100475,6,1,9023.281280434116,145,1
100476,38,2,28062.782792277558,134,2
100477,4,1,37387.026045883875,146,1
100478,8,1,30377.817693792935,143,1
100479,18,2,27661.227766979468,143,2
100480,80,1,23060.087724472083,134,2
100481,59,2,15640.712171412375,135,2
100482,80,1,0.0,145,1
100483,51,2,18503.78543218126,137,1
100484,55,2,52394.690104659334,141,2
100485,67,1,165354.9622659442,147,2
100486,74,1,60215.86222392942,142,2
100487,9,1,15803.764843386456,144,1
100488,19,1,19108.19194909147,146,2
100489,11,2,11235.900256057306,135,2
100490,80,2,35616.251326064135,139,2
100491,0,1,8180.82307054078,138,1
100492,55,1,21369.608623623866,137,1
100493,9,1,29230.59931712834,136,1
100494,29,1,27925.59972914538,136,1
100495,16,1,20049.85448897073,139,2
100496,1,1,24664.362642169377,141,2
100497,80,2,28551.210862668162,140,1
100498,2,1,9692.376138521722,140,2
100499,52,2,14190.534259718097,137,2
100500,34,2,13138.717070515104,148,1
100501,72,1,12420.477238147316,148,1
100502,10,1,8102.352840073921,144,1
100503,10,1,29618.746979338266,134,1
100504,11,1,8900.90343994893,147,1
100505,57,2,17661.467175335365,140,1
100506,11,2,10807.367223971749,145,1
100507,13,2,12893.06558839849,144,2
100508,80,2,29388.37179857992,142,1
100509,79,2,66732.82859847233,142,1
100510,37,2,22419.27649976081,143,2
100511,64,2,16508.64081585306,145,2
100512,12,1,29180.971477292802,138,1
100513,56,1,18425.900128877285,144,1
100514,37,1,68845.44831571306,136,1
100515,70,2,7711.386790800771,143,2
100516,61,1,12352.525121180395,145,1
100517,39,1,168618.23078603853,143,2
100518,14,1,49549.32733146265,148,1
100519,4,2,11470.366635902124,146,1
100520,10,1,17267.700053210672,136,2
100521,58,1,11726.218558257868,148,1
100522,10,1,0.0,148,1
100523,12,2,29402.14419986629,143,2
100524,20,1,56412.14400981182,142,2
100525,0,1,5994.999457096293,136,2
100526,33,2,75035.5640439237,140,1
100527,0,2,9350.520282126583,138,1
100528,47,2,288489.4049815192,135,1
100529,4,1,10910.678981445963,134,1
100530,52,1,10205.49938619631,138,2
100531,80,1,15766.928648476181,140,1
100532,46,2,26406.11376700752,147,1
100533,4,2,18397.845556778757,135,1
100534,77,2,18693.822020494834,134,2
100535,56,2,15780.845674832883,135,2
100536,0,2,5940.875392107903,144,2
100537,32,2,21655.051843518617,141,2
100538,0,2,27432.40982113861,144,2
100539,14,2,29542.852458100664,141,2
100540,35,2,49610.520610933425,134,1
100541,0,2,6284.204915352085,136,1
100542,1,2,16878.49809297944,135,2
100543,9,2,6013.316376961355,148,2
100544,61,2,11931.97797423952,142,2
100545,15,2,19550.568405431386,138,1
100546,31,2,98477.90450712272,135,1
100547,12,1,20611.623294888068,139,2
100548,33,2,227915.56761898324,134,2
100549,76,2,45693.757475904546,147,1
100550,6,2,0.0,147,2
100551,66,1,221823.4189005952,141,1
100552,9,1,15672.567817293848,142,1
100553,7,2,10483.986040887396,141,1
100554,65,1,5580.4061522491975,145,2
100555,7,2,26187.813910889145,148,1
100556,65,2,33221.70210941017,139,2
100557,52,1,26029.940838899372,134,1
100558,60,1,15506.810324647167,148,2
100559,3,2,17141.160728953488,141,2
100560,74,2,29350.969108149337,139,1
100561,25,1,0.0,140,1
100562,14,1,49034.956962405784,146,1
100563,45,2,23397.779968881503,146,2
100564,5,1,39404.014583333985,139,2
100565,70,1,10077.037650845457,139,2
100566,17,1,50515.31907666221,135,2
100567,8,1,16162.941317099787,146,2
100568,46,1,13889.592685405752,136,2
100569,0,1,18415.863238220525,134,2
100570,69,2,15876.457129484468,137,1
100571,30,1,32421.820823037244,144,1
100572,41,1,22335.735206235753,143,2
100573,9,1,44515.53955649648,145,1
100574,53,2,10994.960771548085,138,2
100575,50,2,11704.520068890146,140,2
100576,62,1,15782.293301527783,140,1
100577,27,2,41679.59462975782,144,2
100578,59,2,0.0,145,2
100579,59,1,268261.5134782995,146,2
100580,65,1,10208.911608167735,138,1
100581,78,1,8951.455937327493,145,2
100582,54,1,11677.45249817243,137,1
100583,29,2,18116.605257252264,136,2
100584,63,1,107744.0110629476,134,1
100585,6,2,11168.163450276988,144,1
100586,80,1,17027.958198697597,135,2
100587,13,1,37990.50773553988,148,1
100588,0,1,17395.902469564993,135,1
100589,33,2,22733.345440706027,136,2
100590,24,1,20985.427815749837,135,2
100591,3,2,0.0,135,2
100592,18,1,22179.593269615005,136,2
100593,9,1,16188.46879988501,136,2
100594,59,1,15867.504261411925,145,1
100595,10,2,14892.497394329455,147,1
100596,14,2,27423.323279190503,145,2
100597,71,1,11604.510736427517,136,2
100598,7,2,0.0,142,2
100599,54,1,43860.665541953196,140,2
100600,4,2,27954.487406062024,140,2
100601,11,2,0.0,143,2
100602,36,2,0.0,143,1
100603,3,1,11359.513801298526,136,1
100604,4,1,8511.090570553613,144,2
100605,29,2,0.0,135,2
100606,8,2,8632.220510487286,148,2
100607,19,1,6937.805360933469,146,1
100608,64,2,20282.38813571661,140,2
100609,6,1,20936.77079729519,134,1
100610,41,2,14809.104316372379,144,1
100611,43,1,23478.965989011216,137,1
100612,1,2,18998.758951444852,134,2
100613,26,1,11323.73985523199,135,2
100614,18,1,30429.235478569,140,1
100615,4,2,6298.840613490478,137,1
100616,7,1,13540.129542341565,139,1
100617,76,1,93068.63810139037,143,2
100618,11,1,0.0,148,2
100619,28,2,84653.96980361597,147,2
100620,11,2,7763.045512539423,147,1
100621,40,1,310518.3884875747,135,2
100622,43,1,54682.76417279327,135,1
100623,36,2,129734.09806984395,143,2
100624,23,1,34018.090785322645,148,2
100625,54,2,21002.990326377527,135,1
100626,1,1,20892.55373157026,146,1
100627,43,2,49571.892814236555,139,2
100628,33,1,21041.374045151322,141,1
100629,67,1,5798.116256484363,137,1
100630,18,1,8907.301347537881,146,2
100631,27,1,0.0,147,2
100632,39,1,38677.31116835402,146,1
100633,61,1,10191.871295099598,148,2
100634,38,1,34407.893193117474,147,1
100635,39,1,27196.589050736307,134,2
100636,46,1,15076.732337510417,138,2
100637,16,2,14919.033617294972,144,1
100638,42,1,29404.21356842099,148,1
100639,80,2,21144.55989047236,142,1
100640,5,2,19832.32282348774,146,1
100641,24,2,42015.649931068205,140,2
100642,65,1,6279.819428283688,142,2
100643,7,2,19779.36934025297,137,2
100644,31,2,30006.628727914715,140,1
100645,2,2,8297.862734086826,134,2
100646,80,1,47558.328192054796,137,2
100647,33,1,68581.62948350213,141,1
100648,66,1,0.0,139,2
100649,43,1,32446.078280594425,142,2
100650,61,2,56398.93664776913,147,2
100651,5,2,39116.00283008331,140,2
100652,0,1,5163.756065228721,145,2
100653,25,1,39554.53593984553,138,1
100654,74,2,64788.408749926486,146,1
100655,10,2,9315.172556618727,139,2
100656,16,2,13547.260056129906,138,1
100657,57,2,22919.36216374994,144,2
100658,17,1,54131.280957494106,140,1
100659,7,2,12548.008649694288,141,2
100660,8,1,33259.0534309459,145,1
100661,14,1,5816.343216598384,145,2
100662,68,2,0.0,146,1
100663,71,2,171414.649051174,147,2
100664,1,2,15952.078311223831,146,2
100665,2,2,18469.4753756324,139,2
100666,11,2,4290.970559461958,148,2
100667,20,1,29537.080867663066,141,1
100668,5,2,18387.187558566628,146,2
100669,13,2,36954.494209586635,146,1
100670,41,1,18730.68606661638,134,2
100671,16,1,20836.123292459775,139,2
100672,25,2,32668.23283826482,135,1
100673,35,2,20522.268245083495,145,2
100674,80,1,9849.260369141426,140,1
100675,21,2,45399.07412639096,138,1
100676,1,1,11791.198224474663,139,2
100677,56,2,57443.01486505906,135,1
100678,9,2,21547.666421915314,145,2
100679,15,1,33090.91159362165,142,1
100680,18,1,19839.247162695636,141,1
100681,56,2,18577.27280042828,148,1
100682,6,1,31654.198362056457,138,1
100683,2,2,13476.813439343852,135,1
100684,35,2,27255.02022206622,139,1
100685,60,1,0.0,136,2
100686,16,2,125928.86322725833,141,1
100687,19,2,0.0,141,2
100688,9,1,13722.324836447158,135,1
100689,21,1,32339.98889272834,144,1
100690,0,1,8245.004259742696,147,2
100691,8,2,18271.68282524044,134,1
100692,62,1,142001.40095808572,136,1
100693,49,2,27784.46840339759,144,2
100694,3,1,17066.379828302994,141,1
100695,15,2,46327.77816249251,137,2
100696,70,1,25073.476885256587,142,2
100697,32,1,79818.10256698779,137,2
100698,48,2,16253.378797099098,137,1
100699,52,1,0.0,134,1
100700,10,2,16932.854103070957,137,1
100701,33,2,30878.071128045416,147,1
100702,10,2,12382.988115525188,137,1
100703,0,2,17086.319239004923,142,2
100704,9,2,11311.597934008441,134,1
100705,56,2,160725.956027591,139,1
100706,66,1,25196.31646580964,143,2
100707,34,2,115896.93251844934,142,2
100708,10,2,53349.66383457368,137,1
100709,38,1,31750.542806702306,139,2
100710,33,1,35117.40041605838,143,2
100711,69,2,138560.39868862787,134,1
100712,1,1,34884.20918859806,146,2
100713,38,2,125026.31809892593,134,1
100714,37,2,70450.00650205095,145,1
100715,51,2,90424.87738198058,146,1
100716,79,2,15570.655601822813,143,2
100717,49,2,16001.137800280112,137,2
100718,26,2,0.0,137,2
100719,2,2,14667.233717112951,142,2
100720,59,1,50394.29669110366,137,1
100721,73,2,17361.295775452578,138,1
100722,15,2,44394.37552710064,135,1
100723,80,1,13981.74890936651,136,1
100724,9,2,11554.46604285814,144,2
100725,67,2,19710.65273143632,138,2
100726,69,2,11463.962023328495,148,1
100727,26,1,10224.209243243029,139,2
100728,68,2,47363.432538843816,145,1
100729,3,1,10388.218632444474,144,1
100730,44,2,8528.331361076995,139,2
100731,6,1,14937.881469909215,147,1
100732,35,1,20434.763683741956,141,2
100733,44,2,27351.15746719704,135,2
100734,1,2,26701.860124923718,147,2
100735,76,2,24038.589918008813,134,1
100736,7,2,17866.396535750464,142,2
100737,4,2,6809.789072297809,148,2
100738,39,2,67312.37043131106,137,2
100739,79,1,49928.92075189229,142,1
100740,20,1,166329.58636475506,138,2
100741,66,1,180912.90521602964,134,1
100742,34,1,27280.385981371524,134,2
100743,52,2,33838.18950928648,135,1
100744,0,2,12931.838121956042,136,2
100745,64,1,5935.779832067948,135,1
100746,0,1,16616.77575055334,144,2
100747,55,2,278720.9866209337,141,1
100748,62,2,14735.928684554072,136,1
100749,21,1,47238.57149200864,137,2
100750,58,1,0.0,142,1
100751,5,2,67692.17491103601,141,1
100752,42,1,10515.974157855151,143,1
100753,3,2,16550.68390160571,134,2
100754,54,1,47302.53933951553,143,1
100755,11,1,8119.006861321405,148,2
100756,60,1,8559.612904055743,135,1
100757,0,2,7821.243726243107,143,2
100758,4,2,38181.20430725926,142,2
100759,35,1,40377.215234144074,143,2
100760,63,2,103133.9284926917,135,2
100761,80,1,45153.35436256776,140,1
100762,80,1,0.0,134,1
100763,11,2,69130.18426514804,143,2
100764,47,2,13185.35041674763,140,1
100765,48,2,16232.533670031398,137,1
100766,9,2,12740.749644875059,146,2
100767,7,2,11351.60037906988,136,2
100768,42,2,24873.80921757684,136,1
100769,9,2,23849.098054324342,141,1
100770,10,1,15418.48746254894,144,2
100771,68,2,41816.099852777035,145,1
100772,45,2,26880.96803997556,144,2
100773,2,1,21215.050743822216,139,2
100774,61,1,10895.77346770102,138,1
100775,21,2,92029.60142534628,142,2
100776,7,1,8810.454693455942,147,1
100777,16,1,0.0,145,2
100778,18,2,7049.397568544268,140,2
100779,6,1,13540.129542341565,139,1
100780,54,1,29969.981351254923,146,1
100781,21,2,0.0,138,1
100782,39,1,82606.91548557914,143,2
100783,15,1,5400.227224520672,148,1
100784,11,2,9194.202989341442,135,2
100785,3,2,10269.048257823808,134,2
100786,5,1,59222.302550185166,142,2
100787,72,1,62446.30869398567,142,1
100788,35,1,39016.930707046515,142,2
100789,37,2,0.0,137,1
100790,60,2,8476.633485975151,144,1
100791,4,2,19689.961977063485,135,2
100792,68,2,9526.040503556225,144,1
100793,12,1,16526.7344114414,144,2
100794,17,1,14425.053460299685,145,1
100795,78,1,102822.18490319095,136,2
100796,19,1,9080.159664042334,136,1
100797,73,1,0.0,134,1
100798,7,2,20280.92383272833,135,2
100799,11,1,0.0,146,2
100800,76,2,44200.787424371876,135,1
100801,34,1,30167.976618596414,139,2
100802,51,2,28248.985857630403,141,1
100803,1,2,34860.65220206309,142,2
100804,12,1,10408.907503034377,148,2
100805,80,2,32893.37165074156,136,1
100806,3,1,35880.63036431398,141,2
100807,2,2,13531.68643880903,143,1
100808,16,2,16796.48672054356,140,2
100809,4,2,15217.643066358645,144,2
100810,2,2,0.0,147,2
100811,1,2,7956.49628134738,142,1
100812,8,2,22847.66586624211,138,2
100813,16,2,44066.330440028454,148,1
100814,19,2,28774.39871512756,143,2
100815,53,2,54379.29702612979,142,2
100816,43,2,23278.686469417822,139,2
100817,60,2,10377.100227119827,138,1
100818,27,2,20332.743514501737,147,2
100819,30,1,17807.2503952654,144,1
100820,1,1,7691.800513640721,147,2
100821,68,2,17056.92957509466,140,1
100822,0,2,13795.280191995429,143,2
100823,3,1,21184.442533909594,147,2
100824,3,2,30421.20141158293,136,2
100825,37,2,16798.42122616251,146,1
100826,5,2,42239.05996389324,143,2
100827,45,2,320792.7261222312,137,2
100828,1,2,25238.86843241084,146,2
100829,43,1,19949.982223467912,147,2
100830,4,2,41926.8480763961,145,1
100831,74,2,19580.848967143793,134,2
100832,36,2,69723.47766770922,136,1
100833,0,1,6687.099517496303,140,2
100834,80,1,13496.860282936734,135,2
100835,2,1,16713.006870631256,140,1
100836,63,1,18581.756048030864,137,1
100837,68,1,32975.446957983535,137,2
100838,37,2,38527.910247992964,136,1
100839,2,2,0.0,139,2
100840,76,1,35190.000267120966,140,1
100841,41,2,14073.25042848256,134,1
100842,7,1,15331.954571050725,140,2
100843,33,1,27120.152356764356,146,2
100844,59,1,23446.478625179472,147,1
100845,1,1,0.0,143,2
100846,29,1,37989.342463533176,140,2
100847,57,2,45355.102162265975,144,2
100848,70,2,151132.153271412,141,1
100849,26,1,38976.48216325078,148,1
100850,5,2,16059.748397543113,146,2
100851,71,2,85172.5994847058,140,1
100852,0,2,5643.322449008168,144,1
100853,80,1,26547.75301055036,136,2
100854,6,2,13258.990632621486,137,1
100855,30,2,66143.52163885793,145,1
100856,75,2,17725.740957173133,136,1
100857,13,2,35664.4779907467,135,1
100858,2,1,14428.319423944606,138,1
100859,17,2,19672.950975415635,148,1
100860,36,2,40726.225279777274,140,2
100861,36,1,26780.245171863447,139,2
100862,62,2,11969.013292173655,140,1
100863,0,2,7181.858333221671,148,1
100864,0,1,10036.661401808937,146,2
100865,52,2,29522.876305052152,139,2
100866,46,1,22020.88080482827,145,1
100867,2,2,9862.841259527399,145,1
100868,5,2,31232.262108172403,135,1
100869,4,2,23104.6664226103,140,1
100870,0,1,17020.685187484814,137,1
100871,10,1,35755.88556298849,142,2
100872,71,2,16817.609789251022,142,2
100873,15,1,0.0,142,1
100874,55,1,12003.687410249064,144,2
100875,80,1,23842.77067034827,140,2
100876,77,1,22058.663907010276,148,1
100877,25,1,34743.380533944684,142,2
100878,0,2,5119.218978827732,139,2
100879,71,1,7854.228926291468,141,1
100880,46,1,30515.626842863814,139,2
100881,26,1,34374.30993985832,137,1
100882,18,1,39547.368527084276,148,1
100883,2,2,8503.224594282397,140,2
100884,18,1,13987.337262711277,135,2
100885,13,1,16279.85332406619,141,1
100886,72,2,41459.142850942415,139,1
100887,64,2,8764.744441781675,144,1
100888,8,2,13466.873710654012,135,2
100889,18,1,89192.67046546449,142,2
100890,68,2,8750.815659310729,145,2
100891,6,2,26263.43286546395,136,2
100892,23,1,52180.474562318,137,2
100893,8,2,25401.39053008667,137,2
100894,17,2,11300.51488721956,134,2
100895,58,2,22060.443059866164,135,2
100896,28,2,125852.79446100617,142,2
100897,2,2,29356.0157686821,145,1
100898,42,2,28776.475892953076,139,2
100899,7,1,21483.032055365667,144,2
100900,2,2,10330.432162141995,147,2
100901,16,2,82066.33629081462,136,2
100902,52,2,16672.25153702141,136,1
100903,9,1,17129.81817377284,139,1
100904,17,2,14860.336076773905,147,2
100905,80,1,34730.59204275586,144,1
100906,1,1,12666.820950105088,141,1
100907,41,1,137240.78017808945,142,1
100908,12,2,48745.92177223757,134,1
100909,80,1,0.0,148,2
100910,27,1,115702.56472725626,142,1
100911,26,1,173848.56111772815,135,1
100912,10,1,7617.613618910368,148,1
100913,23,2,37736.88037288557,143,2
100914,80,2,37544.69618377364,136,2
100915,67,1,159258.30526372994,145,2
100916,0,1,0.0,141,1
100917,19,1,23521.098781610443,136,2
100918,80,1,0.0,142,1
100919,80,1,13963.273258991156,141,2
100920,61,2,77431.75535764932,145,2
100921,3,1,23158.072836933112,137,1
100922,5,2,17788.24606006368,135,2
100923,22,1,35617.34233008446,139,1
100924,40,2,29031.825734988928,142,1
100925,45,2,24275.238922084354,146,1
100926,51,1,9520.458248664672,141,1
100927,9,2,19157.061088224636,144,2
100928,25,1,143271.6380725632,146,1
100929,40,2,39945.67246731284,144,1
100930,59,2,18608.965626639103,140,1
100931,11,2,29738.76190172617,138,1
100932,11,1,18741.292261666742,139,1
100933,65,2,17354.471239967217,138,1
100934,37,2,75167.33891552038,135,1
100935,20,1,42180.80214731316,143,2
100936,57,2,16685.348383979508,136,1
100937,55,1,41071.69378233806,135,1
100938,37,2,48184.98620767232,134,2
100939,15,2,21710.530395246227,144,1
100940,18,2,24797.674009026872,140,2
100941,80,2,14568.011855875373,145,2
100942,20,1,75215.42376816728,142,2
100943,42,2,23876.068134324196,136,2
100944,13,1,7288.397916821292,138,2
100945,10,1,20408.43337450931,140,1
100946,16,1,25266.35091656512,138,2
100947,37,2,44147.13766617874,146,2
100948,68,2,11436.861186555105,134,2
100949,51,2,8658.813699447186,135,2
100950,61,2,10949.323883907093,143,2
100951,62,1,23458.97376670248,135,2
100952,21,1,162895.7971493766,143,1
100953,0,1,5011.8492270875895,139,2
100954,47,1,11623.629197618764,137,1
100955,64,1,5933.617952020022,146,2
100956,10,1,74250.80384352898,147,2
100957,3,1,9784.573587333076,138,1
100958,4,2,14303.709778094406,144,1
100959,10,1,21715.35510378689,139,1
100960,11,1,19093.82939929157,140,2
100961,20,2,56031.44516974626,139,2
100962,4,1,0.0,138,2
100963,80,1,9398.50665514892,141,1
100964,16,1,26349.299857551505,145,2
100965,25,2,27854.895564121365,139,1
100966,37,2,46337.57709616471,142,1
100967,38,2,65465.23294137083,147,2
100968,65,2,9078.80902615503,148,2
100969,61,2,22801.400832230152,146,2
100970,16,1,39171.024395747074,143,1
100971,22,2,22076.6976209214,143,2
100972,57,1,27899.7837459968,139,1
100973,28,1,21195.184817234305,145,1
100974,15,1,80637.83120874949,143,2
100975,34,1,27847.957913371083,147,1
100976,10,2,13296.96680629272,147,1
100977,1,2,16352.272272920636,144,1
100978,18,2,16543.38691554292,135,1
100979,12,2,8970.2989931425,145,1
100980,30,2,15696.780447754114,138,2
100981,27,2,0.0,147,1
100982,10,1,19093.82939929157,140,2
100983,42,2,22421.7854846825,139,1
100984,1,1,27665.48684971517,141,2
100985,23,1,302433.2148348379,141,1
100986,50,2,16616.54677795446,136,2
100987,60,1,19995.31590517798,138,1
100988,80,1,41074.00172611027,134,2
100989,68,2,15009.050667431331,136,1
100990,3,1,16403.706269580904,140,2
100991,9,2,30661.57719492264,147,2
100992,27,1,80911.74747741033,137,2
100993,7,1,7154.274736872731,145,1
100994,28,1,54410.38390194132,136,2
100995,1,1,22700.7666113916,145,1
100996,52,1,185328.33125808035,137,2
100997,60,2,7459.076088923075,140,1
100998,39,1,0.0,144,2
100999,29,2,46999.354125963015,135,2
101000,12,2,12553.272466870696,147,1
101001,67,1,7672.738838656948,145,2
101002,37,2,65157.03088470699,138,2
101003,56,1,21077.976899298137,148,2
101004,29,1,74273.62741542727,141,2
101005,29,2,64903.82663747937,148,2
101006,76,1,109731.69276978713,144,2
101007,43,2,34454.180110844616,142,1
101008,1,2,18694.01177650216,143,2
101009,21,2,64795.88678220435,143,2
101010,71,1,42595.98204644457,139,2
101011,23,1,171836.1798236663,134,1
101012,3,2,6604.814490163492,144,1
101013,44,2,13647.421271859355,144,1
101014,42,2,38366.40772376933,142,1
101015,80,2,25049.251486658057,142,1
101016,8,1,50535.56236665685,141,2
101017,65,1,14801.85645179684,139,2
101018,77,1,90204.36303358845,135,2
101019,49,1,110963.92855048331,141,1
101020,15,1,19977.423037459837,143,1
101021,61,1,11178.052789454609,145,2
101022,75,1,8525.504624132047,147,2
101023,52,1,419056.5762119974,144,2
101024,53,1,93917.311350984,142,1
101025,23,2,33148.32734503777,137,2
101026,61,2,9621.022431512003,141,2
101027,55,1,20208.948957338824,135,1
101028,59,2,24181.99726176501,138,1
101029,14,1,20470.590060731723,135,1
101030,30,2,21663.814501322056,141,1
101031,27,1,23438.046812567416,141,1
101032,14,1,47796.29277169199,137,2
101033,63,1,16816.1983580307,143,1
101034,46,2,37879.88716260801,142,1
101035,15,2,74535.45214031654,146,2
101036,80,2,25149.858130424225,141,1
101037,41,2,137050.41003504573,139,2
101038,27,1,0.0,135,2
101039,14,1,10081.844968672744,142,2
101040,61,1,9630.491601460872,147,2
101041,4,2,39061.896713527734,138,1
101042,13,1,8169.734774973481,137,1
101043,72,1,27760.63628561814,145,2
101044,3,2,55744.521064512104,135,2
101045,17,2,9354.731496804463,142,1
101046,68,1,29154.346688182915,146,1
101047,18,1,28974.731098801258,141,2
101048,15,1,8358.291821222545,137,1
101049,57,2,13433.635641566092,146,2
101050,10,2,0.0,134,2
101051,57,1,10229.449248221488,144,1
101052,49,2,31817.447254262795,141,1
101053,0,1,7362.3053847728,147,2
101054,17,2,29477.239786776423,138,2
101055,15,2,0.0,147,1
101056,61,1,0.0,134,1
101057,12,1,17297.14006545723,139,1
101058,9,2,16295.11267225066,142,1
101059,12,1,25390.80538843125,148,1
101060,71,1,8048.476949975566,146,2
101061,29,2,0.0,135,2
101062,4,1,12712.270224916116,141,1
101063,80,1,7740.450717166787,139,2
101064,28,1,17301.46866687039,137,1
101065,44,2,56242.55454245144,137,1
101066,5,1,20428.131958290785,138,1
101067,16,1,33455.76290798212,143,1
101068,55,2,197924.02694656054,136,2
101069,32,1,19453.453377006004,147,1
101070,34,2,34796.4884418699,135,2
101071,2,1,19204.962473525004,145,1
101072,2,1,16341.895000190618,136,2
101073,62,1,7293.591327805998,147,1
101074,6,1,0.0,143,1
101075,67,1,28345.584909032776,140,2
101076,22,2,33025.259400914416,140,2
101077,36,1,38928.493130046154,135,1
101078,62,1,6681.4112405625865,144,1
101079,51,2,23222.320315418136,138,1
101080,14,1,98972.57707593193,148,1
101081,13,2,18401.21355059141,146,1
101082,3,2,54346.8352050409,134,2
101083,17,1,9803.049049802126,138,2
101084,46,2,219800.5159078886,136,1
101085,31,1,106180.75538300506,143,2
101086,32,1,134126.47114564944,136,2
101087,51,2,125625.84152328703,143,2
101088,80,2,39292.92218477286,140,1
101089,19,2,16229.328382790116,136,2
101090,17,2,29330.905526805218,135,1
101091,58,2,36753.52481128823,144,1
101092,13,1,13196.238300983858,147,1
101093,63,2,13865.944405951786,136,1
101094,14,1,9759.835281389489,136,2
101095,56,2,20968.5214398635,137,1
101096,56,2,23572.017806434833,134,1
101097,39,2,53164.65907130273,134,2
101098,3,2,34334.73736576148,146,1
101099,23,2,83144.5693821028,140,1
101100,10,2,22259.325322361197,146,1
101101,22,1,80073.59800669666,146,1
101102,80,1,8391.43418380889,139,2
101103,53,2,40889.29689719021,137,2
101104,0,2,9192.793085199286,144,1
101105,9,1,0.0,139,1
101106,49,2,11344.613803777185,144,1
101107,44,2,29619.132266659464,135,2
101108,59,2,13183.29204720991,139,1
101109,60,2,14605.414607463767,143,1
101110,1,2,0.0,140,2
101111,22,1,23887.525612152444,144,1
101112,45,2,12357.423172951701,141,2
101113,19,2,94676.58145618322,134,1
101114,11,2,126775.88777307581,141,1
101115,36,2,29477.693010648323,144,1
101116,1,2,55376.35853895516,140,2
101117,12,1,25450.320051514016,140,1
101118,26,1,32162.46483623808,138,2
101119,48,2,27010.22840494154,144,2
101120,80,2,35108.490582219885,138,1
101121,0,1,6707.16141740398,136,1
101122,30,1,37619.89331355553,135,2
101123,59,2,162335.03990924195,142,1
101124,76,1,65304.1230824253,135,1
101125,33,2,56192.44956046994,146,2
101126,37,1,93850.454669837,135,1
101127,25,1,31124.42795708749,136,1
101128,6,2,17275.482494190157,137,1
101129,2,1,11608.154584943963,139,2
101130,19,2,44084.28796652396,138,2
101131,15,1,19675.903506556602,140,1
101132,31,1,18297.174669098258,139,1
101133,2,1,8676.62454592519,147,1
101134,30,2,187547.75408056175,145,2
101135,0,2,8914.62942759798,136,2
101136,76,1,13510.028307681456,138,1
101137,5,1,12584.650076144704,148,2
101138,33,2,140633.1546794646,140,2
101139,33,2,65070.74424804744,140,1
101140,10,1,0.0,143,1
101141,54,1,28622.16412897445,142,2
101142,11,1,10397.379758951116,145,2
101143,80,1,8649.349991832078,140,1
101144,8,1,5570.35931249693,140,2
101145,2,1,23696.1923302719,137,2
101146,2,2,15848.246320693039,137,1
101147,58,2,19204.533864414276,136,1
101148,80,2,13823.581732737824,146,2
101149,59,1,36881.95380881123,141,2
101150,8,1,0.0,142,1
101151,29,2,10658.018696992958,135,2
101152,19,1,23556.905958994328,136,2
101153,42,1,45506.00429064257,143,1
101154,0,1,7366.468610439258,136,2
101155,52,2,19967.8984782181,140,1
101156,11,2,9774.277526747646,138,2
101157,7,2,8318.141774022435,138,1
101158,7,1,14149.911759126488,146,2
101159,17,2,16023.117157995459,136,2
101160,49,2,43125.35814708651,135,1
101161,18,1,0.0,137,2
101162,62,1,11982.357034632438,147,1
101163,60,2,8750.815659310729,145,2
101164,26,2,21637.833783991366,148,1
101165,1,1,24933.883165200346,134,2
101166,28,2,82749.65268943255,145,2
101167,0,1,0.0,138,1
101168,18,2,49629.79636667722,146,1
101169,58,2,29227.915848723555,145,1
101170,2,2,7347.217861950391,140,2
101171,47,2,143795.41860964047,146,2
101172,31,2,0.0,136,2
101173,66,2,78997.0445453924,145,2
101174,35,1,21831.55169421249,147,1
101175,55,1,25398.213615350793,145,1
101176,80,2,23458.485905662743,134,1
101177,64,1,6898.043318489338,137,1
101178,0,2,6185.065527268968,137,2
101179,62,2,22467.299718152564,148,2
101180,80,2,33267.32729707548,144,1
101181,50,2,43108.43438703596,134,1
101182,58,1,30646.03291531359,144,1
101183,80,2,45657.67421882169,142,1
101184,9,2,10715.713723190756,147,1
101185,57,2,14399.846132318658,136,2
101186,35,1,79471.54413716347,134,1
101187,33,1,50576.20534647177,140,2
101188,39,1,0.0,138,1
101189,9,2,0.0,142,1
101190,21,1,80500.75813213844,144,2
101191,35,2,91803.92187368024,146,2
101192,7,2,28234.473219019466,138,1
101193,63,1,18501.069540685417,135,2
101194,48,2,88795.0544911682,142,1
101195,71,2,68691.76141257028,140,1
101196,71,2,13790.863485335096,142,2
101197,14,1,27400.977209547564,144,2
101198,2,2,11813.558334548274,143,2
101199,61,2,236115.07849881807,143,1
101200,73,1,13666.28574604303,142,1
101201,55,1,12709.66471344271,136,1
101202,9,1,55672.03757637614,144,2
101203,14,1,38261.449227090714,145,1
101204,80,1,32179.89215692552,142,2
101205,14,2,11187.889335156247,148,2
101206,34,1,60328.5037781273,135,1
101207,70,2,91384.36913912023,137,1
101208,14,2,51816.48331415135,144,2
101209,62,2,10943.248279530639,135,2
101210,0,2,10242.598435251437,141,1
101211,61,2,20696.158541345074,143,1
101212,62,2,6999.135661603198,148,2
101213,60,1,20798.05920894942,137,1
101214,23,1,17655.424447295794,135,2
101215,2,1,15647.142762148353,136,2
101216,55,2,20825.547897130167,145,1
101217,80,1,16308.166994365178,139,1
101218,74,1,13799.752958787303,143,2
101219,8,2,61434.29757831552,143,2
101220,35,2,25806.024873538172,144,2
101221,54,1,28988.607151259974,147,2
101222,48,1,13972.02465948723,141,1
101223,1,1,0.0,137,2
101224,13,1,22240.239730493984,143,2
101225,2,1,0.0,138,1
101226,44,1,14484.270129106068,148,2
101227,60,1,13696.25147572413,144,1
101228,30,2,46803.21795197583,139,2
101229,38,2,44614.067789641085,137,1
101230,50,2,27337.44281405408,137,1
101231,14,2,56616.77128938838,138,1
101232,65,1,24656.3172903359,142,1
101233,17,1,26154.158989351494,148,2
101234,9,2,22155.860345396737,140,2
101235,1,1,13773.877314924175,142,1
101236,26,1,39259.65200652216,145,2
101237,9,2,16238.368643684886,136,2
101238,36,1,50695.047804523936,138,1
101239,80,2,40979.6801545399,144,1
101240,16,2,16543.38691554292,135,1
101241,27,1,38983.93848636373,138,2
101242,57,2,34706.85663394949,147,2
101243,63,1,47120.185083484175,142,2
101244,15,2,11160.287814210187,147,1
101245,8,1,9578.004819096172,148,2
101246,54,1,26886.939690755415,144,2
101247,38,1,17845.837692402492,141,1
101248,52,1,20282.885214733997,144,1
101249,63,2,7101.657339448211,140,1
101250,38,2,176978.8906024644,147,2
101251,18,2,15064.142937090835,145,1
101252,33,2,15067.42033878175,144,2
101253,57,1,13971.776675876255,147,2
101254,29,2,51148.7930987336,144,2
101255,62,2,8307.145488591785,147,1
101256,34,2,13215.888980858408,144,1
101257,6,2,20733.437000203634,142,1
101258,45,1,46395.95635082326,146,2
101259,12,1,10457.816207684853,138,1
101260,80,2,27615.441965760165,141,2
101261,5,2,21309.787653151358,137,2
101262,25,1,51910.71975172593,141,2
101263,16,1,19946.732220859423,142,1
101264,31,1,19736.56376874337,138,2
101265,47,2,16091.915417072656,145,2
101266,67,2,8998.314927521787,134,1
101267,7,2,10406.658907832232,144,2
101268,2,1,23384.562277270867,146,1
101269,9,1,30648.248139707834,146,1
101270,11,2,52706.10193477324,147,1
101271,6,1,48900.480629038684,143,2
101272,11,2,15402.203812902519,136,2
101273,67,1,18035.301220546484,140,1
101274,65,2,21126.35145539358,147,2
101275,80,1,12853.607930488723,147,2
101276,8,1,16572.210093264766,139,2
101277,75,1,9879.637612210206,139,2
101278,44,1,15721.00823697446,137,1
101279,5,1,18777.83838197918,145,2
101280,45,2,0.0,135,1
101281,34,2,37216.60799749895,138,2
101282,60,1,213902.49625406985,139,1
101283,56,2,17524.699792635543,144,1
101284,65,2,15534.244894650366,146,2
101285,30,1,148338.96206392374,145,1
101286,52,2,15802.572555047413,148,2
101287,10,2,7164.56755267575,137,1
101288,62,2,26463.2840255815,141,1
101289,26,2,27768.677268200743,136,2
101290,4,1,28466.878232013023,135,1
101291,61,2,9842.645016344415,142,2
101292,14,2,15768.889950124527,146,2
101293,22,2,0.0,136,1
101294,39,2,30697.826408030953,139,1
101295,16,1,9803.049049802126,138,2
101296,2,1,8920.055988691187,136,1
101297,10,2,14629.086360325411,146,2
101298,60,2,32246.39012867915,142,1
101299,11,2,29478.099176233445,136,2
101300,35,2,61372.62552737625,134,1
101301,0,1,7755.128258925871,143,1
101302,17,1,13202.473265107112,147,1
101303,3,1,23158.072836933112,137,1
101304,10,1,8469.105532258554,143,1
101305,2,1,27080.940045339757,143,2
101306,14,2,38091.45237263994,141,2
101307,47,2,19393.876689561024,137,1
101308,25,2,110410.52882623603,140,2
101309,1,1,12314.546578701837,135,2
101310,17,1,63951.246282851964,143,1
101311,30,1,36504.02050606823,134,2
101312,80,2,49193.359944079544,142,2
101313,42,2,19992.29327155828,134,2
101314,12,1,18203.32240384577,141,2
101315,15,1,98219.59654479445,141,1
101316,22,1,50391.10898895036,136,1
101317,12,2,10460.8524569935,145,2
101318,18,2,55493.715200136176,142,2
101319,34,1,62492.91941421,143,2
101320,80,1,73691.9906495254,146,1
101321,0,2,16977.764161534273,145,1
101322,57,1,14978.415257699231,136,2
101323,74,2,17084.569914148946,145,2
101324,35,1,16859.179783205724,140,2
101325,8,2,15031.537264898567,134,2
101326,16,2,13547.260056129906,138,1
101327,52,2,41456.14248394275,136,1
101328,67,2,17394.545383331246,139,1
101329,16,2,59178.65022175135,142,1
101330,22,2,74232.7328262553,138,1
101331,80,2,0.0,139,2
101332,15,1,13620.441438398939,134,1
101333,71,2,23034.059509056326,141,1
101334,13,1,125341.38766996033,137,1
101335,80,1,8934.53164376236,139,1
101336,72,2,41540.993216400304,139,2
101337,13,1,122464.64569686903,134,2
101338,2,1,8893.492399311282,144,2
101339,63,1,6964.950346832928,137,2
101340,80,1,54720.859097815526,143,2
101341,7,2,6693.487797366991,141,1
101342,41,2,32181.78022910626,141,2
101343,80,1,48724.43811645534,138,1
101344,16,2,21921.649778485607,137,2
101345,29,2,36314.40799268055,145,1
101346,8,1,29687.4805604661,145,1
101347,0,2,6870.653928588674,146,2
101348,80,2,42666.66298989858,137,2
101349,69,2,11320.250418642256,134,1
101350,46,1,24735.82090896616,145,1
101351,79,2,27118.246044140677,145,2
101352,16,1,19675.903506556602,140,1
101353,0,1,10467.43128412334,135,1
101354,10,2,12929.487819425833,142,1
101355,46,1,23247.741771939895,146,1
101356,54,2,174956.95399407027,146,1
101357,72,2,15886.304737452967,139,1
101358,24,2,0.0,144,2
101359,52,2,23297.66256005918,135,1
101360,46,1,116060.47935739945,142,2
101361,6,1,33934.81698397484,145,2
101362,74,2,59778.289466963324,140,1
101363,69,2,9221.760658187457,141,2
101364,11,2,0.0,138,2
101365,30,1,38161.94074793699,135,2
101366,52,2,27705.045760620804,134,2
101367,0,2,18169.833285064207,140,2
101368,3,2,12681.004625285517,134,2
101369,53,2,27161.531216170093,138,1
101370,31,2,78705.73264882094,138,2
101371,6,2,22155.860345396737,140,2
101372,29,2,26736.74183913786,143,1
101373,9,1,11116.356462399266,141,1
101374,2,1,32612.195141691554,139,1
101375,53,1,16134.772875823612,148,1
101376,12,1,18967.763319016503,143,2
101377,7,2,0.0,138,2
101378,34,2,32913.68798391762,140,2
101379,55,1,14659.940109263647,145,1
101380,9,1,14639.87200276908,144,1
101381,15,1,0.0,144,2
101382,64,2,109771.07754874534,146,2
101383,0,1,6659.0156123657625,148,2
101384,22,1,50627.903368749474,144,1
101385,28,2,28056.747230140492,145,2
101386,49,2,19152.082355663963,142,2
101387,73,2,20425.611504001456,140,2
101388,14,1,64336.193836819,142,1
101389,42,1,16240.789479947347,144,1
101390,40,1,98796.68672170003,146,1
101391,74,2,29352.90095293019,141,2
101392,14,2,28315.091847861782,147,2
101393,80,2,10491.224084626494,140,2
101394,39,1,20910.61451757151,138,1
101395,14,1,103602.0777632462,145,1
101396,80,2,67943.06041159626,146,1
101397,25,1,41483.67416971239,137,2
101398,75,1,6362.880240940752,139,2
101399,41,1,184939.78271601757,147,1
101400,53,1,9967.338399625902,144,1
101401,52,1,16487.741782853347,137,1
101402,75,2,7607.653356038128,135,1
101403,11,2,31371.680599644078,143,2
101404,31,1,29318.605002111075,147,2
101405,56,2,34446.32533752369,136,1
101406,1,2,5575.496582467049,135,2
101407,65,2,152367.63136491622,142,2
101408,4,2,47566.254272043225,144,2
101409,9,1,47310.87324470499,141,2
101410,3,1,71879.29840904473,141,1
101411,59,2,17576.880590747867,145,1
101412,39,2,26730.533143856075,136,1
101413,12,1,14469.673736794723,134,1
101414,56,2,13609.751339528419,140,1
101415,38,2,76090.84416855202,141,2
101416,44,1,152233.74309778196,144,2
101417,9,2,8318.141774022435,138,1
101418,9,1,64782.52802969047,141,1
101419,1,1,10208.654457700628,137,2
101420,16,2,13490.50870158181,141,2
101421,58,1,34876.44574271911,136,1
101422,12,1,47060.232662929295,139,2
101423,61,2,11882.73457098474,148,2
101424,6,1,0.0,148,2
101425,7,2,19157.061088224636,144,2
101426,41,2,21250.863884683076,142,2
101427,24,2,181552.14865649474,138,1
101428,1,2,24575.793491516597,137,1
101429,17,2,48693.470403621475,140,1
101430,42,2,10158.869004503975,148,2
101431,38,2,79766.68559494648,138,1
101432,74,2,100556.31219906046,137,2
101433,3,1,9289.203796534852,136,2
101434,70,2,10978.305765395471,140,2
101435,5,2,25513.913416600866,136,2
101436,75,1,0.0,148,1
101437,19,2,30614.625119248576,144,2
101438,48,2,38358.10831841318,136,2
101439,38,1,36152.945898763835,145,1
101440,10,2,28457.097269752536,137,2
101441,10,2,37708.50615181114,135,1
101442,67,2,207829.1127583754,141,1
101443,59,1,23390.245532191046,146,1
101444,63,1,23014.696815155497,144,2
101445,1,2,12650.484823468838,147,1
101446,30,2,20606.460227968135,143,1
101447,13,2,67069.40498913139,140,1
101448,49,1,57394.208279958024,146,2
101449,59,2,21503.677181115643,144,2
101450,39,1,25853.885572528055,137,2
101451,15,1,37706.262475530915,135,1
101452,2,1,0.0,139,1
101453,1,2,8033.130201213349,135,2
101454,55,2,33644.84236923051,137,1
101455,66,2,15672.302343092839,134,1
101456,8,1,20336.145775192792,144,2
101457,0,2,0.0,135,2
101458,67,2,6357.483945329705,137,1
101459,16,1,98383.72558505075,139,1
101460,5,2,19509.482008849547,146,2
101461,59,2,10009.51955059465,135,2
101462,23,2,77940.00585533265,142,1
101463,62,2,24850.684776919705,139,2
101464,50,2,45919.99373431837,144,2
101465,3,1,38316.95884387692,138,2
101466,77,1,0.0,144,2
101467,39,1,35928.55479296642,135,1
101468,65,1,19872.048382149704,136,2
101469,38,1,0.0,147,2
101470,57,2,24401.686631670116,139,2
101471,8,1,10534.177204315216,134,2
101472,51,2,18157.000361110197,141,2
101473,11,2,9949.706284281421,137,1
101474,11,1,44600.67565494677,146,1
101475,50,2,17309.641974598137,141,2
101476,2,2,10308.410093883149,144,1
101477,9,1,16572.210093264766,139,2
101478,60,1,19593.279923011763,138,1
101479,73,2,35609.19331747312,140,2
101480,64,1,6658.248292370827,138,2
101481,29,2,45243.18907132602,141,2
101482,16,2,6544.697218558182,145,1
101483,70,1,16248.112226152303,138,1
101484,49,1,156305.0813438014,140,2
101485,16,2,12836.754514302536,137,1
101486,60,2,14172.00740097661,135,2
101487,73,1,12512.533888499307,136,2
101488,64,2,16144.463641083936,137,1
101489,51,2,19468.174413935223,145,2
101490,78,2,42334.55225034132,140,1
101491,12,2,11762.616771708867,136,1
101492,6,1,8084.285195575492,148,2
101493,34,2,28916.054144601858,136,2
101494,11,2,99271.24521812127,134,1
101495,0,2,4650.187167948771,140,2
101496,11,1,14067.80823446214,141,2
101497,14,1,139991.88432265853,141,1
101498,71,1,30453.24848913772,139,1
101499,9,1,21555.82073978416,139,2
101500,67,2,172915.57783741283,147,1
101501,30,2,16525.400080910258,135,2
101502,68,1,59601.00490438751,142,2
101503,10,2,10834.953519373963,145,1
101504,18,2,10717.816870544677,147,1
101505,62,2,15420.469092927018,145,1
101506,16,2,19707.163048374623,142,2
101507,3,2,53643.96269441513,135,2
101508,61,2,12322.380036265935,148,2
101509,12,1,23343.54061354532,142,2
101510,64,1,13042.778706983258,139,1
101511,10,2,6747.491451315608,148,2
101512,6,1,35741.73325348278,134,1
101513,35,1,64119.2579991607,146,1
101514,3,2,8590.791816256804,144,1
101515,51,1,33192.56307482549,134,1
101516,30,2,118081.97070533836,147,2
101517,34,2,82995.75543485858,139,1
101518,80,2,33704.59747517205,136,2
101519,8,1,24638.092251007663,146,1
101520,52,1,40982.61583390393,137,1
101521,42,1,0.0,134,2
101522,76,1,50677.678236322936,142,1
101523,65,1,10262.119182113805,139,1
101524,10,2,5101.143720447496,140,1
101525,40,2,0.0,148,2
101526,11,1,33603.740768882206,145,2
101527,61,1,10857.985212822803,136,2
101528,42,1,0.0,148,1
101529,8,1,49007.694341520044,140,1
101530,51,1,35975.363053598245,136,1
101531,80,2,0.0,143,2
101532,0,2,7598.836690771837,137,1
101533,9,2,65376.00774276777,135,2
101534,8,1,20158.99696987837,142,1
101535,80,1,35668.294994845186,138,2
101536,10,2,21304.972025869112,139,2
101537,33,1,105127.75360577766,142,1
101538,9,2,11744.436932599332,141,1
101539,8,1,6555.96715797647,140,2
101540,24,2,0.0,145,2
101541,63,1,84653.14053105208,142,1
101542,48,1,14179.85212102697,148,2
101543,3,1,13500.337584786925,143,2
101544,44,2,99707.61918210941,145,1
101545,22,1,122835.71954983035,147,2
101546,61,1,11077.647300477507,143,2
101547,42,2,56276.612767179184,145,1
101548,75,2,10195.08945124455,148,2
101549,43,2,21610.595490715375,143,2
101550,53,1,22516.97950334723,143,1
101551,35,2,46229.83665869239,142,2
101552,35,1,36080.956286466724,136,1
101553,1,2,16925.318411399163,143,1
101554,0,1,7099.776289788182,141,1
101555,17,1,23626.265091364705,142,2
101556,37,1,23391.19340694204,138,1
101557,12,1,30501.710672381018,138,1
101558,54,1,22007.073656601984,147,1
101559,27,1,31065.42984629782,144,1
101560,25,1,48702.860162328616,146,2
101561,15,1,32432.85369261212,142,1
101562,63,2,9905.183311201945,137,2
101563,21,1,74893.19857219695,144,1
101564,23,1,0.0,134,2
101565,46,1,9714.906881703824,147,1
101566,20,2,0.0,146,1
101567,8,2,11897.1476853212,141,2
101568,14,1,22343.886553093642,136,2
101569,2,1,21083.355835167535,142,1
101570,30,2,29168.523432426868,144,2
101571,71,1,10995.57936180211,142,2
101572,60,1,25266.555641439172,141,2
101573,2,2,17924.70876916465,141,1
101574,22,2,18236.922495633615,145,1
101575,60,2,23760.75197857381,148,1
101576,4,2,18396.10675238954,147,1
101577,52,2,17031.13611152343,148,1
101578,55,2,17573.946796959168,136,2
101579,70,1,33857.165709348905,143,2
101580,61,1,9558.139681060582,134,1
101581,62,1,10058.448436739609,139,1
101582,14,1,26349.299857551505,145,2
101583,16,2,20373.55500802747,148,2
101584,55,2,16876.939289687754,138,2
101585,18,2,0.0,141,1
101586,1,2,16752.41163821961,143,2
101587,76,2,21867.92174104012,144,1
101588,23,2,39449.00659461714,138,1
101589,63,1,6718.396448505198,144,1
101590,24,1,37564.575889009706,141,2
101591,8,1,34466.98465563963,143,2
101592,2,1,4466.540238616726,144,1
101593,49,2,10281.290301108786,138,1
101594,43,2,126843.29243180816,140,1
101595,19,1,44197.303000467226,143,2
101596,44,2,52289.29683276053,144,2
101597,77,2,68271.53606208287,142,1
101598,6,1,27479.037490241804,146,2
101599,22,1,62910.61992215985,137,2
101600,5,2,8553.671430660557,143,1
101601,62,1,69669.64288828328,139,2
101602,0,2,10030.094227825815,141,2
101603,6,2,11893.804243245906,138,2
101604,22,1,24297.54336724298,138,1
101605,66,1,19868.04927956165,145,1
101606,58,1,35895.04657590663,141,2
101607,11,2,17567.81141721306,138,1
101608,62,1,13399.187065520373,146,1
101609,22,1,23455.377294190705,143,1
101610,2,2,14297.366673480936,136,1
101611,1,1,5135.747643508391,144,1
101612,75,1,17882.252264220675,134,2
101613,53,1,16948.296899590965,138,1
101614,11,2,16452.427790592123,147,1
101615,16,2,11330.545241926204,147,1
101616,56,1,149383.36400644563,142,2
101617,7,1,15369.455686907373,142,2
101618,8,1,32445.56134250822,142,2
101619,13,2,11281.141059346768,147,1
101620,29,2,25958.242908260752,141,1
101621,80,1,13803.08386721721,146,1
101622,6,2,40676.6852217997,135,2
101623,62,1,14177.068184147138,138,2
101624,0,1,12789.760566314148,146,2
101625,21,1,23333.350621564565,144,1
101626,55,2,186923.97793458015,146,2
101627,76,2,11331.256396358034,141,1
101628,17,2,11160.287814210187,147,1
101629,11,1,31824.414390219146,143,2
101630,12,1,54211.04672681219,142,2
101631,73,2,70904.05924984567,142,1
101632,6,1,29550.29724044415,148,1
101633,8,2,17756.436942972166,137,1
101634,80,1,20250.525880460533,148,1
101635,63,2,135728.62078578156,142,1
101636,68,2,7152.16943849592,137,1
101637,0,1,8758.205586690243,139,1
101638,58,1,222581.32976978133,141,1
101639,14,1,22802.97970990685,136,1
101640,55,2,13309.0376333469,147,1
101641,1,2,17806.64616458104,142,1
101642,53,2,16941.817780335474,144,1
101643,2,1,13594.11453535078,143,1
101644,8,1,16035.204719194946,141,1
101645,68,1,21383.87838323279,139,2
101646,13,1,24219.620495757375,137,1
101647,58,2,27952.732122333873,144,2
101648,16,1,10689.331129369884,148,1
101649,40,2,174017.58736290355,134,1
101650,75,2,0.0,148,1
101651,3,1,32747.604193971718,142,2
101652,20,1,20418.671007398447,142,1
101653,70,2,25813.7006245059,136,1
101654,72,1,10519.610990856521,134,2
101655,20,1,33716.961078437496,143,2
101656,60,2,23307.30556762364,134,2
101657,28,1,69559.6701032851,143,2
101658,30,1,34217.87308884339,142,1
101659,36,2,98607.98081352738,134,2
101660,65,1,11868.799978155495,143,1
101661,61,2,13400.905735355578,134,2
101662,58,1,18078.98726130096,139,2
101663,4,2,20265.603157083155,142,1
101664,47,2,37234.99025523477,146,2
101665,9,2,6460.040819556021,148,1
101666,64,1,0.0,145,2
101667,64,2,6213.4687904269695,138,2
101668,38,1,24320.886570486233,137,1
101669,28,2,89293.83109095578,146,2
101670,36,2,32913.68798391762,140,2
101671,55,2,33955.433779799416,146,1
101672,3,1,0.0,140,1
101673,13,2,29244.51396126945,146,2
101674,16,2,9222.749126334345,136,1
101675,55,2,24181.99726176501,138,1
101676,55,1,22744.044601246653,135,2
101677,25,1,94512.21320494598,139,1
101678,13,1,21094.960884142813,148,2
101679,62,2,19613.650591986094,144,2
101680,1,1,6375.365459195414,137,1
101681,31,2,11500.579211394648,147,1
101682,45,2,22979.574193551125,135,1
101683,74,2,0.0,144,2
101684,0,1,8157.896909590175,147,1
101685,80,1,0.0,146,1
101686,2,1,11490.136197776887,147,2
101687,75,2,25374.332737719746,145,2
101688,20,2,178346.40475292964,142,2
101689,80,1,7826.520734734056,146,1
101690,78,1,74508.37237772395,135,1
101691,3,1,10962.074258695966,139,1
101692,60,2,118365.24892402653,142,1
101693,28,2,99139.45853336461,136,1
101694,64,1,5304.974169116081,136,2
101695,45,2,10675.660509849333,136,2
101696,77,2,0.0,146,2
101697,60,2,98047.70792517289,142,1
101698,57,2,19416.62223647793,142,2
101699,0,1,8741.912073958903,146,1
101700,80,2,42632.21385009941,140,2
101701,26,2,117720.44243210154,134,2
101702,80,2,34934.600582981555,139,2
101703,10,1,10179.500995392045,145,1
101704,80,1,16698.701537645327,136,2
101705,60,2,23163.560311435464,135,1
101706,4,2,26070.869172727453,135,1
101707,79,2,61453.031572781154,147,2
101708,80,1,38238.46873854105,141,1
101709,23,2,53178.881535384004,135,1
101710,80,2,86951.41744348069,146,1
101711,43,1,39627.51118527538,141,2
101712,0,2,6265.866180291446,144,2
101713,0,2,7165.510495592407,134,1
101714,36,1,51710.32335815359,137,2
101715,9,1,70609.96509591331,135,1
101716,33,2,23340.15263202138,148,2
101717,17,1,0.0,135,1
101718,39,2,35902.65421123498,146,2
101719,14,1,41914.11102526163,134,1
101720,9,1,17267.700053210672,136,2
101721,28,1,9801.4631368742,137,1
101722,72,1,7229.0274391754565,142,2
101723,69,2,20437.48329281001,139,1
101724,60,1,9912.876283523248,141,2
101725,59,2,11704.520068890146,140,2
101726,61,1,21031.251891724973,143,1
101727,37,1,30392.33444456872,145,1
101728,65,1,9003.739730068575,141,1
101729,68,1,9167.946120737948,146,2
101730,73,1,9478.713540326507,139,2
101731,46,1,87512.45711256703,137,1
101732,39,1,126474.18433110317,142,1
101733,25,2,32275.225025112362,139,1
101734,16,2,67141.62407627366,140,1
101735,5,2,23379.424617906196,135,1
101736,29,1,68748.45321160798,135,1
101737,57,1,30262.41463009523,143,2
101738,2,2,35172.47562164534,134,2
101739,7,1,16188.46879988501,141,2
101740,59,2,10544.817670949738,147,1
101741,5,2,13414.195896056854,138,2
101742,37,1,11341.700071074765,139,2
101743,74,1,15809.804376955992,138,1
101744,25,1,158835.5044170948,141,2
101745,18,1,5781.444795987762,140,2
101746,3,2,19905.10140190333,136,2
101747,7,2,49564.521911881886,146,1
101748,8,1,0.0,145,1
101749,3,1,24152.200210367755,148,2
101750,71,2,66919.66031298856,136,2
101751,13,1,32188.880912282617,147,2
101752,1,2,24431.632817399117,138,2
101753,46,1,20633.612349554267,136,1
101754,56,1,26886.20058418201,138,1
101755,66,2,67700.40910249847,140,1
101756,61,2,12045.082677452492,147,1
101757,11,1,7768.108516266474,144,1
101758,37,1,257298.58968211556,144,2
101759,2,2,8354.670494256128,139,2
101760,33,2,15696.780447754114,138,2
101761,44,1,23040.399550671093,136,2
101762,80,2,54932.65707216534,138,2
101763,54,2,40119.86555042504,143,1
101764,49,1,20097.89691081502,134,1
101765,32,2,41552.99331885607,144,1
101766,55,2,13205.44905540663,136,1
101767,1,1,12314.546578701837,135,2
101768,24,1,229165.6138855394,141,1
101769,10,2,103113.60467082726,141,1
101770,80,2,0.0,146,2
101771,80,1,19180.149975526507,138,2
101772,77,1,12905.453086265044,136,1
101773,8,1,13773.591044500681,147,1
101774,28,1,85887.66637448769,135,1
101775,36,1,20864.343253906056,141,1
101776,0,1,8958.621970526388,147,1
101777,64,1,13489.443427977734,134,2
101778,64,2,20204.41177279032,148,1
101779,55,2,251900.6263184599,142,2
101780,65,2,111812.85245926154,136,2
101781,55,1,37370.72118290917,134,2
101782,54,2,12660.252247674309,145,1
101783,51,1,45531.119837222024,147,2
101784,38,1,31805.38903216795,136,1
101785,77,2,81998.32319500127,147,1
101786,53,1,42513.60640086828,145,1
101787,30,1,21336.954409003996,148,2
101788,15,1,15072.042043810963,136,1
101789,5,1,8277.687626110752,147,1
101790,22,2,56533.58427015811,145,2
101791,1,2,20448.404466407777,141,2
101792,7,1,15672.567817293848,142,1
101793,57,1,65389.96283150032,138,2
101794,63,1,5200.067971712403,141,2
101795,40,2,55650.62119387474,137,2
101796,12,2,27578.5995900016,135,1
101797,1,1,38840.3092424489,143,2
101798,8,1,39326.85586699176,143,2
101799,28,2,9413.961850439497,140,1
101800,6,1,14426.455745020448,139,1
101801,11,2,10076.035235550544,138,2
101802,57,2,12375.222113318667,136,2
101803,3,2,53643.96269441513,135,2
101804,9,1,12576.500636706258,146,2
101805,80,2,0.0,141,2
101806,16,2,16458.857651162398,142,2
101807,79,2,12649.706411088566,138,1
101808,10,1,13846.827047991324,146,1
101809,61,1,19836.221695449793,147,2
101810,8,1,23965.078956401056,135,1
101811,69,1,14361.156878986429,139,1
101812,8,1,8243.34948461877,144,2
101813,15,1,0.0,144,2
101814,26,2,60314.390324395776,139,1
101815,6,2,23849.098054324342,141,1
101816,0,2,5970.088405372654,147,1
101817,71,1,9040.020408400675,142,1
101818,19,1,25536.34346891266,141,2
101819,7,1,17503.080786141683,137,1
101820,9,1,26784.321690970854,138,1
101821,53,2,37082.36557878453,134,1
101822,40,1,84038.37408390045,145,1
101823,67,1,13311.983754683512,147,2
101824,64,2,11804.379514488986,147,2
101825,16,1,31126.792655104513,141,2
101826,15,1,13196.238300983858,147,1
101827,4,1,12261.990953425848,137,1
101828,32,2,34279.930047438786,137,1
101829,63,1,104496.09364769873,141,2
101830,45,2,19901.8894077722,140,1
101831,3,2,28339.859416538235,142,2
101832,59,2,136083.09668832514,141,1
101833,9,1,25487.78680798079,135,1
101834,66,2,26463.2840255815,141,1
101835,11,1,12139.939738909748,141,1
101836,14,2,28239.302104428505,144,2
101837,72,2,36636.67535737191,136,2
101838,30,2,30877.530276193505,146,1
101839,74,2,112251.2396653439,142,2
101840,74,1,10237.307372617164,142,1
101841,48,1,25748.57034825805,144,1
101842,30,2,22716.69651359171,137,1
101843,77,2,50299.0762286632,140,2
101844,21,2,29961.595518968195,138,1
101845,38,2,39056.50411001713,135,1
101846,51,1,225011.21873072485,142,2
101847,63,2,10341.269595873573,137,1
101848,56,2,28232.479469549406,141,2
101849,0,2,8979.762261209478,143,1
101850,28,1,37289.39441711206,136,2
101851,40,1,27419.046709021593,141,2
101852,32,1,16558.781963700996,138,1
101853,30,1,47281.135870080434,136,2
101854,1,1,13392.31490462739,139,1
101855,11,2,14041.676757632848,141,1
101856,70,2,0.0,136,1
101857,7,2,8145.7569583540835,137,1
101858,13,1,14085.728904352898,145,1
101859,64,2,12843.116532610466,147,2
101860,77,2,14558.552393324118,138,1
101861,49,2,123760.1700677804,141,2
101862,37,1,38152.65659915963,147,2
101863,12,1,8903.379940877827,137,1
101864,72,2,10463.392002297876,140,2
101865,53,2,31996.45359889318,145,2
101866,52,1,31161.048255929087,146,2
101867,22,2,44623.920393971945,146,2
101868,14,1,18831.02317639218,141,2
101869,16,1,33808.390527755524,137,1
101870,66,2,302724.83336350607,143,1
101871,36,2,60731.14386142036,142,2
101872,8,1,30206.718484441295,146,1
101873,8,1,8306.06535343644,138,1
101874,63,2,16183.876031393815,136,2
101875,49,2,20413.50790756158,138,2
101876,38,2,32802.852331064445,147,2
101877,2,2,0.0,143,2
101878,50,2,21905.798528437997,135,1
101879,56,2,38459.11313666254,148,1
101880,21,1,24599.643354122752,137,1
101881,1,1,11783.475941967441,143,1
101882,52,2,28606.828274276286,146,2
101883,76,1,47069.60275560377,134,2
101884,70,1,101571.61782306872,138,1
101885,43,2,35189.16895000233,141,1
101886,31,2,0.0,144,2
101887,5,1,35546.85264946054,143,2
101888,60,1,17472.017935780506,137,1
101889,5,2,41211.29037226829,138,2
101890,8,1,22737.32472311501,135,2
101891,76,2,0.0,145,2
101892,6,1,28093.704233934037,143,1
101893,23,1,43826.99038900061,136,2
101894,46,2,6499.457089138125,140,2
101895,78,2,16195.436382292173,137,1
101896,28,2,98240.42725404078,140,1
101897,0,2,20232.366931841534,148,1
101898,13,2,6432.175508301419,139,2
101899,36,1,25849.133904984858,145,2
101900,5,2,12880.344324394095,144,1
101901,25,2,70274.95180182405,143,1
101902,10,1,24119.53614492732,138,1
101903,33,2,43655.81241403135,135,1
101904,33,2,33992.23112403858,134,2
101905,70,1,5961.094641766765,136,2
101906,0,1,9250.93986077328,146,1
101907,13,2,8745.164416909738,148,2
101908,1,2,14567.204485760172,136,1
101909,0,1,15687.466061534282,139,1
101910,80,2,25146.36115439362,139,2
101911,22,2,54676.70091388809,136,1
101912,31,2,34041.35887924057,136,1
101913,12,2,52823.45817048229,137,2
101914,7,2,58984.025022277616,147,1
101915,69,2,45505.92019207786,147,1
101916,0,1,14729.98777825206,135,1
101917,66,1,13286.544287056893,146,1
101918,7,2,19924.403329267032,142,1
101919,33,1,25235.309305467672,139,1
101920,48,1,14741.55654406496,134,2
101921,73,1,0.0,142,1
101922,55,1,10772.897472329285,136,2
101923,12,2,12763.441562991073,145,1
101924,77,1,11752.572368600255,138,1
101925,13,2,0.0,143,1
101926,8,2,19117.02082962064,142,2
101927,5,2,10869.538284848712,140,2
101928,42,2,19288.959534313424,146,1
101929,6,2,7974.792315087297,144,2
101930,8,1,24110.149816087796,137,1
101931,15,2,12439.535690797919,135,2
101932,10,1,10083.770847336395,142,1
101933,9,2,10279.87070733092,140,2
101934,64,2,13902.707059491784,140,2
101935,19,2,0.0,137,2
101936,80,2,19553.831866717872,137,1
101937,24,1,17769.462003856515,135,1
101938,19,1,7410.235406616405,138,1
101939,10,2,15591.57012626154,135,1
101940,30,1,0.0,142,2
101941,44,2,17627.041168987165,145,2
101942,17,2,18440.858040005936,140,2
101943,13,2,24204.47199432479,143,2
101944,2,1,53536.04854132366,141,1
101945,74,1,12141.02155706867,142,1
101946,1,1,33031.46028946638,143,1
101947,66,1,7087.032155467066,137,2
101948,2,2,20838.813654060537,145,1
101949,79,1,57099.05913644965,140,1
101950,54,1,36239.57512355103,135,1
101951,19,2,10462.769825822048,147,1
101952,9,1,23965.078956401056,135,1
101953,3,1,35570.13689673438,142,1
101954,1,2,13092.696450701205,135,2
101955,1,2,12625.293321097804,137,2
101956,2,1,13392.31490462739,139,1
101957,35,2,23065.05648836458,146,2
101958,4,1,20920.47260192205,142,1
101959,70,2,49975.7598269447,142,1
101960,6,1,0.0,147,2
101961,4,2,12843.434780286469,145,2
101962,79,1,12469.538057890744,137,1
101963,0,1,9882.806855308378,143,2
101964,11,2,0.0,148,2
101965,44,2,29550.74314890171,140,2
101966,24,1,46728.2918336801,137,2
101967,10,2,44407.474838265465,137,2
101968,7,1,11710.955951552369,146,2
101969,6,2,25796.46855792713,135,2
101970,2,1,16093.73737665446,148,1
101971,24,1,19433.095420105437,147,1
101972,15,2,13036.626158951292,145,2
101973,37,2,48255.85913917322,143,1
101974,4,1,20855.988166372907,139,2
101975,45,2,0.0,144,1
101976,38,1,35147.734705525516,144,1
101977,45,1,13072.39184365541,145,1
101978,44,2,35035.76064995681,139,1
101979,1,1,6867.434723467853,145,2
101980,35,2,59023.2997022611,142,1
101981,67,2,19910.367954991292,136,1
101982,26,1,0.0,134,1
101983,7,1,16407.709502240257,141,1
101984,7,2,12757.180891899412,135,2
101985,27,1,65371.75165914854,136,1
101986,19,2,17025.678416158382,139,2
101987,66,1,196548.5963869947,134,1
101988,12,2,25573.53345089576,141,1
101989,80,1,22533.18547191678,136,2
101990,23,2,197398.77667183796,138,1
101991,25,1,0.0,137,1
101992,3,1,0.0,146,1
101993,67,2,11221.328554766364,148,2
101994,5,2,23525.047671295284,140,2
101995,59,1,222818.627706047,146,1
101996,12,1,14133.353588232998,145,1
101997,14,1,8059.584353522233,138,2
101998,4,2,5680.107793789343,140,1
101999,6,2,14390.14132460147,145,2
102000,63,2,6882.109615458976,144,1
102001,63,1,16988.772635427253,140,2
102002,77,1,98716.95233041927,146,2
102003,25,1,21921.713342939584,147,2
102004,13,1,85476.30919607017,142,2
102005,36,2,48164.149615249466,145,1
102006,0,2,0.0,142,1
102007,55,2,34172.015890850715,138,2
102008,47,2,109358.36614593405,143,1
102009,11,1,16042.213975343067,147,1
102010,10,2,7388.486687645661,138,1
102011,1,2,16709.64900849631,140,2
102012,48,2,17486.756713974682,144,1
102013,6,1,41221.708010557326,142,1
102014,2,1,11854.475371906137,144,1
102015,20,2,105081.123610655,141,2
102016,8,1,21473.29708182323,134,2
102017,11,1,71233.21976725926,145,2
102018,69,2,7471.679197343068,147,1
102019,19,2,19406.63279226502,145,1
102020,43,1,0.0,145,2
102021,65,2,15737.078663553943,136,1
102022,46,1,166193.52256548396,138,1
102023,0,2,11143.909518435701,136,1
102024,37,1,11026.027319573408,136,2
102025,13,2,0.0,144,2
102026,24,2,154803.0972814324,145,2
102027,67,1,16703.967239233833,136,1
102028,24,1,17301.46866687039,137,1
102029,2,2,13414.195896056854,138,2
102030,50,2,41657.0208886589,143,2
102031,61,2,162308.4821214407,143,2
102032,67,2,19850.616671983684,143,1
102033,5,2,13901.49247855999,136,1
102034,0,1,5369.512584572187,137,2
102035,32,2,50783.90006072839,136,2
102036,11,1,0.0,137,2
102037,21,2,86137.28110329293,136,2
102038,5,1,62589.419071456396,145,1
102039,22,1,178581.28461241623,141,1
102040,10,2,8581.119993428143,134,2
102041,42,1,83474.59821594141,138,2
102042,15,1,0.0,138,2
102043,5,2,29995.70388348926,141,2
102044,33,2,21806.718942659943,148,2
102045,55,1,25470.95969769329,143,2
102046,32,2,12517.204679762182,138,1
102047,62,2,13644.001466857118,135,2
102048,78,2,17368.990750210432,148,1
102049,6,2,22452.293430716396,146,2
102050,47,1,25662.9537675502,145,2
102051,16,1,95685.72777631095,140,2
102052,80,2,15857.628701132036,148,2
102053,4,1,34452.227488084085,141,2
102054,68,2,50812.469910276785,146,2
102055,69,2,23363.246176189226,135,1
102056,12,2,15349.273626110931,141,2
102057,70,1,8327.150154978488,146,1
102058,68,2,34066.15665675885,139,2
102059,66,2,0.0,142,2
102060,80,2,37318.343779762334,142,1
102061,14,2,43222.44985713669,135,1
102062,18,2,68120.01476195153,142,2
102063,9,1,51799.4271714041,138,2
102064,35,2,47690.97160521175,135,2
102065,3,1,11359.513801298526,136,1
102066,6,1,32464.79066244276,146,2
102067,55,1,93072.66156932253,146,2
102068,65,2,10217.568654120807,141,2
102069,10,1,14198.83038941502,136,1
102070,80,2,24661.15413911711,140,1
102071,17,1,7983.099199548883,148,2
102072,50,2,12420.827901710498,136,2
102073,43,1,30146.19612408027,141,2
102074,35,2,21955.30292898489,138,1
102075,0,1,7928.5912689609795,146,2
102076,16,1,0.0,140,1
102077,17,1,10803.478025186952,144,2
102078,61,1,7108.8987034430365,147,1
102079,60,2,12045.082677452492,147,1
102080,11,1,26296.213697565683,136,1
102081,49,2,37212.90788370828,139,2
102082,58,1,35513.67161938204,143,2
102083,11,1,0.0,138,2
102084,7,1,8781.250761796548,139,1
102085,35,2,0.0,147,2
102086,18,2,23889.242162391365,143,2
102087,9,1,13338.11577968999,141,2
102088,29,2,62083.399919863215,142,1
102089,11,1,25889.561358118703,134,2
102090,12,1,31177.9439231388,146,1
102091,32,1,22640.846802782933,147,2
102092,60,1,25277.581764452552,147,2
102093,21,2,31024.47350249683,146,2
102094,1,2,33749.142231866615,134,2
102095,2,1,8098.712785652096,134,2
102096,20,1,33644.20964561082,140,2
102097,4,1,35060.391171715055,147,2
102098,17,1,10105.69501135331,138,2
102099,32,2,6489.145832495621,139,2
102100,75,2,30871.073532069156,139,1
102101,20,1,58389.40570524747,142,2
102102,17,2,94676.58145618322,134,1
102103,37,1,43504.19398294398,136,1
102104,80,2,0.0,139,2
102105,24,2,44353.089205974655,144,1
102106,64,1,7719.722201722303,140,1
102107,31,1,12868.657880023542,146,2
102108,0,1,6642.627902724262,136,2
102109,0,1,4132.741404466549,145,1
102110,7,1,92036.60329400729,138,1
102111,53,1,43348.902386567635,139,1
102112,33,2,18305.420151175644,143,2
102113,26,2,31352.030434139924,136,2
102114,14,2,16336.334436047766,142,2
102115,15,2,16924.444426758793,145,2
102116,75,2,18690.745239175303,136,1
102117,74,1,21821.2566757009,134,2
102118,0,1,4096.049577472918,140,2
102119,5,1,17390.48185096495,139,2
102120,1,2,0.0,145,1
102121,53,2,10063.46272668233,135,2
102122,17,2,32807.309658654594,134,2
102123,18,1,16653.611101568567,146,1
102124,14,2,83186.78630107151,145,1
102125,52,1,0.0,146,2
102126,23,2,68122.05680850567,134,2
102127,2,1,11018.183856472202,136,1
102128,21,1,23767.945696525487,137,2
102129,34,1,21730.5085414431,135,2
102130,56,1,273880.8629206504,139,1
102131,69,1,19915.06453507366,136,2
102132,39,2,53728.42225066606,144,2
102133,19,2,34380.32624956548,135,1
102134,42,2,48536.371617574514,139,2
102135,24,1,35730.802586187056,146,2
102136,7,2,23089.822558021864,134,1
102137,67,1,6128.954989096109,144,1
102138,11,1,11807.597339144524,143,2
102139,31,1,13808.2598892081,139,1
102140,5,2,0.0,139,2
102141,19,1,42399.638652352645,137,2
102142,0,2,19055.673551560907,147,2
102143,15,2,25218.524744631548,147,2
102144,1,2,0.0,135,1
102145,12,1,46498.66264140941,145,2
102146,3,1,63804.20286000534,135,1
102147,55,2,12202.141467260913,148,1
102148,80,2,13272.719413704635,142,2
102149,27,2,30184.7092771725,145,2
102150,12,1,86607.75585397864,142,2
102151,44,2,20252.73543373262,148,2
102152,44,1,15991.467636405469,136,2
102153,77,2,18252.229333734093,135,2
102154,41,1,37663.03495193607,146,1
102155,47,1,34700.15096638158,136,2
102156,0,2,8043.256361980386,140,1
102157,14,1,24706.843218681544,140,2
102158,80,2,8457.442760092672,136,1
102159,2,2,46176.11429144497,144,1
102160,31,2,20365.160538144224,138,2
102161,19,1,16653.611101568567,146,1
102162,80,2,22456.305720788536,140,1
102163,23,1,84361.32455693577,141,2
102164,0,2,9023.968348852368,145,2
102165,14,1,19536.314547637987,135,2
102166,15,1,38261.449227090714,145,1
102167,80,2,37203.48450631921,147,2
102168,59,2,26221.4551486132,145,1
102169,66,2,75466.89561226238,145,1
102170,64,1,9894.224775289551,146,2
102171,77,2,16258.376213956533,136,1
102172,3,2,10549.354330817809,147,2
102173,64,2,69072.70431872104,135,2
102174,8,1,10256.39971211218,134,2
102175,13,2,8495.662409771034,147,1
102176,0,2,5599.327803404768,144,1
102177,80,1,14113.976772797581,137,1
102178,61,2,8738.68595914469,145,1
102179,42,1,27635.41061404196,145,2
102180,2,1,9467.75478614171,141,1
102181,43,2,42459.52134540381,139,1
102182,41,1,11824.967075577153,141,1
102183,68,1,77338.15870148574,140,1
102184,25,2,9596.919529967354,135,2
102185,45,1,10588.807763667728,148,2
102186,16,2,0.0,144,2
102187,20,1,24805.174904723877,142,2
102188,9,2,40821.37227298903,146,1
102189,18,1,75727.27158985987,142,2
102190,16,2,22940.741676090314,139,2
102191,58,1,23056.327773424586,139,2
102192,65,1,93317.14754291014,140,1
102193,36,1,20812.612967363588,143,1
102194,36,2,48208.995059695786,142,2
102195,0,1,5895.84517673231,135,2
102196,38,2,106978.05421058144,142,2
102197,11,2,12071.294676909662,143,2
102198,63,2,17744.14507907701,135,1
102199,57,1,74080.85684771932,143,2
102200,11,2,22891.149341846696,139,2
102201,47,2,14245.189910562802,144,2
102202,23,2,21774.546655921153,141,2
102203,64,2,0.0,136,1
102204,49,2,111609.79030258075,142,1
102205,9,2,7995.378230358771,135,2
102206,9,1,24638.092251007663,146,1
102207,42,1,28349.57610375867,136,1
102208,14,2,22463.15778268952,141,2
102209,5,2,0.0,135,2
102210,68,1,17551.645688644006,137,2
102211,37,1,30121.201431996797,135,2
102212,31,2,57915.94738006536,141,1
102213,13,2,0.0,148,2
102214,77,2,24696.77681073171,136,1
102215,48,1,178221.62416146175,146,1
102216,1,2,25862.88042282345,145,1
102217,27,1,57406.269716542,144,1
102218,48,2,16582.44656803708,138,1
102219,54,1,19762.637282181357,145,2
102220,0,2,12221.72165011937,135,1
102221,38,1,27642.450150082,141,2
102222,7,1,0.0,147,1
102223,36,2,109810.26464917617,138,1
102224,19,1,13294.897018440744,135,2
102225,41,1,156305.0813438014,140,2
102226,26,1,55350.91897234465,134,2
102227,8,2,14052.561801568529,147,1
102228,11,2,13773.87620121122,135,2
102229,57,1,22145.357672052578,135,2
102230,3,1,16910.332382339966,139,1
102231,15,2,20841.878269400742,144,2
102232,22,1,36534.92407198067,134,2
102233,5,1,34509.33864605483,140,1
102234,41,1,37423.403370985565,139,2
102235,11,2,32991.55806812508,145,1
102236,5,2,21713.000114700877,137,2
102237,2,2,7122.0690643209655,148,2
102238,49,2,37858.472466356034,135,1
102239,23,1,38145.53496838616,137,2
102240,60,1,221691.6627843301,139,1
102241,80,2,17931.370006138346,146,1
102242,23,1,88578.72492746216,142,2
102243,60,1,11436.10757916374,139,1
102244,42,1,10615.735405307061,147,1
102245,64,2,58286.57653736171,142,2
102246,0,2,8272.69108506567,135,2
102247,0,2,12629.315497599293,137,2
102248,48,1,15385.95107054537,137,1
102249,22,1,78483.78212458939,147,2
102250,34,1,122513.76772296893,141,2
102251,75,1,21376.215624915632,148,1
102252,10,2,19436.886713331973,138,1
102253,6,2,27036.739360301275,142,2
102254,38,2,73211.69702363806,144,2
102255,24,2,195265.93204990364,145,2
102256,40,1,51667.28221810601,138,2
102257,1,2,10021.327576769345,147,1
102258,51,2,58673.96065417294,144,2
102259,56,2,50543.40225658134,136,1
102260,65,2,93859.112778794,139,2
102261,12,2,18012.108494436263,139,2
102262,13,2,9755.762877094498,136,1
102263,79,1,21961.56624737613,137,2
102264,18,2,25523.56183967331,138,2
102265,34,1,40704.244805519826,144,1
102266,70,2,19801.579564990043,139,1
102267,77,2,19971.54142941021,144,1
102268,10,2,17756.436942972166,137,1
102269,54,2,20789.78075030397,145,1
102270,16,1,17031.62842154306,135,2
102271,79,1,21069.09866905702,134,2
102272,26,2,24207.54285881223,140,2
102273,3,1,0.0,143,1
102274,14,1,52655.64596295846,142,2
102275,13,2,15861.14087710689,147,1
102276,79,2,20123.24114039138,144,2
102277,7,2,15177.426765289929,143,1
102278,36,2,32027.372994645146,137,2
102279,38,1,52061.52479260475,135,1
102280,0,1,15887.5513952147,146,1
102281,54,2,20352.922998340746,148,1
102282,0,2,6740.173923961274,148,1
102283,22,2,12674.61181759117,146,2
102284,18,1,109302.91744836487,137,1
102285,37,1,26086.89342645671,144,1
102286,0,1,8577.755484991096,142,1
102287,17,1,21529.79010324567,143,2
102288,32,1,19736.56376874337,138,2
102289,18,2,11783.338422235956,147,1
102290,5,2,31285.43150632354,146,1
102291,6,1,0.0,148,2
102292,6,2,56201.022116676584,134,2
102293,4,2,26264.229261633925,141,2
102294,17,2,132903.06115987472,139,1
102295,1,1,9946.239290977639,140,2
102296,62,2,15843.722403789452,139,1
102297,14,1,74639.61978246912,140,1
102298,19,2,24638.91130363574,143,1
102299,12,2,16229.328382790116,136,2
102300,74,1,7549.444634327819,139,2
102301,78,1,12941.606070600586,138,1
102302,40,2,26327.417903774734,144,2
102303,8,2,19764.55820593738,147,2
102304,6,2,56396.38176783299,142,2
102305,13,1,17259.122227919863,141,2
102306,71,1,16488.847074513276,143,2
102307,79,2,88192.96994151606,142,2
102308,2,1,47965.024892360176,142,2
102309,55,2,212585.05745839112,138,2
102310,6,2,0.0,143,2
102311,33,1,115816.90517036399,138,2
102312,16,2,16747.2321927531,141,2
102313,80,1,13830.811046899697,146,2
102314,13,1,54514.38926457732,139,2
102315,39,2,13873.405468798777,136,2
102316,14,1,19386.681269232326,139,2
102317,59,1,36755.851980987616,142,1
102318,69,2,0.0,139,2
102319,5,1,51839.3677844128,141,2
102320,63,2,15883.384068336398,136,2
102321,56,1,28622.16412897445,142,2
102322,45,1,31949.019819656285,143,2
102323,19,2,25196.272231725194,141,2
102324,28,2,58868.3577951692,136,2
102325,7,2,12258.649998898738,139,1
102326,72,2,17884.33716215334,134,2
102327,16,1,16873.852425344314,138,1
102328,80,2,26982.556016791437,135,1
102329,72,1,10604.399573675004,140,1
102330,18,1,28974.731098801258,141,2
102331,53,1,22886.612153548893,137,1
102332,5,1,14687.090696674815,143,1
102333,50,2,11434.872767300696,147,1
102334,25,1,45545.595518431175,146,1
102335,18,1,6219.935180393818,135,1
102336,33,1,233972.4058497311,144,1
102337,68,1,9780.769325283754,146,2
102338,54,1,270740.37180194206,138,2
102339,16,2,24711.099979020775,134,2
102340,33,1,64172.79061316652,146,1
102341,39,2,189073.83297244197,145,2
102342,52,1,40944.68255221975,137,1
102343,56,1,0.0,136,2
102344,34,2,8108.448515777758,137,1
102345,39,2,28658.306630453095,147,1
102346,37,2,38278.90807697879,147,2
102347,40,1,0.0,135,2
102348,27,2,47988.99597533751,148,2
102349,67,2,17962.95834959919,138,1
102350,36,1,25243.578240380277,147,1
102351,4,2,10740.148025766777,137,1
102352,31,1,48829.75066237369,146,1
102353,64,1,25332.071686383362,146,1
102354,11,1,31039.435599591176,139,2
102355,33,1,11738.32125008897,136,1
102356,22,1,57879.16302041276,134,2
102357,3,2,18902.11388091498,141,2
102358,31,2,11023.256680058632,135,2
102359,39,2,39917.642455224886,141,1
102360,28,2,12302.6706633786,144,2
102361,31,1,58870.88967840405,142,2
102362,80,1,56232.678572690456,146,1
102363,22,1,0.0,139,1
102364,33,2,109627.91624476874,141,1
102365,75,1,7466.7926004048,140,1
102366,18,2,27727.875500043752,146,1
102367,66,2,12180.431706893942,136,2
102368,67,1,156482.90301497147,147,2
102369,42,2,27560.905931542624,138,1
102370,80,2,25925.83057023062,142,1
102371,54,1,30752.223282804203,134,2
102372,80,1,8485.36911871169,139,2
102373,31,1,26532.021493001896,142,2
102374,5,2,0.0,147,2
102375,4,2,21789.880569517594,143,1
102376,11,2,17089.131008610297,146,1
102377,59,2,17686.058567495358,137,2
102378,40,2,9688.185081131092,148,2
102379,71,2,21062.38943905068,138,2
102380,26,2,44505.43174917472,144,1
102381,42,1,27284.200102626535,147,2
102382,44,1,37136.69163511592,137,2
102383,26,2,31938.139846346578,144,2
102384,9,1,29445.515219199686,139,1
102385,15,1,7015.065601787503,142,1
102386,27,2,11061.485807605211,142,2
102387,68,1,24376.925853483102,139,1
102388,2,1,42566.61474982092,143,1
102389,71,2,11623.454082555305,145,2
102390,3,1,0.0,147,1
102391,31,1,24004.22505477906,134,2
102392,80,2,23987.38789460944,139,2
102393,20,2,81276.41388263393,139,1
102394,14,2,30892.47102688963,142,1
102395,25,1,61981.572262444,140,1
102396,45,1,41979.91468297547,135,1
102397,73,2,117835.4613481183,141,1
102398,6,1,0.0,142,2
102399,80,1,15666.072208071235,134,1
102400,42,1,58120.20606247699,140,2
102401,44,2,31046.153108931863,139,1
102402,9,1,10392.769684887015,134,1
102403,7,1,9827.08468882314,137,1
102404,16,1,65404.68369673622,141,1
102405,49,1,82679.41525405973,136,2
102406,11,1,16495.07399244727,140,1
102407,75,2,76745.84060703582,135,1
102408,7,1,19572.564274471788,143,1
102409,2,1,9946.239290977639,140,2
102410,44,1,97707.20011571638,140,2
102411,80,1,43005.02196887118,143,2
102412,11,1,15551.968147973443,135,1
102413,9,1,7154.274736872731,145,1
102414,19,1,33867.47083128989,146,1
102415,54,2,11613.951797159485,136,2
102416,19,2,55886.39218477425,148,2
102417,62,2,0.0,134,1
102418,63,1,75500.50944772479,139,2
102419,32,1,28754.97206589668,138,2
102420,70,2,10728.367548913398,137,1
102421,57,2,29402.803485765922,138,1
102422,3,1,0.0,135,1
102423,62,2,12110.931311304548,145,2
102424,37,1,31960.535113472157,137,1
102425,33,1,34988.4804019782,145,2
102426,10,1,8306.06535343644,138,1
102427,63,1,8957.293197237153,137,1
102428,41,1,29498.405233583657,141,2
102429,38,2,37655.72187392177,146,1
102430,4,2,0.0,136,1
102431,19,1,22136.776695550925,145,1
102432,33,1,22317.36717299476,141,2
102433,15,1,22722.22987287811,144,1
102434,44,2,33245.420687696,141,1
102435,9,2,5350.782014467101,139,2
102436,56,2,87309.13482668878,141,2
102437,3,1,21289.75439571145,146,1
102438,11,1,0.0,140,1
102439,5,2,13094.486124968536,147,1
102440,16,2,11121.681832983002,138,1
102441,13,2,64524.35056259942,141,2
102442,62,2,109905.3329077326,134,1
102443,56,2,43282.35925686896,134,2
102444,58,1,93072.66156932253,146,2
102445,80,2,14821.371461975,135,2
102446,0,2,8248.863047621833,143,1
102447,79,2,14260.866046896597,134,1
102448,3,1,10718.900205678938,144,1
102449,1,2,0.0,141,2
102450,39,1,83160.35941888575,139,2
102451,1,1,13360.228168093634,140,1
102452,60,2,30434.87856831227,140,2
102453,13,1,19968.867641747773,134,1
102454,34,2,52282.65363508524,143,2
102455,66,1,11120.9686845423,147,1
102456,29,2,24154.204530958454,141,2
102457,58,1,120265.00495636804,144,2
102458,34,1,55926.25964109377,144,1
102459,9,2,21492.4933745914,139,2
102460,25,2,100184.04237201228,143,1
102461,28,2,21135.658925526655,143,1
102462,5,1,25723.879093901614,144,2
102463,15,1,21860.026592862938,135,1
102464,46,1,128501.41524222936,140,1
102465,79,1,23183.732575791004,136,1
102466,34,1,281761.67505697167,134,2
102467,58,2,36780.062679938346,141,1
102468,16,2,18928.384979271446,143,1
102469,33,1,83257.31102090016,146,1
102470,0,1,18435.419448214558,134,2
102471,62,2,13748.688522913224,134,1
102472,41,1,20356.20638342875,134,2
102473,41,2,34126.08619708562,143,2
102474,52,2,23266.116377467435,134,1
102475,38,1,23836.89971700204,148,2
102476,12,2,28445.885216958806,139,1
102477,1,1,55265.171535992435,144,2
102478,60,1,9949.222095534678,147,1
102479,29,2,0.0,139,2
102480,77,1,14119.188265073657,144,1
102481,9,2,14207.523770927593,139,2
102482,36,1,99398.25460128376,140,1
102483,60,2,31914.423062241327,142,1
102484,9,2,15177.426765289929,143,1
102485,80,1,0.0,143,1
102486,21,2,44143.89433341841,136,1
102487,19,2,13545.665971634478,138,2
102488,29,1,23874.035083025265,137,1
102489,73,1,81340.05285995259,138,1
102490,71,2,19861.027116059282,136,1
102491,0,1,0.0,146,1
102492,31,1,21789.654630663943,144,1
102493,79,1,10114.16779186094,141,2
102494,76,1,60744.18050472067,138,1
102495,33,1,30684.115099630795,145,1
102496,3,1,55574.11730092629,143,1
102497,75,1,48733.0344781894,142,1
102498,16,2,13545.665971634478,138,2
102499,10,2,16838.283094659015,139,2
102500,15,1,24755.148579646957,137,1
102501,45,1,25811.104579385697,141,2
102502,0,1,4289.006746834789,148,2
102503,3,1,58223.30498771345,146,1
102504,80,2,22382.074421596244,147,1
102505,38,1,25208.886864934415,147,2
102506,51,2,16785.281371290203,148,1
102507,24,1,63590.39058503627,148,2
102508,68,2,11388.462846048853,146,2
102509,62,1,6336.926784656867,136,2
102510,11,2,56969.73010906886,134,1
102511,5,2,0.0,143,2
102512,59,2,35090.02255543411,140,1
102513,15,2,26376.671822484128,139,2
102514,33,1,35626.9528348955,135,1
102515,56,1,75797.72835930853,134,2
102516,46,1,52214.91486691354,146,1
102517,63,2,22149.435224925506,136,1
102518,44,2,25257.659053269865,148,1
102519,0,2,8919.392596606365,143,1
102520,63,1,10699.757654801544,140,1
102521,8,2,26457.37778119743,140,1
102522,60,1,6898.043318489338,137,1
102523,0,1,7761.16243085246,140,1
102524,63,1,10624.455341705543,135,1
102525,47,1,0.0,137,1
102526,42,1,18694.295928603944,147,1
102527,0,2,27500.73147736441,142,2
102528,64,1,26569.880817639663,141,2
102529,80,1,22242.227059737485,144,2
102530,44,2,0.0,134,1
102531,10,2,9425.226293543461,134,2
102532,34,2,16550.0027525929,140,1
102533,55,1,30329.624923976502,141,2
102534,19,1,17259.122227919863,141,2
102535,4,1,11558.725328119184,136,2
102536,2,1,16727.847532804666,136,2
102537,1,2,14752.378850837777,140,2
102538,14,2,30195.805747131,144,1
102539,11,2,62255.0940747756,134,2
102540,10,2,15101.755083573564,138,1
102541,26,1,85412.59276885621,146,1
102542,66,2,8892.374315284014,148,1
102543,12,2,11313.729757616333,145,1
102544,80,1,13849.953513187942,142,2
102545,11,2,0.0,147,1
102546,41,1,13139.161868774943,137,1
102547,8,2,13871.829043168784,135,1
102548,28,2,40350.47198654717,141,1
102549,12,1,22343.886553093642,136,2
102550,9,1,13718.012512866542,138,1
102551,58,2,12660.252247674309,145,1
102552,9,2,11405.858654593449,148,2
102553,50,1,15368.284613946114,135,1
102554,66,1,33123.82591522524,135,1
102555,61,2,0.0,145,2
102556,50,1,22960.151899730467,140,1
102557,26,2,0.0,147,1
102558,0,2,7477.0526816026595,141,2
102559,53,1,24754.373897744783,136,2
102560,33,1,36588.4245569314,141,2
102561,9,1,9479.409880052419,147,1
102562,38,2,27796.617177452823,148,2
102563,0,1,4179.221239945199,147,1
102564,1,1,8136.933163989656,144,2
102565,5,1,40858.93993928754,142,2
102566,12,1,32156.98527685411,146,2
102567,7,1,13449.671085603008,148,2
102568,23,1,45546.38371726613,141,2
102569,3,2,28087.33592073815,145,1
102570,14,2,13480.9946103088,147,2
102571,10,2,11402.7717205307,142,2
102572,72,1,0.0,141,2
102573,54,1,26337.655653237638,147,2
102574,68,1,5057.077263633894,144,2
102575,13,1,76941.74159815254,142,2
102576,60,1,12041.970944984063,141,1
102577,15,1,19484.42031828596,137,1
102578,70,1,6353.1902969353905,144,1
102579,63,2,148635.65390749846,135,2
102580,25,2,38448.964914784236,144,2
102581,50,1,24869.95598403499,144,1
102582,15,2,28565.92985688819,146,2
102583,5,2,38334.56940616805,139,1
102584,61,1,0.0,145,1
102585,80,2,15130.865938785,136,2
102586,52,1,36455.58925946066,148,2
102587,5,2,0.0,146,2
102588,68,2,32932.20208713076,140,1
102589,24,2,21216.07906213248,145,2
102590,80,1,13309.62354815895,142,2
102591,59,2,139777.42876059443,143,2
102592,14,2,10269.54055516099,145,1
102593,39,1,23734.03048592038,137,1
102594,0,1,0.0,148,2
102595,18,2,56733.63490099663,135,1
102596,2,2,0.0,147,1
102597,70,2,8909.971551454079,139,2
102598,75,2,14793.450307377941,141,1
102599,15,2,10827.495021753948,137,1
102600,34,1,17147.07436379701,142,1
102601,8,2,11637.448949537638,141,1
102602,4,2,55140.83024477873,134,2
102603,4,2,8214.82994532764,136,2
102604,16,2,17685.93494524933,136,1
102605,57,2,21044.52268825064,138,1
102606,65,1,9686.745495732766,141,1
102607,17,2,62806.594828336325,145,1
102608,4,1,22807.522605963022,144,1
102609,80,2,27582.444540197936,142,1
102610,2,1,13994.317948412432,138,2
102611,64,1,44927.64023689251,135,2
102612,33,1,37015.46901315731,142,1
102613,17,1,18680.905836315742,147,2
102614,5,1,0.0,146,2
102615,79,1,16649.57366783117,135,2
102616,56,2,192084.53463047845,134,1
102617,63,2,118521.43060319545,143,2
102618,70,2,24083.679519503698,148,1
102619,61,2,261074.0496973659,139,1
102620,48,1,15875.29798316736,138,2
102621,32,2,23879.205656767725,146,2
102622,46,1,32686.334694341327,142,1
102623,66,1,27265.493029959936,144,2
102624,56,1,32740.64870553038,141,1
102625,33,1,21027.96206414405,141,1
102626,46,1,32544.78203403535,137,1
102627,11,2,35941.40313672722,146,1
102628,69,2,272498.88866307226,147,2
102629,73,2,35201.16787888489,134,2
102630,2,1,12660.871097668502,146,2
102631,22,1,33490.12972866911,138,1
102632,17,1,43992.7924681599,144,2
102633,41,2,14923.931929071,138,2
102634,80,1,27533.50984686657,144,1
102635,40,2,13769.396157867599,134,1
102636,18,1,16759.458053077444,144,1
102637,64,1,6162.882054289526,144,1
102638,26,2,128054.11579617382,143,1
102639,7,1,19783.00745166429,147,2
102640,11,2,16675.326033100184,147,2
102641,34,1,54215.69167248232,140,2
102642,44,2,26959.485796680245,138,2
102643,7,1,73905.73914169485,147,2
102644,53,1,142549.01957718667,139,2
102645,12,2,12643.411499525486,142,1
102646,11,2,22685.761774282517,143,2
102647,8,2,16580.38864752342,139,1
102648,33,1,20684.70285533567,142,2
102649,57,1,18902.354337668698,145,1
102650,66,2,68180.76032422138,139,2
102651,71,2,131495.30157217255,139,1
102652,13,1,12222.097946879101,144,1
102653,25,2,86149.55742143783,134,2
102654,5,1,45051.49557557461,136,2
102655,21,1,60583.51187746901,140,1
102656,36,2,15696.780447754114,138,2
102657,68,2,163857.5147029728,136,1
102658,9,1,84180.33973808745,134,2
102659,80,2,18359.47908775684,136,1
102660,19,2,34214.99551553813,136,2
102661,59,2,245535.95402196472,135,1
102662,12,2,73360.01589748626,142,2
102663,4,1,31044.271035889757,141,1
102664,51,1,26267.330298860998,134,2
102665,80,1,14113.976772797581,137,1
102666,44,2,121635.66967206597,145,1
102667,50,1,25235.491916441053,136,2
102668,39,2,30459.60233496209,140,1
102669,32,1,22896.657575799734,144,1
102670,0,2,8875.459405843247,137,1
102671,80,1,41610.35013256209,136,2
102672,21,2,42355.296020848844,141,1
102673,47,2,16010.992395293277,148,1
102674,26,1,99421.4931740693,142,1
102675,22,1,55226.658088357704,143,1
102676,22,1,21809.824561522015,135,2
102677,60,1,24796.520850081244,142,1
102678,6,1,13846.827047991324,146,1
102679,80,1,10522.606797105815,141,2
102680,80,1,20075.37606031769,146,2
102681,3,1,0.0,140,2
102682,33,2,19023.123052939416,148,2
102683,65,1,5720.081877158476,135,1
102684,34,1,18967.592399169396,138,2
102685,39,1,24113.426295831683,139,2
102686,51,2,35814.42594365804,142,2
102687,64,2,6199.661511301769,147,1
102688,53,2,26294.394085409163,142,1
102689,24,1,43563.920584432904,141,2
102690,9,1,10011.880333472662,147,1
102691,8,2,17021.684200907664,139,2
102692,12,1,13912.516579548317,135,2
102693,7,2,13808.01018364671,137,2
102694,55,2,60615.42585274795,138,1
102695,14,2,21921.649778485607,137,2
102696,67,1,18520.61365355158,136,1
102697,75,1,9072.698977693053,141,1
102698,14,1,38325.77125568426,134,1
102699,12,1,11935.43798188379,148,1
102700,24,1,0.0,134,1
102701,61,2,378202.77680522576,145,2
102702,75,1,53307.52290799119,147,1
102703,12,2,18771.34456518075,136,2
102704,52,2,103433.24818348531,139,2
102705,17,2,28577.421240176704,138,1
102706,40,1,19243.78741139012,138,2
102707,27,1,71118.58375708472,142,1
102708,80,1,17101.661031860112,139,2
102709,17,1,35710.07332878822,141,2
102710,73,2,23979.8601299758,139,2
102711,2,1,23123.149894307935,143,2
102712,8,2,6655.580920609833,135,2
102713,23,2,21932.319031145555,147,1
102714,14,1,34423.88022819639,144,2
102715,7,2,19484.26756179922,146,2
102716,13,1,20031.199224159805,137,2
102717,65,2,0.0,140,1
102718,20,1,22835.68002352861,136,2
102719,13,2,0.0,142,2
102720,59,1,138654.85575189168,142,1
102721,53,2,28303.633898694978,134,2
102722,62,2,5175.5835699430845,142,2
102723,63,2,13532.635352379764,148,1
102724,43,1,24900.237590949553,147,2
102725,16,2,20889.254910471413,140,1
102726,62,1,7446.067953679666,144,1
102727,8,1,34639.01506242264,134,1
102728,16,1,29322.268906106103,139,2
102729,61,2,71351.95847883633,139,2
102730,54,1,10346.826407402166,148,2
102731,80,1,12040.256417073797,139,2
102732,70,1,10484.073536825854,147,2
102733,61,1,9912.50603130148,146,2
102734,12,2,20236.479856531565,144,1
102735,17,2,15444.32699206018,145,2
102736,1,1,0.0,148,1
102737,50,2,39712.40317743159,143,2
102738,70,2,0.0,135,1
102739,3,2,0.0,144,2
102740,62,1,0.0,136,2
102741,18,2,13545.665971634478,138,2
102742,6,1,0.0,143,2
102743,45,1,55634.972264129,147,1
102744,7,2,10338.189987849346,138,2
102745,6,1,12294.109247089598,138,2
102746,23,1,179271.49919057585,143,2
102747,57,2,36501.635789917906,138,1
102748,9,1,13846.827047991324,146,1
102749,5,1,14547.848049160104,138,2
102750,50,1,20866.907035584572,137,1
102751,19,2,0.0,136,2
102752,1,2,16202.595848875315,146,2
102753,50,1,208037.73187475378,141,2
102754,50,1,27066.91153248032,138,2
102755,13,1,41179.838806702115,143,2
102756,34,1,53827.72322239298,141,2
102757,10,1,39998.58172369632,140,1
102758,46,2,18930.065720768736,138,1
102759,47,2,108370.33548593402,140,2
102760,0,2,19226.54014914016,135,2
102761,25,1,30441.33238298455,146,2
102762,20,1,59372.672266426685,136,1
102763,62,1,16698.950099117625,140,2
102764,0,1,15240.913873900477,141,2
102765,10,1,10282.88282145749,144,2
102766,46,2,11617.64868568536,144,2
102767,10,2,34059.2545779709,146,1
102768,49,1,290562.33800877514,139,1
102769,12,1,15612.60328656225,144,2
102770,12,2,26165.721190713866,135,2
102771,60,2,7590.272297778684,135,2
102772,56,1,21072.592637500482,139,2
102773,63,2,118085.3591574549,138,2
102774,2,2,11391.661582326771,147,1
102775,58,1,27229.414582457797,135,2
102776,35,1,69066.78634660343,145,1
102777,60,2,50365.04724791569,140,1
102778,67,2,4942.3732120612685,145,2
102779,57,1,202187.79356403145,143,2
102780,6,1,10696.785953975635,140,2
102781,24,1,11572.499348611838,135,2
102782,6,1,7768.108516266474,144,1
102783,52,2,8265.70314435897,138,1
102784,6,1,26296.213697565683,136,1
102785,54,2,185636.2381299713,140,2
102786,46,2,11395.889673371608,147,1
102787,4,1,19164.487461117198,146,1
102788,42,2,18356.942965388705,146,2
102789,61,1,5219.983526508835,142,2
102790,47,1,180872.85483289172,142,2
102791,61,1,11533.32173724881,142,2
102792,61,1,26101.60089482238,142,1
102793,30,2,34827.550688713935,142,1
102794,67,1,12522.591099436484,140,1
102795,4,1,13289.760343001031,139,2
102796,7,1,33994.66253890982,145,1
102797,20,1,28334.400605248728,134,2
102798,57,2,32982.32081241399,138,2
102799,62,2,19757.51185282239,146,1
102800,65,1,91624.54863468828,138,2
102801,58,2,22287.771635270008,146,2
102802,25,1,33100.43271115525,148,1
102803,9,2,6921.19814865212,145,1
102804,30,1,0.0,141,2
102805,60,1,9842.759420844925,139,1
102806,2,2,9301.405839119843,140,1
102807,79,1,9119.113914078842,138,1
102808,62,1,12284.046241976905,147,1
102809,24,1,49536.0762937503,143,2
102810,16,2,25768.46435208819,141,2
102811,41,2,25608.168993112555,135,2
102812,4,2,14019.92250057711,145,2
102813,0,1,16345.837459551449,142,1
102814,11,1,38925.152251521686,135,2
102815,80,1,7323.934818452054,142,1
102816,42,2,30852.0412805536,135,1
102817,2,1,15675.84424886314,139,2
102818,4,1,16507.393557990115,144,1
102819,48,2,157843.83441734978,139,2
102820,57,2,13073.908306032155,140,2
102821,35,2,25835.553511984443,134,2
102822,16,2,9705.620926111933,142,2
102823,55,2,80365.22968551016,147,2
102824,0,2,27549.76586055637,134,2
102825,80,2,0.0,145,2
102826,58,2,18431.56321369246,141,2
102827,14,1,32432.85369261212,142,1
102828,80,2,17527.993354583577,146,2
102829,2,1,23752.876056257475,139,2
102830,8,1,25727.854917532786,141,2
102831,51,2,13803.831787690513,143,1
102832,29,1,122278.1146814071,135,2
102833,25,1,29416.829329227327,135,2
102834,57,1,43702.63623998931,148,2
102835,67,2,14560.572022221273,134,2
102836,40,1,48907.330036741274,137,1
102837,19,2,20209.153952868037,146,1
102838,41,1,25010.65289404534,138,2
102839,1,1,30476.175860150397,142,1
102840,0,1,7768.780642884538,141,2
102841,78,1,16710.660592959,137,2
102842,7,1,11808.35788055992,143,2
102843,1,1,13484.952779178135,145,2
102844,2,1,16223.759435327594,135,2
102845,63,1,7620.631953504778,145,2
102846,61,2,235360.46681739952,145,2
102847,30,2,29572.608216522578,139,2
102848,1,1,13044.850198355529,139,2
102849,29,1,41803.05876673279,136,2
102850,54,1,61763.17986959355,134,2
102851,58,1,40904.643123424896,135,2
102852,10,2,21888.146361223764,144,2
102853,45,1,17346.094634324723,139,2
102854,45,1,13318.976884868827,148,2
102855,61,1,9374.381689537242,148,2
102856,80,1,25684.104262345696,134,2
102857,14,2,20950.161345067798,136,2
102858,36,1,27165.030273597447,140,2
102859,8,2,17149.079038183212,143,2
102860,63,1,10302.849683151377,137,1
102861,41,2,71692.31587518823,136,1
102862,0,2,10461.233335144627,147,2
102863,61,2,8859.171891909675,148,2
102864,8,1,11569.538586861632,141,2
102865,44,2,121635.66967206597,145,1
102866,73,2,129217.18263171852,145,2
102867,17,1,9803.049049802126,138,2
102868,70,2,13375.612627884053,134,1
102869,67,1,26827.000336959478,142,1
102870,51,2,16356.717360960887,137,1
102871,80,2,17645.133308830707,134,2
102872,44,2,41690.43328879859,143,1
102873,66,1,11596.338572075141,143,2
102874,3,1,0.0,141,2
102875,61,1,18617.544673695058,139,1
102876,65,1,21248.633224147234,135,2
102877,17,2,33608.10785966924,135,2
102878,61,1,8348.967212933014,135,2
102879,21,1,96784.54196711566,139,2
102880,51,2,17086.936760688564,138,2
102881,4,1,12436.549050607047,136,1
102882,8,1,30648.248139707834,146,1
102883,80,1,31959.234641248822,138,1
102884,32,1,83354.70555944336,135,1
102885,37,2,21268.967902026383,145,2
102886,50,2,27705.045760620804,134,2
102887,60,2,7779.675759259114,141,1
102888,5,1,0.0,147,2
102889,47,1,30572.216364683998,140,2
102890,80,1,9244.176686225499,135,2
102891,9,1,19367.86797576807,137,1
102892,42,2,27521.743804595193,135,1
102893,44,2,80576.88233746255,145,1
102894,26,1,19159.767875582642,140,1
102895,43,1,20351.324921565414,146,1
102896,3,1,10043.893711859377,145,2
102897,1,1,24672.14499665733,146,1
102898,10,1,10809.737305756631,145,1
102899,20,2,92017.80160879083,148,2
102900,6,1,17388.915051362463,139,1
102901,66,1,16068.046328080869,144,1
102902,1,1,0.0,141,2
102903,20,2,46481.735403879786,145,1
102904,75,2,117354.99933329233,143,1
102905,13,2,107664.08850998094,146,2
102906,9,1,69542.8662417,147,2
102907,47,2,9813.61444477998,147,1
102908,51,1,36705.96872271898,145,1
102909,12,1,86607.75585397864,142,2
102910,71,1,7549.444634327819,139,2
102911,55,2,32216.81455518033,142,2
102912,11,2,31666.87129159437,142,1
102913,39,2,179356.53473965975,139,1
102914,73,2,20155.919483442853,134,2
102915,14,2,17851.481584390025,139,1
102916,66,1,7537.752627943158,137,1
102917,61,2,25728.192802648682,141,1
102918,33,1,34809.05813353648,143,2
102919,0,1,20475.474092280947,147,2
102920,62,2,27655.104564422876,137,1
102921,53,1,23448.025770408614,135,2
102922,31,1,39386.16453156345,137,1
102923,43,2,66729.30108653603,139,1
102924,75,2,90160.26233852764,139,1
102925,3,1,67619.87066338824,143,2
102926,15,2,151808.45978584705,144,2
102927,0,1,18159.006342380195,143,1
102928,0,1,0.0,147,2
102929,60,1,9980.888534826214,146,2
102930,2,2,13341.383705408136,144,1
102931,11,2,0.0,141,2
102932,3,2,38161.81745028804,143,1
102933,24,2,18753.007678202353,144,1
102934,48,1,15112.042498724766,147,2
102935,27,2,159563.70433897868,139,1
102936,1,1,7500.178594179905,135,2
102937,4,2,42618.82288690881,146,1
102938,5,2,23804.19461055462,141,1
102939,2,2,10428.752877467381,139,1
102940,77,2,0.0,143,2
102941,14,2,19672.950975415635,148,1
102942,0,2,15574.93114318013,147,1
102943,48,2,29519.81890608458,148,1
102944,55,1,22162.925914161293,136,2
102945,15,1,23965.62981401365,146,2
102946,65,1,9451.752486855854,135,2
102947,75,1,13563.956261169642,137,2
102948,31,2,129144.34773512845,141,1
102949,33,1,30287.188730513393,139,2
102950,64,1,0.0,136,2
102951,4,1,35591.30959726815,142,1
102952,70,2,18338.711104024176,138,2
102953,42,1,63661.95157344447,137,2
102954,41,2,17694.78334581792,144,1
102955,14,2,14871.83963566592,136,1
102956,38,1,39426.29994756593,142,1
